"CutConfig","Name","SourceLibrary","Type","Diameter_mm","Flutes","FluteLen_mm","LenBelowHolder_mm","CornerRad_mm","OAL_mm","Material"
"Aluminum (Metric)","40mm 6F Face","Aluminium Metric Tools","face mill","40","6","6","50","0","130","carbide"
"Aluminum (Metric)","12mm 3F Bull  R0.75","Aluminium Metric Tools","bull nose end mill","12","3","25","45","0.75","70","carbide"
"Aluminum (Metric)","12mm 5F Flat","Aluminium Metric Tools","flat end mill","12","5","50","60",,"102","carbide"
"Aluminum (Metric)","8mm 3F Bull  R0.5","Aluminium Metric Tools","bull nose end mill","8","3","22","35","0.5","70","carbide"
"Aluminum (Metric)","8mm 5F Flat","Aluminium Metric Tools","flat end mill","8","5","20","35",,"70","carbide"
"Aluminum (Metric)","5mm 3F Bull  R0.25","Aluminium Metric Tools","bull nose end mill","5","3","12","20","0.25","50","carbide"
"Aluminum (Metric)","5mm 4F Flat","Aluminium Metric Tools","flat end mill","5","4","16","25",,"50","carbide"
"Aluminum (Metric)","3mm 3F Flat","Aluminium Metric Tools","flat end mill","3","3","8","15",,"35","carbide"
"Aluminum (Metric)","1.5mm 2F Flat","Aluminium Metric Tools","flat end mill","1.5","2","3","10",,"40","carbide"
"Aluminum (Metric)","10mm 3F Ball","Aluminium Metric Tools","ball end mill","10","3","20","40",,"70","carbide"
"Aluminum (Metric)","6mm 4F Ball","Aluminium Metric Tools","ball end mill","6","4","12","25",,"42","carbide"
"Aluminum (Metric)","3mm 3F Ball","Aluminium Metric Tools","ball end mill","3","3","5","15",,"31","carbide"
"Aluminum (Metric)","6mm 4F Chamfer  41??","Aluminium Metric Tools","chamfer mill","6","4","3","18",,"55","ti coated"
"Aluminum (Metric)","8mm 4F Chamfer  45??","Aluminium Metric Tools","chamfer mill","8","4","4","20",,"55","ti coated"
"Aluminum (Metric)","16mm Countersink 82??","Countersinks (Metric)","counter sink","16","3","6","25",,"50","carbide"
"Aluminum (Metric)","16mm Countersink 90??","Countersinks (Metric)","counter sink","16","3","6","25",,"50","carbide"
"Aluminum (Metric)","14mm Countersink 90??","Countersinks (Metric)","counter sink","14","4","7","25",,"50","carbide"
"Aluminum (Metric)","14mm Countersink 90??","Countersinks (Metric)","counter sink","14","3","5","25",,"50","carbide"
"Aluminum (Metric)","12mm Countersink 82??","Countersinks (Metric)","counter sink","12","4","4","25",,"50","carbide"
"Aluminum (Metric)","12mm Countersink 90??","Countersinks (Metric)","counter sink","12","3","4","25",,"50","carbide"
"Aluminum (Metric)","12mm Countersink 120??","Countersinks (Metric)","counter sink","12","4","3.4","25",,"50","carbide"
"Aluminum (Metric)","10mm Countersink 90??","Countersinks (Metric)","counter sink","10","4","5","25",,"50","carbide"
"Aluminum (Metric)","10mm Countersink 90??","Countersinks (Metric)","counter sink","10","3","3","25",,"50","carbide"
"Aluminum (Metric)","10mm Countersink 82??","Countersinks (Metric)","counter sink","10","4","5","25",,"50","carbide"
"Aluminum (Metric)","10mm Countersink 120??","Countersinks (Metric)","counter sink","10","4","2.8","25",,"50","carbide"
"Aluminum (Metric)","8mm Countersink 90??","Countersinks (Metric)","counter sink","8","4","4","25",,"50","carbide"
"Aluminum (Metric)","8mm Countersink 120??","Countersinks (Metric)","counter sink","8","4","2.3","25",,"50","carbide"
"Aluminum (Metric)","6mm Countersink 90??","Countersinks (Metric)","counter sink","6","4","3","25",,"50","carbide"
"Aluminum (Metric)","6mm Countersink 82??","Countersinks (Metric)","counter sink","6","4","3","25",,"50","carbide"
"Aluminum (Metric)","6mm Countersink 120??","Countersinks (Metric)","counter sink","6","4","1.7","25",,"50","carbide"
"Aluminum (Metric)","3mm Countersink 90??","Countersinks (Metric)","counter sink","3","4","1.5","15",,"40","carbide"
"Aluminum (Metric)","3mm Countersink 82??","Countersinks (Metric)","counter sink","3","4","2.5","15",,"40","carbide"
"Aluminum (Metric)","Harvey 0.06"" 3F Ball","Harvey General Use Endmills 3 Flute","ball end mill","0.06","3","0.09","1.5",,"2.5","carbide"
"Aluminum (Metric)","Harvey 0.01"" 3F Ball","Harvey General Use Endmills 3 Flute","ball end mill","0.01","3","0.05","0.36308",,"2.5","carbide"
"Aluminum (Metric)","Harvey 0.093"" 3F Bull R0.01","Harvey General Use Endmills 3 Flute","bull nose end mill","0.093","3","0.279","0.36921","0.01","1.5","carbide"
"Aluminum (Metric)","Harvey 0.06"" 3F Ball","Harvey General Use Endmills 3 Flute","ball end mill","0.06","3","0.09","1.5",,"2.5","carbide"
"Aluminum (Metric)","Harvey 0.035"" 3F Flat","Harvey General Use Endmills 3 Flute","flat end mill","0.035","3","0.35","0.509",,"2.5","carbide"
"Aluminum (Metric)","Harvey 0.093"" 3F Bull R0.012","Harvey General Use Endmills 3 Flute","bull nose end mill","0.093","3","0.139","0.62052","0.012","2.5","carbide"
"Aluminum (Metric)","Harvey 0.017"" 3F Flat","Harvey General Use Endmills 3 Flute","flat end mill","0.017","3","0.051","0.20703",,"1.5","carbide"
"Aluminum (Metric)","Harvey 0.016"" 3F Flat","Harvey General Use Endmills 3 Flute","flat end mill","0.016","3","0.048","0.2049",,"1.5","carbide"
"Aluminum (Metric)","Harvey 1/8"" 3F Bull R0.03","Harvey General Use Endmills 3 Flute","bull nose end mill","0.125","3","0.187","1.06596","0.03","2.5","carbide"
"Aluminum (Metric)","Harvey 0.03"" 3F Ball","Harvey General Use Endmills 3 Flute","ball end mill","0.03","3","0.15","0.52878",,"2.5","carbide"
"Aluminum (Metric)","Harvey 0.055"" 3F Ball","Harvey General Use Endmills 3 Flute","ball end mill","0.055","3","0.275","0.41256",,"2.5","carbide"
"Aluminum (Metric)","Harvey 5/64"" 3F Flat","Harvey General Use Endmills 3 Flute","flat end mill","0.078","3","0.475","0.5879",,"2.5","carbide"
"Aluminum (Metric)","Harvey 0.02"" 3F Flat","Harvey General Use Endmills 3 Flute","flat end mill","0.02","3","0.03","0.32576",,"2.5","carbide"
"Aluminum (Metric)","Harvey 7/32"" 3F Flat","Harvey General Use Endmills 3 Flute","flat end mill","0.2187","3","0.33","1.93736",,"4","carbide"
"Aluminum (Metric)","Harvey 0.08"" 3F Bull R0.005","Harvey General Use Endmills 3 Flute","bull nose end mill","0.08","3","0.12","0.54904","0.005","2.5","carbide"
"Aluminum (Metric)","Harvey 0.09"" 3F Flat","Harvey General Use Endmills 3 Flute","flat end mill","0.09","3","0.75","1.37572",,"2.5","carbide"
"Aluminum (Metric)","Harvey 1/16"" 3F Bull R0.02","Harvey General Use Endmills 3 Flute","bull nose end mill","0.062","3","0.093","0.67422","0.02","2.5","carbide"
"Aluminum (Metric)","Harvey 0.06"" 3F Flat","Harvey General Use Endmills 3 Flute","flat end mill","0.06","3","0.09","0.89768",,"2.5","carbide"
"Aluminum (Metric)","Harvey 3/16"" 3F Bull R0.01","Harvey General Use Endmills 3 Flute","bull nose end mill","0.1875","3","0.281","1.09765","0.01","3","carbide"
"Aluminum (Metric)","Harvey 0.02"" 3F Flat","Harvey General Use Endmills 3 Flute","flat end mill","0.02","3","0.2","0.37509",,"2.5","carbide"
"Aluminum (Metric)","Harvey 0.045"" 3F Flat","Harvey General Use Endmills 3 Flute","flat end mill","0.045","3","0.067","0.19878",,"1.5","carbide"
"Aluminum (Metric)","Harvey 5/64"" 3F Flat","Harvey General Use Endmills 3 Flute","flat end mill","0.078","3","0.117","0.3805",,"2.5","carbide"
"Aluminum (Metric)","Harvey 0.118"" 3F Flat","Harvey General Use Endmills 3 Flute","flat end mill","0.118","3","0.177","0.70222",,"2.5","carbide"
"Aluminum (Metric)","Harvey 0.01"" 3F Flat","Harvey General Use Endmills 3 Flute","flat end mill","0.01","3","0.015","0.17709",,"1.5","carbide"
"Aluminum (Metric)","Harvey 0.109"" 3F Flat","Harvey General Use Endmills 3 Flute","flat end mill","0.109","3","0.163","1.40482",,"3","carbide"
"Aluminum (Metric)","Harvey 0.03"" 3F Flat","Harvey General Use Endmills 3 Flute","flat end mill","0.03","3","0.045","0.18977",,"1.5","carbide"
"Aluminum (Metric)","Harvey 0.055"" 3F Flat","Harvey General Use Endmills 3 Flute","flat end mill","0.055","3","0.385","0.95634",,"2.5","carbide"
"Aluminum (Metric)","Harvey 0.015"" 3F Flat","Harvey General Use Endmills 3 Flute","flat end mill","0.015","3","0.045","0.20276",,"1.5","carbide"
"Aluminum (Metric)","Harvey 0.06"" 3F Bull R0.01","Harvey General Use Endmills 3 Flute","bull nose end mill","0.06","3","0.09","0.48968","0.01","2.5","carbide"
"Aluminum (Metric)","Harvey 0.015"" 3F Flat","Harvey General Use Endmills 3 Flute","flat end mill","0.015","3","0.022","0.47942",,"2.5","carbide"
"Aluminum (Metric)","Harvey 0.25"" 3F Bull R0.01","Harvey General Use Endmills 3 Flute","bull nose end mill","0.25","3","0.375","1.37846","0.01","4","carbide"
"Aluminum (Metric)","Harvey 0.035"" 3F Flat","Harvey General Use Endmills 3 Flute","flat end mill","0.035","3","0.281","0.44",,"2.5","carbide"
"Aluminum (Metric)","Harvey 0.013"" 3F Flat","Harvey General Use Endmills 3 Flute","flat end mill","0.013","3","0.019","0.32288",,"2.5","carbide"
"Aluminum (Metric)","Harvey 0.065"" 3F Flat","Harvey General Use Endmills 3 Flute","flat end mill","0.065","3","0.097","0.96902",,"2.5","carbide"
"Aluminum (Metric)","Harvey 1/8"" 3F Bull R0.01","Harvey General Use Endmills 3 Flute","bull nose end mill","0.125","3","0.187","1.56596","0.01","3","carbide"
"Aluminum (Metric)","Harvey 0.055"" 3F Flat","Harvey General Use Endmills 3 Flute","flat end mill","0.055","3","0.082","0.51634",,"2.5","carbide"
"Aluminum (Metric)","Harvey 3/16"" 3F Bull R0.008","Harvey General Use Endmills 3 Flute","bull nose end mill","0.1875","3","0.625","0.71875","0.008","2","carbide"
"Aluminum (Metric)","Harvey 0.08"" 3F Flat","Harvey General Use Endmills 3 Flute","flat end mill","0.08","3","0.75","1.39304",,"2.5","carbide"
"Aluminum (Metric)","Harvey 5/32"" 3F Bull R0.03","Harvey General Use Endmills 3 Flute","bull nose end mill","0.1562","3","0.562","0.6714","0.03","2","carbide"
"Aluminum (Metric)","Harvey 0.08"" 3F Ball","Harvey General Use Endmills 3 Flute","ball end mill","0.08","3","0.12","0.26647",,"1.5","carbide"
"Aluminum (Metric)","Harvey 0.065"" 3F Flat","Harvey General Use Endmills 3 Flute","flat end mill","0.065","3","0.098","0.69902",,"2.5","carbide"
"Aluminum (Metric)","Harvey 0.017"" 3F Flat","Harvey General Use Endmills 3 Flute","flat end mill","0.017","3","0.026","0.38694",,"2.5","carbide"
"Aluminum (Metric)","Harvey 0.015"" 3F Ball","Harvey General Use Endmills 3 Flute","ball end mill","0.015","3","0.023","0.34742",,"2.5","carbide"
"Aluminum (Metric)","Harvey 0.25"" 3F Bull R0.015","Harvey General Use Endmills 3 Flute","bull nose end mill","0.25","3","0.75","0.875","0.015","2.5","carbide"
"Aluminum (Metric)","Harvey 0.07"" 3F Flat","Harvey General Use Endmills 3 Flute","flat end mill","0.07","3","0.85","0.97147",,"2.5","carbide"
"Aluminum (Metric)","Harvey 0.02"" 3F Flat","Harvey General Use Endmills 3 Flute","flat end mill","0.02","3","0.03","0.8461",,"2.5","carbide"
"Aluminum (Metric)","Harvey 0.25"" 3F Flat","Harvey General Use Endmills 3 Flute","flat end mill","0.25","3","0.375","2.62846",,"4","carbide"
"Aluminum (Metric)","Harvey 0.25"" 3F Bull R0.045","Harvey General Use Endmills 3 Flute","bull nose end mill","0.25","3","0.375","1.37846","0.045","4","carbide"
"Aluminum (Metric)","Harvey 0.031"" 3F Bull R0.01","Harvey General Use Endmills 3 Flute","bull nose end mill","0.031","3","0.046","0.38304","0.01","2.5","carbide"
"Aluminum (Metric)","Harvey 0.027"" 3F Ball","Harvey General Use Endmills 3 Flute","ball end mill","0.027","3","0.041","0.44998",,"2.5","carbide"
"Aluminum (Metric)","Harvey 3/16"" 3F Ball","Harvey General Use Endmills 3 Flute","ball end mill","0.1875","3","0.625","0.71875",,"2","carbide"
"Aluminum (Metric)","Harvey 0.03"" 3F Flat","Harvey General Use Endmills 3 Flute","flat end mill","0.03","3","0.218","0.38236",,"2.5","carbide"
"Aluminum (Metric)","Harvey 0.093"" 3F Ball","Harvey General Use Endmills 3 Flute","ball end mill","0.093","3","0.139","1.99552",,"4","carbide"
"Aluminum (Metric)","Harvey 13/64"" 3F Flat","Harvey General Use Endmills 3 Flute","flat end mill","0.2031","3","0.312","1.83834",,"4","carbide"
"Aluminum (Metric)","Harvey 1/8"" 3F Flat","Harvey General Use Endmills 3 Flute","flat end mill","0.125","3","0.187","2.31596",,"4","carbide"
"Aluminum (Metric)","Harvey 0.031"" 3F Ball","Harvey General Use Endmills 3 Flute","ball end mill","0.031","3","0.046","0.53904",,"2.5","carbide"
"Aluminum (Metric)","Harvey 3/16"" 3F Bull R0.06","Harvey General Use Endmills 3 Flute","bull nose end mill","0.1875","3","0.625","0.71875","0.06","2","carbide"
"Aluminum (Metric)","Harvey 0.093"" 3F Bull R0.02","Harvey General Use Endmills 3 Flute","bull nose end mill","0.093","3","0.14","0.23021","0.02","1.5","carbide"
"Aluminum (Metric)","Harvey 0.047"" 3F Ball","Harvey General Use Endmills 3 Flute","ball end mill","0.047","3","0.25","0.7002",,"2.5","carbide"
"Aluminum (Metric)","Harvey 0.093"" 3F Flat","Harvey General Use Endmills 3 Flute","flat end mill","0.093","3","0.139","0.39952",,"2.5","carbide"
"Aluminum (Metric)","Harvey 0.014"" 3F Ball","Harvey General Use Endmills 3 Flute","ball end mill","0.014","3","0.021","0.36814",,"2.5","carbide"
"Aluminum (Metric)","Harvey 0.04"" 3F Flat","Harvey General Use Endmills 3 Flute","flat end mill","0.04","3","0.2","0.61232",,"2.5","carbide"
"Aluminum (Metric)","Harvey 5/32"" 3F Ball","Harvey General Use Endmills 3 Flute","ball end mill","0.1562","3","0.234","1.40523",,"3","carbide"
"Aluminum (Metric)","Harvey 1/16"" 3F Ball","Harvey General Use Endmills 3 Flute","ball end mill","0.062","3","0.093","0.36022",,"2.5","carbide"
"Aluminum (Metric)","Harvey 0.25"" 3F Bull R0.03","Harvey General Use Endmills 3 Flute","bull nose end mill","0.25","3","0.375","1.37846","0.03","4","carbide"
"Aluminum (Metric)","Harvey 0.093"" 3F Ball","Harvey General Use Endmills 3 Flute","ball end mill","0.093","3","0.67","0.76681",,"2.5","carbide"
"Aluminum (Metric)","Harvey 0.25"" 3F Flat","Harvey General Use Endmills 3 Flute","flat end mill","0.25","3","1.5","1.625",,"4","carbide"
"Aluminum (Metric)","Harvey 0.008"" 3F Flat","Harvey General Use Endmills 3 Flute","flat end mill","0.008","3","0.024","0.18782",,"1.5","carbide"
"Aluminum (Metric)","Harvey 0.015"" 3F Flat","Harvey General Use Endmills 3 Flute","flat end mill","0.015","3","0.022","0.34742",,"2.5","carbide"
"Aluminum (Metric)","Harvey 0.118"" 3F Flat","Harvey General Use Endmills 3 Flute","flat end mill","0.118","3","0.177","2.20222",,"4","carbide"
"Aluminum (Metric)","Harvey 0.105"" 3F Flat","Harvey General Use Endmills 3 Flute","flat end mill","0.105","3","0.158","0.94974",,"2.5","carbide"
"Aluminum (Metric)","Harvey 0.039"" 3F Flat","Harvey General Use Endmills 3 Flute","flat end mill","0.039","3","0.058","0.19498",,"1.5","carbide"
"Aluminum (Metric)","Harvey 0.031"" 3F Ball","Harvey General Use Endmills 3 Flute","ball end mill","0.031","3","0.047","0.35204",,"2.5","carbide"
"Aluminum (Metric)","Harvey 0.015"" 3F Flat","Harvey General Use Endmills 3 Flute","flat end mill","0.015","3","0.187","0.36745",,"2.5","carbide"
"Aluminum (Metric)","Harvey 0.25"" 3F Ball","Harvey General Use Endmills 3 Flute","ball end mill","0.25","3","1.5","2.1263",,"4","carbide"
"Aluminum (Metric)","Harvey 0.25"" 3F Ball","Harvey General Use Endmills 3 Flute","ball end mill","0.25","3","0.375","2.12846",,"4","carbide"
"Aluminum (Metric)","Harvey 1/8"" 3F Flat","Harvey General Use Endmills 3 Flute","flat end mill","0.125","3","0.187","1.56596",,"3","carbide"
"Aluminum (Metric)","Harvey 0.01"" 3F Flat","Harvey General Use Endmills 3 Flute","flat end mill","0.01","3","0.015","0.38808",,"2.5","carbide"
"Aluminum (Metric)","Harvey 5/64"" 3F Bull R0.015","Harvey General Use Endmills 3 Flute","bull nose end mill","0.078","3","0.117","0.5525","0.015","2.5","carbide"
"Aluminum (Metric)","Harvey 0.023"" 3F Ball","Harvey General Use Endmills 3 Flute","ball end mill","0.023","3","0.035","0.3559",,"2.5","carbide"
"Aluminum (Metric)","Harvey 0.02"" 3F Flat","Harvey General Use Endmills 3 Flute","flat end mill","0.02","3","0.03","0.44576",,"2.5","carbide"
"Aluminum (Metric)","Harvey 0.031"" 3F Flat","Harvey General Use Endmills 3 Flute","flat end mill","0.031","3","0.187","0.35029",,"2.5","carbide"
"Aluminum (Metric)","Harvey 0.06"" 3F Flat","Harvey General Use Endmills 3 Flute","flat end mill","0.06","3","0.09","0.20879",,"2.5","carbide"
"Aluminum (Metric)","Harvey 0.031"" 3F Flat","Harvey General Use Endmills 3 Flute","flat end mill","0.031","3","0.046","0.50804",,"2.5","carbide"
"Aluminum (Metric)","Harvey 0.015"" 3F Flat","Harvey General Use Endmills 3 Flute","flat end mill","0.015","3","0.093","0.27345",,"2.5","carbide"
"Aluminum (Metric)","Harvey 0.08"" 3F Flat","Harvey General Use Endmills 3 Flute","flat end mill","0.08","3","0.12","0.79304",,"2.5","carbide"
"Aluminum (Metric)","Harvey 1/16"" 3F Bull R0.015","Harvey General Use Endmills 3 Flute","bull nose end mill","0.062","3","0.093","0.48622","0.015","2.5","carbide"
"Aluminum (Metric)","Harvey 0.1"" 3F Flat","Harvey General Use Endmills 3 Flute","flat end mill","0.1","3","0.15","0.9084",,"2.5","carbide"
"Aluminum (Metric)","Harvey 0.015"" 3F Ball","Harvey General Use Endmills 3 Flute","ball end mill","0.015","3","0.023","0.36342",,"2.5","carbide"
"Aluminum (Metric)","Harvey 0.024"" 3F Flat","Harvey General Use Endmills 3 Flute","flat end mill","0.024","3","0.072","0.22197",,"1.5","carbide"
"Aluminum (Metric)","Harvey 0.085"" 3F Ball","Harvey General Use Endmills 3 Flute","ball end mill","0.085","3","0.127","0.55938",,"2.5","carbide"
"Aluminum (Metric)","Harvey 1/8"" 3F Ball","Harvey General Use Endmills 3 Flute","ball end mill","0.125","3","0.375","0.4375",,"1.5","carbide"
"Aluminum (Metric)","Harvey 0.05"" 3F Ball","Harvey General Use Endmills 3 Flute","ball end mill","0.05","3","0.15","0.35245",,"1.5","carbide"
"Aluminum (Metric)","Harvey 0.06"" 3F Flat","Harvey General Use Endmills 3 Flute","flat end mill","0.06","3","0.5","1.17768",,"2.5","carbide"
"Aluminum (Metric)","Harvey 0.031"" 3F Flat","Harvey General Use Endmills 3 Flute","flat end mill","0.031","3","0.047","0.38304",,"2.5","carbide"
"Aluminum (Metric)","Harvey 0.055"" 3F Flat","Harvey General Use Endmills 3 Flute","flat end mill","0.055","3","0.082","1.01134",,"2.5","carbide"
"Aluminum (Metric)","Harvey 1/8"" 3F Ball","Harvey General Use Endmills 3 Flute","ball end mill","0.125","3","0.75","0.8125",,"2.5","carbide"
"Aluminum (Metric)","Harvey 0.045"" 3F Flat","Harvey General Use Endmills 3 Flute","flat end mill","0.045","3","0.067","0.75366",,"2.5","carbide"
"Aluminum (Metric)","Harvey 0.045"" 3F Ball","Harvey General Use Endmills 3 Flute","ball end mill","0.045","3","0.067","0.75366",,"2.5","carbide"
"Aluminum (Metric)","Harvey 0.05"" 3F Flat","Harvey General Use Endmills 3 Flute","flat end mill","0.05","3","0.075","0.645",,"2.5","carbide"
"Aluminum (Metric)","Harvey 0.25"" 3F Bull R0.015","Harvey General Use Endmills 3 Flute","bull nose end mill","0.25","3","0.375","1.37846","0.015","4","carbide"
"Aluminum (Metric)","Harvey 0.109"" 3F Flat","Harvey General Use Endmills 3 Flute","flat end mill","0.109","3","0.9","0.97966",,"2.5","carbide"
"Aluminum (Metric)","Harvey 0.019"" 3F Flat","Harvey General Use Endmills 3 Flute","flat end mill","0.019","3","0.029","0.39948",,"2.5","carbide"
"Aluminum (Metric)","Harvey 0.031"" 3F Flat","Harvey General Use Endmills 3 Flute","flat end mill","0.031","3","0.046","0.79204",,"2.5","carbide"
"Aluminum (Metric)","Harvey 0.04"" 3F Flat","Harvey General Use Endmills 3 Flute","flat end mill","0.04","3","0.06","0.61232",,"2.5","carbide"
"Aluminum (Metric)","Harvey 0.25"" 3F Flat","Harvey General Use Endmills 3 Flute","flat end mill","0.25","3","0.375","0.5",,"4","carbide"
"Aluminum (Metric)","Harvey 1/8"" 3F Ball","Harvey General Use Endmills 3 Flute","ball end mill","0.125","3","0.187","3.81596",,"6","carbide"
"Aluminum (Metric)","Harvey 1/16"" 3F Flat","Harvey General Use Endmills 3 Flute","flat end mill","0.062","3","0.093","0.67422",,"2.5","carbide"
"Aluminum (Metric)","Harvey 0.065"" 3F Ball","Harvey General Use Endmills 3 Flute","ball end mill","0.065","3","0.097","0.49402",,"2.5","carbide"
"Aluminum (Metric)","Harvey 1/16"" 3F Flat","Harvey General Use Endmills 3 Flute","flat end mill","0.062","3","0.093","0.79922",,"2.5","carbide"
"Aluminum (Metric)","Harvey 0.035"" 3F Flat","Harvey General Use Endmills 3 Flute","flat end mill","0.035","3","0.052","0.74512",,"2.5","carbide"
"Aluminum (Metric)","Harvey 0.055"" 3F Ball","Harvey General Use Endmills 3 Flute","ball end mill","0.055","3","0.082","0.74634",,"2.5","carbide"
"Aluminum (Metric)","Harvey 0.25"" 3F Bull R0.04","Harvey General Use Endmills 3 Flute","bull nose end mill","0.25","3","0.75","0.875","0.04","2.5","carbide"
"Aluminum (Metric)","Harvey 0.03"" 3F Flat","Harvey General Use Endmills 3 Flute","flat end mill","0.03","3","0.045","0.54078",,"2.5","carbide"
"Aluminum (Metric)","Harvey 5/64"" 3F Flat","Harvey General Use Endmills 3 Flute","flat end mill","0.078","3","0.117","0.4585",,"2.5","carbide"
"Aluminum (Metric)","Harvey 0.031"" 3F Ball","Harvey General Use Endmills 3 Flute","ball end mill","0.031","3","0.047","0.41404",,"2.5","carbide"
"Aluminum (Metric)","Harvey 0.047"" 3F Flat","Harvey General Use Endmills 3 Flute","flat end mill","0.047","3","0.07","1.1502",,"2.5","carbide"
"Aluminum (Metric)","Harvey 0.035"" 3F Flat","Harvey General Use Endmills 3 Flute","flat end mill","0.035","3","0.052","0.32512",,"2.5","carbide"
"Aluminum (Metric)","Harvey 5/64"" 3F Ball","Harvey General Use Endmills 3 Flute","ball end mill","0.078","3","0.117","1.3335",,"2.5","carbide"
"Aluminum (Metric)","Harvey 0.109"" 3F Ball","Harvey General Use Endmills 3 Flute","ball end mill","0.109","3","0.375","0.46736",,"1.5","carbide"
"Aluminum (Metric)","Harvey 0.093"" 3F Ball","Harvey General Use Endmills 3 Flute","ball end mill","0.093","3","0.75","0.84681",,"2.5","carbide"
"Aluminum (Metric)","Harvey 0.047"" 3F Ball","Harvey General Use Endmills 3 Flute","ball end mill","0.047","3","0.375","0.52114",,"2.5","carbide"
"Aluminum (Metric)","Harvey 0.039"" 3F Flat","Harvey General Use Endmills 3 Flute","flat end mill","0.039","3","0.325","0.47971",,"2.5","carbide"
"Aluminum (Metric)","Harvey 0.1"" 3F Flat","Harvey General Use Endmills 3 Flute","flat end mill","0.1","3","0.5","0.58931",,"2.5","carbide"
"Aluminum (Metric)","Harvey 3/16"" 3F Bull R0.02","Harvey General Use Endmills 3 Flute","bull nose end mill","0.187","3","0.281","1.10155","0.02","3","carbide"
"Aluminum (Metric)","Harvey 0.031"" 3F Flat","Harvey General Use Endmills 3 Flute","flat end mill","0.031","3","0.046","0.60204",,"2.5","carbide"
"Aluminum (Metric)","Harvey 0.095"" 3F Flat","Harvey General Use Endmills 3 Flute","flat end mill","0.095","3","0.75","0.84467",,"2.5","carbide"
"Aluminum (Metric)","Harvey 0.05"" 3F Flat","Harvey General Use Endmills 3 Flute","flat end mill","0.05","3","0.3","0.795",,"2.5","carbide"
"Aluminum (Metric)","Harvey 0.02"" 3F Flat","Harvey General Use Endmills 3 Flute","flat end mill","0.02","3","0.03","0.60576",,"2.5","carbide"
"Aluminum (Metric)","Harvey 0.118"" 3F Flat","Harvey General Use Endmills 3 Flute","flat end mill","0.118","3","0.177","0.24556",,"1.5","carbide"
"Aluminum (Metric)","Harvey 0.118"" 3F Ball","Harvey General Use Endmills 3 Flute","ball end mill","0.118","3","0.177","0.25256",,"1.5","carbide"
"Aluminum (Metric)","Harvey 5/64"" 3F Bull R0.02","Harvey General Use Endmills 3 Flute","bull nose end mill","0.078","3","0.117","0.5525","0.02","2.5","carbide"
"Aluminum (Metric)","Harvey 3/16"" 3F Bull R0.01","Harvey General Use Endmills 3 Flute","bull nose end mill","0.1875","3","0.625","0.71875","0.01","2","carbide"
"Aluminum (Metric)","Harvey 1/8"" 3F Bull R0.025","Harvey General Use Endmills 3 Flute","bull nose end mill","0.125","3","0.187","0.69096","0.025","2.5","carbide"
"Aluminum (Metric)","Harvey 0.02"" 3F Ball","Harvey General Use Endmills 3 Flute","ball end mill","0.02","3","0.03","0.44576",,"2.5","carbide"
"Aluminum (Metric)","Harvey 1/8"" 3F Bull R0.01","Harvey General Use Endmills 3 Flute","bull nose end mill","0.125","3","0.187","0.69096","0.01","2.5","carbide"
"Aluminum (Metric)","Harvey 0.047"" 3F Bull R0.015","Harvey General Use Endmills 3 Flute","bull nose end mill","0.047","3","0.141","0.27105","0.015","1.5","carbide"
"Aluminum (Metric)","Harvey 0.095"" 3F Flat","Harvey General Use Endmills 3 Flute","flat end mill","0.095","3","0.142","1.26706",,"2.5","carbide"
"Aluminum (Metric)","Harvey 0.03"" 3F Ball","Harvey General Use Endmills 3 Flute","ball end mill","0.03","3","0.15","0.52878",,"2.5","carbide"
"Aluminum (Metric)","Harvey 0.1"" 3F Flat","Harvey General Use Endmills 3 Flute","flat end mill","0.1","3","0.15","0.6084",,"2.5","carbide"
"Aluminum (Metric)","Harvey 0.047"" 3F Bull R0.01","Harvey General Use Endmills 3 Flute","bull nose end mill","0.047","3","0.07","0.5752","0.01","2.5","carbide"
"Aluminum (Metric)","Harvey 0.093"" 3F Flat","Harvey General Use Endmills 3 Flute","flat end mill","0.093","3","0.139","1.07052",,"2.5","carbide"
"Aluminum (Metric)","Harvey 0.1"" 3F Ball","Harvey General Use Endmills 3 Flute","ball end mill","0.1","3","0.75","1.3584",,"2.5","carbide"
"Aluminum (Metric)","Harvey 0.109"" 3F Ball","Harvey General Use Endmills 3 Flute","ball end mill","0.109","3","0.9","0.97966",,"2.5","carbide"
"Aluminum (Metric)","Harvey 0.25"" 3F Flat","Harvey General Use Endmills 3 Flute","flat end mill","0.25","3","1.5","2.1263",,"4","carbide"
"Aluminum (Metric)","Harvey 0.017"" 3F Flat","Harvey General Use Endmills 3 Flute","flat end mill","0.017","3","0.026","0.33594",,"2.5","carbide"
"Aluminum (Metric)","Harvey 5/64"" 3F Flat","Harvey General Use Endmills 3 Flute","flat end mill","0.078","3","0.234","0.3372",,"1.5","carbide"
"Aluminum (Metric)","Harvey 0.035"" 3F Ball","Harvey General Use Endmills 3 Flute","ball end mill","0.035","3","0.052","0.40712",,"2.5","carbide"
"Aluminum (Metric)","Harvey 1/8"" 3F Flat","Harvey General Use Endmills 3 Flute","flat end mill","0.125","3","0.187","1.94096",,"3","carbide"
"Aluminum (Metric)","Harvey 5/64"" 3F Flat","Harvey General Use Endmills 3 Flute","flat end mill","0.078","3","0.118","0.7715",,"2.5","carbide"
"Aluminum (Metric)","Harvey 0.04"" 3F Ball","Harvey General Use Endmills 3 Flute","ball end mill","0.04","3","0.325","0.47864",,"2.5","carbide"
"Aluminum (Metric)","Harvey 0.02"" 3F Flat","Harvey General Use Endmills 3 Flute","flat end mill","0.02","3","0.03","0.18343",,"1.5","carbide"
"Aluminum (Metric)","Harvey 0.031"" 3F Bull R0.01","Harvey General Use Endmills 3 Flute","bull nose end mill","0.031","3","0.046","0.47704","0.01","2.5","carbide"
"Aluminum (Metric)","Harvey 0.093"" 3F Bull R0.003","Harvey General Use Endmills 3 Flute","bull nose end mill","0.093","3","0.139","0.62052","0.003","2.5","carbide"
"Aluminum (Metric)","Harvey 0.013"" 3F Ball","Harvey General Use Endmills 3 Flute","ball end mill","0.013","3","0.019","0.36188",,"2.5","carbide"
"Aluminum (Metric)","Harvey 0.05"" 3F Flat","Harvey General Use Endmills 3 Flute","flat end mill","0.05","3","0.075","0.545",,"2.5","carbide"
"Aluminum (Metric)","Harvey 0.105"" 3F Flat","Harvey General Use Endmills 3 Flute","flat end mill","0.105","3","0.158","0.62974",,"2.5","carbide"
"Aluminum (Metric)","Harvey 0.05"" 3F Flat","Harvey General Use Endmills 3 Flute","flat end mill","0.05","3","0.3","0.795",,"2.5","carbide"
"Aluminum (Metric)","Harvey 1/8"" 3F Bull R0.005","Harvey General Use Endmills 3 Flute","bull nose end mill","0.125","3","0.187","1.06596","0.005","2.5","carbide"
"Aluminum (Metric)","Harvey 0.02"" 3F Flat","Harvey General Use Endmills 3 Flute","flat end mill","0.02","3","0.03","0.30576",,"2.5","carbide"
"Aluminum (Metric)","Harvey 0.025"" 3F Ball","Harvey General Use Endmills 3 Flute","ball end mill","0.025","3","0.037","0.31244",,"2.5","carbide"
"Aluminum (Metric)","Harvey 0.031"" 3F Ball","Harvey General Use Endmills 3 Flute","ball end mill","0.031","3","0.25","0.41329",,"2.5","carbide"
"Aluminum (Metric)","Harvey 0.012"" 3F Ball","Harvey General Use Endmills 3 Flute","ball end mill","0.012","3","0.018","0.3556",,"2.5","carbide"
"Aluminum (Metric)","Harvey 0.015"" 3F Flat","Harvey General Use Endmills 3 Flute","flat end mill","0.015","3","0.075","0.40442",,"2.5","carbide"
"Aluminum (Metric)","Harvey 5/64"" 3F Flat","Harvey General Use Endmills 3 Flute","flat end mill","0.078","3","0.117","0.2202",,"1.5","carbide"
"Aluminum (Metric)","Harvey 0.025"" 3F Ball","Harvey General Use Endmills 3 Flute","ball end mill","0.025","3","0.038","0.41244",,"2.5","carbide"
"Aluminum (Metric)","Harvey 1/16"" 3F Ball","Harvey General Use Endmills 3 Flute","ball end mill","0.062","3","0.5","0.63005",,"2.5","carbide"
"Aluminum (Metric)","Harvey 0.022"" 3F Flat","Harvey General Use Endmills 3 Flute","flat end mill","0.022","3","0.033","0.41864",,"2.5","carbide"
"Aluminum (Metric)","Harvey 0.015"" 3F Ball","Harvey General Use Endmills 3 Flute","ball end mill","0.015","3","0.022","0.44142",,"2.5","carbide"
"Aluminum (Metric)","Harvey 0.093"" 3F Bull R0.01","Harvey General Use Endmills 3 Flute","bull nose end mill","0.093","3","0.139","1.07052","0.01","2.5","carbide"
"Aluminum (Metric)","Harvey 1/16"" 3F Flat","Harvey General Use Endmills 3 Flute","flat end mill","0.062","3","0.093","1.42422",,"2.5","carbide"
"Aluminum (Metric)","Harvey 0.055"" 3F Flat","Harvey General Use Endmills 3 Flute","flat end mill","0.055","3","0.56","0.69756",,"2.5","carbide"
"Aluminum (Metric)","Harvey 5/64"" 3F Bull R0.01","Harvey General Use Endmills 3 Flute","bull nose end mill","0.078","3","0.117","0.2202","0.01","1.5","carbide"
"Aluminum (Metric)","Harvey 0.024"" 3F Flat","Harvey General Use Endmills 3 Flute","flat end mill","0.024","3","0.036","0.43116",,"2.5","carbide"
"Aluminum (Metric)","Harvey 1/8"" 3F Flat","Harvey General Use Endmills 3 Flute","flat end mill","0.125","3","0.187","1.19096",,"2.5","carbide"
"Aluminum (Metric)","Harvey 0.017"" 3F Ball","Harvey General Use Endmills 3 Flute","ball end mill","0.017","3","0.026","0.33594",,"2.5","carbide"
"Aluminum (Metric)","Harvey 0.031"" 3F Ball","Harvey General Use Endmills 3 Flute","ball end mill","0.031","3","0.047","1.16404",,"2.5","carbide"
"Aluminum (Metric)","Harvey 0.065"" 3F Flat","Harvey General Use Endmills 3 Flute","flat end mill","0.065","3","0.5","0.62684",,"2.5","carbide"
"Aluminum (Metric)","Harvey 1/8"" 3F Flat","Harvey General Use Endmills 3 Flute","flat end mill","0.125","3","0.625","1.31596",,"2.5","carbide"
"Aluminum (Metric)","Harvey 0.031"" 3F Flat","Harvey General Use Endmills 3 Flute","flat end mill","0.031","3","0.155","0.53704",,"2.5","carbide"
"Aluminum (Metric)","Harvey 0.04"" 3F Flat","Harvey General Use Endmills 3 Flute","flat end mill","0.04","3","0.06","0.45232",,"2.5","carbide"
"Aluminum (Metric)","Harvey 5/64"" 3F Ball","Harvey General Use Endmills 3 Flute","ball end mill","0.078","3","0.118","1.5465",,"3","carbide"
"Aluminum (Metric)","Harvey 1/16"" 3F Flat","Harvey General Use Endmills 3 Flute","flat end mill","0.062","3","0.186","0.30306",,"1.5","carbide"
"Aluminum (Metric)","Harvey 0.015"" 3F Ball","Harvey General Use Endmills 3 Flute","ball end mill","0.015","3","0.093","0.27345",,"2.5","carbide"
"Aluminum (Metric)","Harvey 1/16"" 3F Bull R0.01","Harvey General Use Endmills 3 Flute","bull nose end mill","0.062","3","0.093","0.67422","0.01","2.5","carbide"
"Aluminum (Metric)","Harvey 5/64"" 3F Ball","Harvey General Use Endmills 3 Flute","ball end mill","0.078","3","0.117","0.5525",,"2.5","carbide"
"Aluminum (Metric)","Harvey 0.095"" 3F Flat","Harvey General Use Endmills 3 Flute","flat end mill","0.095","3","0.285","0.37348",,"1.5","carbide"
"Aluminum (Metric)","Harvey 1/16"" 3F Flat","Harvey General Use Endmills 3 Flute","flat end mill","0.062","3","0.093","0.21006",,"1.5","carbide"
"Aluminum (Metric)","Harvey 5/64"" 3F Bull R0.025","Harvey General Use Endmills 3 Flute","bull nose end mill","0.078","3","0.234","0.3372","0.025","1.5","carbide"
"Aluminum (Metric)","Harvey 1/8"" 3F Ball","Harvey General Use Endmills 3 Flute","ball end mill","0.125","3","0.187","0.44096",,"2.5","carbide"
"Aluminum (Metric)","Harvey 0.109"" 3F Ball","Harvey General Use Endmills 3 Flute","ball end mill","0.109","3","0.163","0.99282",,"2.5","carbide"
"Aluminum (Metric)","Harvey 0.06"" 3F Flat","Harvey General Use Endmills 3 Flute","flat end mill","0.06","3","0.375","0.5072",,"2.5","carbide"
"Aluminum (Metric)","Harvey 1/16"" 3F Bull R0.012","Harvey General Use Endmills 3 Flute","bull nose end mill","0.062","3","0.093","0.48622","0.012","2.5","carbide"
"Aluminum (Metric)","Harvey 0.031"" 3F Bull R0.005","Harvey General Use Endmills 3 Flute","bull nose end mill","0.031","3","0.046","0.47704","0.005","2.5","carbide"
"Aluminum (Metric)","Harvey 3/16"" 3F Ball","Harvey General Use Endmills 3 Flute","ball end mill","0.1875","3","1.125","1.72005",,"3","carbide"
"Aluminum (Metric)","Harvey 1/8"" 3F Flat","Harvey General Use Endmills 3 Flute","flat end mill","0.125","3","1","1.5638",,"2.5","carbide"
"Aluminum (Metric)","Harvey 1/8"" 3F Bull R0.02","Harvey General Use Endmills 3 Flute","bull nose end mill","0.125","3","0.5","0.5625","0.02","1.5","carbide"
"Aluminum (Metric)","Harvey 1/8"" 3F Flat","Harvey General Use Endmills 3 Flute","flat end mill","0.125","3","1","1.0625",,"2.5","carbide"
"Aluminum (Metric)","Harvey 0.085"" 3F Flat","Harvey General Use Endmills 3 Flute","flat end mill","0.085","3","0.127","0.22414",,"1.5","carbide"
"Aluminum (Metric)","Harvey 0.027"" 3F Ball","Harvey General Use Endmills 3 Flute","ball end mill","0.027","3","0.041","0.36898",,"2.5","carbide"
"Aluminum (Metric)","Harvey 0.07"" 3F Flat","Harvey General Use Endmills 3 Flute","flat end mill","0.07","3","0.5","1.16036",,"2.5","carbide"
"Aluminum (Metric)","Harvey 1/16"" 3F Ball","Harvey General Use Endmills 3 Flute","ball end mill","0.062","3","0.093","2.04922",,"3","carbide"
"Aluminum (Metric)","Harvey 0.031"" 3F Ball","Harvey General Use Endmills 3 Flute","ball end mill","0.031","3","0.046","0.38304",,"2.5","carbide"
"Aluminum (Metric)","Harvey 0.047"" 3F Ball","Harvey General Use Endmills 3 Flute","ball end mill","0.047","3","0.07","0.9102",,"2.5","carbide"
"Aluminum (Metric)","Harvey 0.07"" 3F Ball","Harvey General Use Endmills 3 Flute","ball end mill","0.07","3","0.5","0.62147",,"2.5","carbide"
"Aluminum (Metric)","Harvey 0.25"" 3F Bull R0.03","Harvey General Use Endmills 3 Flute","bull nose end mill","0.25","3","0.375","3.12846","0.03","6","carbide"
"Aluminum (Metric)","Harvey 0.031"" 3F Flat","Harvey General Use Endmills 3 Flute","flat end mill","0.031","3","0.156","0.31929",,"2.5","carbide"
"Aluminum (Metric)","Harvey 5/64"" 3F Bull R0.015","Harvey General Use Endmills 3 Flute","bull nose end mill","0.078","3","0.117","0.7715","0.015","2.5","carbide"
"Aluminum (Metric)","Harvey 0.025"" 3F Flat","Harvey General Use Endmills 3 Flute","flat end mill","0.025","3","0.037","0.1861",,"2.5","carbide"
"Aluminum (Metric)","Harvey 0.025"" 3F Flat","Harvey General Use Endmills 3 Flute","flat end mill","0.025","3","0.037","0.1861",,"2.5","carbide"
"Aluminum (Metric)","Harvey 0.093"" 3F Bull R0.02","Harvey General Use Endmills 3 Flute","bull nose end mill","0.093","3","0.139","1.07052","0.02","2.5","carbide"
"Aluminum (Metric)","Harvey 0.04"" 3F Ball","Harvey General Use Endmills 3 Flute","ball end mill","0.04","3","0.06","0.69232",,"2.5","carbide"
"Aluminum (Metric)","Harvey 0.1"" 3F Flat","Harvey General Use Endmills 3 Flute","flat end mill","0.1","3","1","1.08931",,"2.5","carbide"
"Aluminum (Metric)","Harvey 1/8"" 3F Ball","Harvey General Use Endmills 3 Flute","ball end mill","0.125","3","0.5","0.5625",,"2.5","carbide"
"Aluminum (Metric)","Harvey 0.015"" 3F Bull R0.003","Harvey General Use Endmills 3 Flute","bull nose end mill","0.015","3","0.022","0.33242","0.003","2.5","carbide"
"Aluminum (Metric)","Harvey 3/16"" 3F Ball","Harvey General Use Endmills 3 Flute","ball end mill","0.1875","3","1.125","1.72005",,"3","carbide"
"Aluminum (Metric)","Harvey 0.031"" 3F Flat","Harvey General Use Endmills 3 Flute","flat end mill","0.031","3","0.155","0.60204",,"2.5","carbide"
"Aluminum (Metric)","Harvey 0.018"" 3F Ball","Harvey General Use Endmills 3 Flute","ball end mill","0.018","3","0.027","0.39322",,"2.5","carbide"
"Aluminum (Metric)","Harvey 0.1"" 3F Flat","Harvey General Use Endmills 3 Flute","flat end mill","0.1","3","1.2","1.28931",,"2.5","carbide"
"Aluminum (Metric)","Harvey 0.06"" 3F Ball","Harvey General Use Endmills 3 Flute","ball end mill","0.06","3","0.09","0.48968",,"2.5","carbide"
"Aluminum (Metric)","Harvey 0.08"" 3F Flat","Harvey General Use Endmills 3 Flute","flat end mill","0.08","3","0.12","0.38304",,"2.5","carbide"
"Aluminum (Metric)","Harvey 1/8"" 3F Ball","Harvey General Use Endmills 3 Flute","ball end mill","0.125","3","0.187","1.06596",,"2.5","carbide"
"Aluminum (Metric)","Harvey 1/16"" 3F Bull R0.015","Harvey General Use Endmills 3 Flute","bull nose end mill","0.062","3","0.093","0.79922","0.015","2.5","carbide"
"Aluminum (Metric)","Harvey 0.02"" 3F Ball","Harvey General Use Endmills 3 Flute","ball end mill","0.02","3","0.03","0.40576",,"2.5","carbide"
"Aluminum (Metric)","Harvey 0.015"" 3F Bull R0.005","Harvey General Use Endmills 3 Flute","bull nose end mill","0.015","3","0.022","0.37942","0.005","2.5","carbide"
"Aluminum (Metric)","Harvey 1/8"" 3F Flat","Harvey General Use Endmills 3 Flute","flat end mill","0.125","3","1","1.5638",,"2.5","carbide"
"Aluminum (Metric)","Harvey 0.031"" 3F Ball","Harvey General Use Endmills 3 Flute","ball end mill","0.031","3","0.312","0.47529",,"2.5","carbide"
"Aluminum (Metric)","Harvey 0.06"" 3F Flat","Harvey General Use Endmills 3 Flute","flat end mill","0.06","3","0.09","0.80268",,"2.5","carbide"
"Aluminum (Metric)","Harvey 0.047"" 3F Ball","Harvey General Use Endmills 3 Flute","ball end mill","0.047","3","0.07","1.1502",,"2.5","carbide"
"Aluminum (Metric)","Harvey 0.065"" 3F Flat","Harvey General Use Endmills 3 Flute","flat end mill","0.065","3","0.098","0.49402",,"2.5","carbide"
"Aluminum (Metric)","Harvey 0.075"" 3F Ball","Harvey General Use Endmills 3 Flute","ball end mill","0.075","3","0.112","0.5267",,"2.5","carbide"
"Aluminum (Metric)","Harvey 0.03"" 3F Flat","Harvey General Use Endmills 3 Flute","flat end mill","0.03","3","0.15","0.52878",,"2.5","carbide"
"Aluminum (Metric)","Harvey 0.08"" 3F Bull R0.005","Harvey General Use Endmills 3 Flute","bull nose end mill","0.08","3","0.12","0.79304","0.005","2.5","carbide"
"Aluminum (Metric)","Harvey 0.1"" 3F Ball","Harvey General Use Endmills 3 Flute","ball end mill","0.1","3","0.75","0.83931",,"2.5","carbide"
"Aluminum (Metric)","Harvey 5/32"" 3F Bull R0.03","Harvey General Use Endmills 3 Flute","bull nose end mill","0.156","3","0.234","0.90523","0.03","3","carbide"
"Aluminum (Metric)","Harvey 0.06"" 3F Flat","Harvey General Use Endmills 3 Flute","flat end mill","0.06","3","0.09","0.20879",,"1.5","carbide"
"Aluminum (Metric)","Harvey 0.047"" 3F Ball","Harvey General Use Endmills 3 Flute","ball end mill","0.047","3","0.187","0.33314",,"2.5","carbide"
"Aluminum (Metric)","Harvey 0.015"" 3F Ball","Harvey General Use Endmills 3 Flute","ball end mill","0.015","3","0.022","0.33242",,"2.5","carbide"
"Aluminum (Metric)","Harvey 0.07"" 3F Ball","Harvey General Use Endmills 3 Flute","ball end mill","0.07","3","0.5","1.16036",,"2.5","carbide"
"Aluminum (Metric)","Harvey 5/64"" 3F Flat","Harvey General Use Endmills 3 Flute","flat end mill","0.078","3","0.117","0.6965",,"2.5","carbide"
"Aluminum (Metric)","Harvey 3/16"" 3F Bull R0.03","Harvey General Use Endmills 3 Flute","bull nose end mill","0.1875","3","0.281","1.97265","0.03","4","carbide"
"Aluminum (Metric)","Harvey 1/8"" 3F Bull R0.04","Harvey General Use Endmills 3 Flute","bull nose end mill","0.125","3","0.187","0.2495","0.04","1.5","carbide"
"Aluminum (Metric)","Harvey 0.25"" 3F Flat","Harvey General Use Endmills 3 Flute","flat end mill","0.25","3","0.375","1.37846",,"4","carbide"
"Aluminum (Metric)","Harvey 0.075"" 3F Ball","Harvey General Use Endmills 3 Flute","ball end mill","0.075","3","0.5","1.1517",,"2.5","carbide"
"Aluminum (Metric)","Harvey 3/16"" 3F Bull R0.03","Harvey General Use Endmills 3 Flute","bull nose end mill","0.1875","3","0.281","1.09765","0.03","3","carbide"
"Aluminum (Metric)","Harvey 0.04"" 3F Ball","Harvey General Use Endmills 3 Flute","ball end mill","0.04","3","0.2","0.61232",,"2.5","carbide"
"Aluminum (Metric)","Harvey 0.02"" 3F Ball","Harvey General Use Endmills 3 Flute","ball end mill","0.02","3","0.03","0.36576",,"2.5","carbide"
"Aluminum (Metric)","Harvey 0.025"" 3F Ball","Harvey General Use Endmills 3 Flute","ball end mill","0.025","3","0.125","0.48744",,"2.5","carbide"
"Aluminum (Metric)","Harvey 0.031"" 3F Bull R0.008","Harvey General Use Endmills 3 Flute","bull nose end mill","0.031","3","0.046","0.38304","0.008","2.5","carbide"
"Aluminum (Metric)","Harvey 0.055"" 3F Ball","Harvey General Use Endmills 3 Flute","ball end mill","0.055","3","0.082","0.46134",,"2.5","carbide"
"Aluminum (Metric)","Harvey 0.25"" 3F Ball","Harvey General Use Endmills 3 Flute","ball end mill","0.25","3","0.375","3.12846",,"6","carbide"
"Aluminum (Metric)","Harvey 1/16"" 3F Ball","Harvey General Use Endmills 3 Flute","ball end mill","0.062","3","0.95","1.08005",,"2.5","carbide"
"Aluminum (Metric)","Harvey 0.02"" 3F Ball","Harvey General Use Endmills 3 Flute","ball end mill","0.02","3","0.03","0.49576",,"2.5","carbide"
"Aluminum (Metric)","Harvey 0.07"" 3F Flat","Harvey General Use Endmills 3 Flute","flat end mill","0.07","3","0.21","0.32013",,"1.5","carbide"
"Aluminum (Metric)","Harvey 0.011"" 3F Flat","Harvey General Use Endmills 3 Flute","flat end mill","0.011","3","0.016","0.34934",,"2.5","carbide"
"Aluminum (Metric)","Harvey 0.025"" 3F Flat","Harvey General Use Endmills 3 Flute","flat end mill","0.025","3","0.15","0.31973",,"2.5","carbide"
"Aluminum (Metric)","Harvey 1/16"" 3F Flat","Harvey General Use Endmills 3 Flute","flat end mill","0.062","3","0.093","0.73622",,"2.5","carbide"
"Aluminum (Metric)","Harvey 0.015"" 3F Flat","Harvey General Use Endmills 3 Flute","flat end mill","0.015","3","0.109","0.28945",,"2.5","carbide"
"Aluminum (Metric)","Harvey 5/64"" 3F Ball","Harvey General Use Endmills 3 Flute","ball end mill","0.078","3","0.118","0.6965",,"2.5","carbide"
"Aluminum (Metric)","Harvey 0.02"" 3F Bull R0.005","Harvey General Use Endmills 3 Flute","bull nose end mill","0.02","3","0.06","0.21343","0.005","1.5","carbide"
"Aluminum (Metric)","Harvey 0.022"" 3F Ball","Harvey General Use Endmills 3 Flute","ball end mill","0.022","3","0.033","0.41864",,"2.5","carbide"
"Aluminum (Metric)","Harvey 0.031"" 3F Flat","Harvey General Use Endmills 3 Flute","flat end mill","0.031","3","0.155","0.53704",,"2.5","carbide"
"Aluminum (Metric)","Harvey 0.065"" 3F Flat","Harvey General Use Endmills 3 Flute","flat end mill","0.065","3","0.097","0.36402",,"2.5","carbide"
"Aluminum (Metric)","Harvey 0.093"" 3F Ball","Harvey General Use Endmills 3 Flute","ball end mill","0.093","3","0.279","0.40121",,"1.5","carbide"
"Aluminum (Metric)","Harvey 3/16"" 3F Bull R0.01","Harvey General Use Endmills 3 Flute","bull nose end mill","0.1875","3","0.281","1.59765","0.01","3","carbide"
"Aluminum (Metric)","Harvey 0.075"" 3F Flat","Harvey General Use Endmills 3 Flute","flat end mill","0.075","3","0.112","0.3767",,"2.5","carbide"
"Aluminum (Metric)","Harvey 0.109"" 3F Ball","Harvey General Use Endmills 3 Flute","ball end mill","0.109","3","0.164","0.25636",,"1.5","carbide"
"Aluminum (Metric)","Harvey 0.118"" 3F Flat","Harvey General Use Endmills 3 Flute","flat end mill","0.118","3","0.354","0.42256",,"1.5","carbide"
"Aluminum (Metric)","Harvey 0.047"" 3F Flat","Harvey General Use Endmills 3 Flute","flat end mill","0.047","3","0.07","0.7702",,"2.5","carbide"
"Aluminum (Metric)","Harvey 0.06"" 3F Flat","Harvey General Use Endmills 3 Flute","flat end mill","0.06","3","0.25","0.3822",,"2.5","carbide"
"Aluminum (Metric)","Harvey 5/16"" 3F Bull R0.015","Harvey General Use Endmills 3 Flute","bull nose end mill","0.3125","3","0.47","1.78515","0.015","4","carbide"
"Aluminum (Metric)","Harvey 0.047"" 3F Flat","Harvey General Use Endmills 3 Flute","flat end mill","0.047","3","0.07","0.6252",,"2.5","carbide"
"Aluminum (Metric)","Harvey 0.04"" 3F Flat","Harvey General Use Endmills 3 Flute","flat end mill","0.04","3","0.06","0.69232",,"2.5","carbide"
"Aluminum (Metric)","Harvey 0.05"" 3F Ball","Harvey General Use Endmills 3 Flute","ball end mill","0.05","3","0.3","0.44292",,"2.5","carbide"
"Aluminum (Metric)","Harvey 0.047"" 3F Flat","Harvey General Use Endmills 3 Flute","flat end mill","0.047","3","0.071","0.4502",,"2.5","carbide"
"Aluminum (Metric)","Harvey 0.06"" 3F Ball","Harvey General Use Endmills 3 Flute","ball end mill","0.06","3","0.5","0.6322",,"2.5","carbide"
"Aluminum (Metric)","Harvey 0.047"" 3F Flat","Harvey General Use Endmills 3 Flute","flat end mill","0.047","3","0.07","0.20005",,"1.5","carbide"
"Aluminum (Metric)","Harvey 5/16"" 3F Flat","Harvey General Use Endmills 3 Flute","flat end mill","0.3125","3","0.47","2.66015",,"4","carbide"
"Aluminum (Metric)","Harvey 0.031"" 3F Bull R0.005","Harvey General Use Endmills 3 Flute","bull nose end mill","0.031","3","0.046","0.38304","0.005","2.5","carbide"
"Aluminum (Metric)","Harvey 0.03"" 3F Flat","Harvey General Use Endmills 3 Flute","flat end mill","0.03","3","0.045","0.38478",,"2.5","carbide"
"Aluminum (Metric)","Harvey 7/32"" 3F Flat","Harvey General Use Endmills 3 Flute","flat end mill","0.2187","3","0.33","2.37436",,"4","carbide"
"Aluminum (Metric)","Harvey 0.1"" 3F Flat","Harvey General Use Endmills 3 Flute","flat end mill","0.1","3","0.15","1.9204",,"4","carbide"
"Aluminum (Metric)","Harvey 0.093"" 3F Bull R0.015","Harvey General Use Endmills 3 Flute","bull nose end mill","0.093","3","0.14","0.23021","0.015","1.5","carbide"
"Aluminum (Metric)","Harvey 1/8"" 3F Bull R0.005","Harvey General Use Endmills 3 Flute","bull nose end mill","0.125","3","0.187","1.56596","0.005","3","carbide"
"Aluminum (Metric)","Harvey 1/16"" 3F Ball","Harvey General Use Endmills 3 Flute","ball end mill","0.062","3","0.093","1.72422",,"3","carbide"
"Aluminum (Metric)","Harvey 1/16"" 3F Ball","Harvey General Use Endmills 3 Flute","ball end mill","0.062","3","0.75","0.88005",,"2.5","carbide"
"Aluminum (Metric)","Harvey 0.04"" 3F Ball","Harvey General Use Endmills 3 Flute","ball end mill","0.04","3","0.06","0.53732",,"2.5","carbide"
"Aluminum (Metric)","Harvey 0.005"" 3F Flat","Harvey General Use Endmills 3 Flute","flat end mill","0.005","3","0.015","0.18142",,"1.5","carbide"
"Aluminum (Metric)","Harvey 0.047"" 3F Bull R0.01","Harvey General Use Endmills 3 Flute","bull nose end mill","0.047","3","0.07","0.4502","0.01","2.5","carbide"
"Aluminum (Metric)","Harvey 5/64"" 3F Bull R0.015","Harvey General Use Endmills 3 Flute","bull nose end mill","0.078","3","0.234","0.3372","0.015","1.5","carbide"
"Aluminum (Metric)","Harvey 0.25"" 3F Flat","Harvey General Use Endmills 3 Flute","flat end mill","0.25","3","0.375","3.12846",,"6","carbide"
"Aluminum (Metric)","Harvey 3/16"" 3F Ball","Harvey General Use Endmills 3 Flute","ball end mill","0.1875","3","0.281","1.40965",,"3","carbide"
"Aluminum (Metric)","Harvey 0.021"" 3F Ball","Harvey General Use Endmills 3 Flute","ball end mill","0.021","3","0.031","0.34936",,"2.5","carbide"
"Aluminum (Metric)","Harvey 0.25"" 3F Ball","Harvey General Use Endmills 3 Flute","ball end mill","0.25","3","0.375","0.87846",,"4","carbide"
"Aluminum (Metric)","Harvey 0.04"" 3F Ball","Harvey General Use Endmills 3 Flute","ball end mill","0.04","3","0.06","0.41532",,"2.5","carbide"
"Aluminum (Metric)","Harvey 0.031"" 3F Ball","Harvey General Use Endmills 3 Flute","ball end mill","0.031","3","0.047","0.79204",,"2.5","carbide"
"Aluminum (Metric)","Harvey 1/16"" 3F Ball","Harvey General Use Endmills 3 Flute","ball end mill","0.062","3","0.625","0.75505",,"2.5","carbide"
"Aluminum (Metric)","Harvey 0.093"" 3F Flat","Harvey General Use Endmills 3 Flute","flat end mill","0.093","3","0.139","1.15052",,"2.5","carbide"
"Aluminum (Metric)","Harvey 0.031"" 3F Ball","Harvey General Use Endmills 3 Flute","ball end mill","0.031","3","0.046","0.47704",,"2.5","carbide"
"Aluminum (Metric)","Harvey 5/64"" 3F Flat","Harvey General Use Endmills 3 Flute","flat end mill","0.078","3","0.406","0.5189",,"2.5","carbide"
"Aluminum (Metric)","Harvey 5/32"" 3F Ball","Harvey General Use Endmills 3 Flute","ball end mill","0.156","3","0.234","0.62523",,"3","carbide"
"Aluminum (Metric)","Harvey 0.03"" 3F Ball","Harvey General Use Endmills 3 Flute","ball end mill","0.03","3","0.045","0.28477",,"1.5","carbide"
"Aluminum (Metric)","Harvey 1/8"" 3F Ball","Harvey General Use Endmills 3 Flute","ball end mill","0.125","3","1","1.5638",,"2.5","carbide"
"Aluminum (Metric)","Harvey 0.047"" 3F Flat","Harvey General Use Endmills 3 Flute","flat end mill","0.047","3","0.07","0.4812",,"2.5","carbide"
"Aluminum (Metric)","Harvey 0.093"" 3F Bull R0.03","Harvey General Use Endmills 3 Flute","bull nose end mill","0.093","3","0.139","0.62052","0.03","2.5","carbide"
"Aluminum (Metric)","Harvey 0.031"" 3F Flat","Harvey General Use Endmills 3 Flute","flat end mill","0.031","3","0.046","0.44504",,"2.5","carbide"
"Aluminum (Metric)","Harvey 1/16"" 3F Ball","Harvey General Use Endmills 3 Flute","ball end mill","0.062","3","0.093","1.12422",,"2.5","carbide"
"Aluminum (Metric)","Harvey 0.02"" 3F Ball","Harvey General Use Endmills 3 Flute","ball end mill","0.02","3","0.1","0.44576",,"2.5","carbide"
"Aluminum (Metric)","Harvey 0.06"" 3F Ball","Harvey General Use Endmills 3 Flute","ball end mill","0.06","3","0.18","0.36379",,"1.5","carbide"
"Aluminum (Metric)","Harvey 7/32"" 3F Flat","Harvey General Use Endmills 3 Flute","flat end mill","0.2187","3","0.625","0.76565",,"2.5","carbide"
"Aluminum (Metric)","Harvey 0.1"" 3F Ball","Harvey General Use Endmills 3 Flute","ball end mill","0.1","3","0.75","1.3584",,"2.5","carbide"
"Aluminum (Metric)","Harvey 0.02"" 3F Ball","Harvey General Use Endmills 3 Flute","ball end mill","0.02","3","0.03","0.54576",,"2.5","carbide"
"Aluminum (Metric)","Harvey 0.02"" 3F Flat","Harvey General Use Endmills 3 Flute","flat end mill","0.02","3","0.03","0.54576",,"2.5","carbide"
"Aluminum (Metric)","Harvey 0.035"" 3F Ball","Harvey General Use Endmills 3 Flute","ball end mill","0.035","3","0.175","0.57012",,"2.5","carbide"
"Aluminum (Metric)","Harvey 0.021"" 3F Flat","Harvey General Use Endmills 3 Flute","flat end mill","0.021","3","0.031","0.34936",,"2.5","carbide"
"Aluminum (Metric)","Harvey 1/8"" 3F Flat","Harvey General Use Endmills 3 Flute","flat end mill","0.125","3","0.187","2.56596",,"4","carbide"
"Aluminum (Metric)","Harvey 0.118"" 3F Ball","Harvey General Use Endmills 3 Flute","ball end mill","0.118","3","0.95","1.02001",,"2.5","carbide"
"Aluminum (Metric)","Harvey 0.09"" 3F Bull R0.005","Harvey General Use Endmills 3 Flute","bull nose end mill","0.09","3","0.135","0.57572","0.005","2.5","carbide"
"Aluminum (Metric)","Harvey 0.075"" 3F Flat","Harvey General Use Endmills 3 Flute","flat end mill","0.075","3","0.9","1.01611",,"2.5","carbide"
"Aluminum (Metric)","Harvey 0.093"" 3F Flat","Harvey General Use Endmills 3 Flute","flat end mill","0.093","3","0.139","2.43252",,"4","carbide"
"Aluminum (Metric)","Harvey 0.05"" 3F Flat","Harvey General Use Endmills 3 Flute","flat end mill","0.05","3","0.075","1.095",,"2.5","carbide"
"Aluminum (Metric)","Harvey 0.045"" 3F Flat","Harvey General Use Endmills 3 Flute","flat end mill","0.045","3","0.067","1.10366",,"2.5","carbide"
"Aluminum (Metric)","Harvey 5/32"" 3F Flat","Harvey General Use Endmills 3 Flute","flat end mill","0.1562","3","0.937","1.06431",,"3","carbide"
"Aluminum (Metric)","Harvey 0.218"" 3F Ball","Harvey General Use Endmills 3 Flute","ball end mill","0.218","3","0.33","1.31236",,"4","carbide"
"Aluminum (Metric)","Harvey 0.105"" 3F Flat","Harvey General Use Endmills 3 Flute","flat end mill","0.105","3","0.53","0.61395",,"2.5","carbide"
"Aluminum (Metric)","Harvey 0.25"" 3F Flat","Harvey General Use Endmills 3 Flute","flat end mill","0.25","3","0.375","0.5",,"2.5","carbide"
"Aluminum (Metric)","Harvey 0.015"" 3F Ball","Harvey General Use Endmills 3 Flute","ball end mill","0.015","3","0.075","0.40442",,"2.5","carbide"
"Aluminum (Metric)","Harvey 0.015"" 3F Ball","Harvey General Use Endmills 3 Flute","ball end mill","0.015","3","0.022","0.37942",,"2.5","carbide"
"Aluminum (Metric)","Harvey 0.093"" 3F Flat","Harvey General Use Endmills 3 Flute","flat end mill","0.093","3","1.125","1.22181",,"2.5","carbide"
"Aluminum (Metric)","Harvey 0.02"" 3F Flat","Harvey General Use Endmills 3 Flute","flat end mill","0.02","3","0.03","0.38576",,"2.5","carbide"
"Aluminum (Metric)","Harvey 0.11"" 3F Flat","Harvey General Use Endmills 3 Flute","flat end mill","0.11","3","0.165","0.99108",,"2.5","carbide"
"Aluminum (Metric)","Harvey 0.06"" 3F Flat","Harvey General Use Endmills 3 Flute","flat end mill","0.06","3","0.09","1.07768",,"2.5","carbide"
"Aluminum (Metric)","Harvey 0.047"" 3F Bull R0.015","Harvey General Use Endmills 3 Flute","bull nose end mill","0.047","3","0.07","0.4502","0.015","2.5","carbide"
"Aluminum (Metric)","Harvey 1/16"" 3F Bull R0.02","Harvey General Use Endmills 3 Flute","bull nose end mill","0.062","3","0.186","0.30306","0.02","1.5","carbide"
"Aluminum (Metric)","Harvey 1/8"" 3F Flat","Harvey General Use Endmills 3 Flute","flat end mill","0.125","3","0.187","0.2495",,"1.5","carbide"
"Aluminum (Metric)","Harvey 0.09"" 3F Flat","Harvey General Use Endmills 3 Flute","flat end mill","0.09","3","0.135","0.39572",,"2.5","carbide"
"Aluminum (Metric)","Harvey 0.047"" 3F Bull R0.01","Harvey General Use Endmills 3 Flute","bull nose end mill","0.047","3","0.07","0.9102","0.01","2.5","carbide"
"Aluminum (Metric)","Harvey 5/64"" 3F Ball","Harvey General Use Endmills 3 Flute","ball end mill","0.078","3","0.475","0.5879",,"2.5","carbide"
"Aluminum (Metric)","Harvey 1/8"" 3F Bull R0.01","Harvey General Use Endmills 3 Flute","bull nose end mill","0.125","3","0.5","0.5625","0.01","1.5","carbide"
"Aluminum (Metric)","Harvey 0.01"" 3F Flat","Harvey General Use Endmills 3 Flute","flat end mill","0.01","3","0.015","0.44308",,"2.5","carbide"
"Aluminum (Metric)","Harvey 13/64"" 3F Flat","Harvey General Use Endmills 3 Flute","flat end mill","0.2031","3","0.312","1.22834",,"4","carbide"
"Aluminum (Metric)","Harvey 0.039"" 3F Bull R0.005","Harvey General Use Endmills 3 Flute","bull nose end mill","0.039","3","0.059","0.53818","0.005","2.5","carbide"
"Aluminum (Metric)","Harvey 0.039"" 3F Ball","Harvey General Use Endmills 3 Flute","ball end mill","0.039","3","0.325","0.47971",,"2.5","carbide"
"Aluminum (Metric)","Harvey 3/16"" 3F Bull R0.06","Harvey General Use Endmills 3 Flute","bull nose end mill","0.1875","3","0.281","1.59765","0.06","3","carbide"
"Aluminum (Metric)","Harvey 0.031"" 3F Bull R0.005","Harvey General Use Endmills 3 Flute","bull nose end mill","0.031","3","0.045","0.53904","0.005","2.5","carbide"
"Aluminum (Metric)","Harvey 0.025"" 3F Flat","Harvey General Use Endmills 3 Flute","flat end mill","0.025","3","0.203","0.37273",,"2.5","carbide"
"Aluminum (Metric)","Harvey 0.109"" 3F Bull R0.01","Harvey General Use Endmills 3 Flute","bull nose end mill","0.109","3","0.163","0.66282","0.01","2.5","carbide"
"Aluminum (Metric)","Harvey 0.039"" 3F Ball","Harvey General Use Endmills 3 Flute","ball end mill","0.039","3","0.059","0.41618",,"2.5","carbide"
"Aluminum (Metric)","Harvey 0.08"" 3F Flat","Harvey General Use Endmills 3 Flute","flat end mill","0.08","3","0.96","1.07075",,"2.5","carbide"
"Aluminum (Metric)","Harvey 1/8"" 3F Bull R0.015","Harvey General Use Endmills 3 Flute","bull nose end mill","0.125","3","0.187","0.69096","0.015","2.5","carbide"
"Aluminum (Metric)","Harvey 3/16"" 3F Bull R0.005","Harvey General Use Endmills 3 Flute","bull nose end mill","0.1875","3","0.281","1.09765","0.005","3","carbide"
"Aluminum (Metric)","Harvey 0.02"" 3F Flat","Harvey General Use Endmills 3 Flute","flat end mill","0.02","3","0.03","0.36576",,"2.5","carbide"
"Aluminum (Metric)","Harvey 0.1"" 3F Flat","Harvey General Use Endmills 3 Flute","flat end mill","0.1","3","0.15","0.23415",,"2.5","carbide"
"Aluminum (Metric)","Harvey 0.093"" 3F Flat","Harvey General Use Endmills 3 Flute","flat end mill","0.093","3","0.139","1.79552",,"3","carbide"
"Aluminum (Metric)","Harvey 0.093"" 3F Flat","Harvey General Use Endmills 3 Flute","flat end mill","0.093","3","0.375","0.47181",,"2.5","carbide"
"Aluminum (Metric)","Harvey 0.118"" 3F Flat","Harvey General Use Endmills 3 Flute","flat end mill","0.118","3","0.177","1.49722",,"3","carbide"
"Aluminum (Metric)","Harvey 0.027"" 3F Flat","Harvey General Use Endmills 3 Flute","flat end mill","0.027","3","0.041","0.36898",,"2.5","carbide"
"Aluminum (Metric)","Harvey 0.024"" 3F Ball","Harvey General Use Endmills 3 Flute","ball end mill","0.024","3","0.036","0.35916",,"2.5","carbide"
"Aluminum (Metric)","Harvey 0.075"" 3F Flat","Harvey General Use Endmills 3 Flute","flat end mill","0.075","3","0.5","1.1517",,"2.5","carbide"
"Aluminum (Metric)","Harvey 5/64"" 3F Bull R0.01","Harvey General Use Endmills 3 Flute","bull nose end mill","0.078","3","0.117","0.7715","0.01","2.5","carbide"
"Aluminum (Metric)","Harvey 0.06"" 3F Bull R0.005","Harvey General Use Endmills 3 Flute","bull nose end mill","0.06","3","0.09","0.48968","0.005","2.5","carbide"
"Aluminum (Metric)","Harvey 0.047"" 3F Ball","Harvey General Use Endmills 3 Flute","ball end mill","0.047","3","0.071","1.0502",,"2.5","carbide"
"Aluminum (Metric)","Harvey 0.031"" 3F Ball","Harvey General Use Endmills 3 Flute","ball end mill","0.031","3","0.046","0.69704",,"2.5","carbide"
"Aluminum (Metric)","Harvey 0.01"" 3F Flat","Harvey General Use Endmills 3 Flute","flat end mill","0.01","3","0.015","0.34308",,"2.5","carbide"
"Aluminum (Metric)","Harvey 0.03"" 3F Flat","Harvey General Use Endmills 3 Flute","flat end mill","0.03","3","0.312","0.47636",,"2.5","carbide"
"Aluminum (Metric)","Harvey 1/16"" 3F Flat","Harvey General Use Endmills 3 Flute","flat end mill","0.062","3","0.312","0.67422",,"2.5","carbide"
"Aluminum (Metric)","Harvey 0.055"" 3F Flat","Harvey General Use Endmills 3 Flute","flat end mill","0.055","3","0.66","0.79756",,"2.5","carbide"
"Aluminum (Metric)","Harvey 3/8"" 3F Flat","Harvey General Use Endmills 3 Flute","flat end mill","0.375","3","0.57","2.19183",,"4","carbide"
"Aluminum (Metric)","Harvey 0.093"" 3F Flat","Harvey General Use Endmills 3 Flute","flat end mill","0.093","3","0.139","0.79052",,"2.5","carbide"
"Aluminum (Metric)","Harvey 0.07"" 3F Flat","Harvey General Use Endmills 3 Flute","flat end mill","0.07","3","0.105","0.53536",,"2.5","carbide"
"Aluminum (Metric)","Harvey 0.025"" 3F Bull R0.005","Harvey General Use Endmills 3 Flute","bull nose end mill","0.025","3","0.037","0.36244","0.005","2.5","carbide"
"Aluminum (Metric)","Harvey 0.045"" 3F Flat","Harvey General Use Endmills 3 Flute","flat end mill","0.045","3","0.225","0.65366",,"2.5","carbide"
"Aluminum (Metric)","Harvey 0.015"" 3F Ball","Harvey General Use Endmills 3 Flute","ball end mill","0.015","3","0.023","0.52442",,"2.5","carbide"
"Aluminum (Metric)","Harvey 5/64"" 3F Flat","Harvey General Use Endmills 3 Flute","flat end mill","0.078","3","0.117","0.9465",,"2.5","carbide"
"Aluminum (Metric)","Harvey 1/8"" 3F Flat","Harvey General Use Endmills 3 Flute","flat end mill","0.125","3","0.875","0.9375",,"2.5","carbide"
"Aluminum (Metric)","Harvey 1/8"" 3F Bull R0.01","Harvey General Use Endmills 3 Flute","bull nose end mill","0.125","3","0.187","1.06596","0.01","2.5","carbide"
"Aluminum (Metric)","Harvey 0.055"" 3F Flat","Harvey General Use Endmills 3 Flute","flat end mill","0.055","3","0.385","0.95634",,"2.5","carbide"
"Aluminum (Metric)","Harvey 0.055"" 3F Ball","Harvey General Use Endmills 3 Flute","ball end mill","0.055","3","0.082","0.84634",,"2.5","carbide"
"Aluminum (Metric)","Harvey 0.093"" 3F Bull R0.015","Harvey General Use Endmills 3 Flute","bull nose end mill","0.093","3","0.139","0.39952","0.015","2.5","carbide"
"Aluminum (Metric)","Harvey 0.025"" 3F Flat","Harvey General Use Endmills 3 Flute","flat end mill","0.025","3","0.1","0.26973",,"2.5","carbide"
"Aluminum (Metric)","Harvey 0.039"" 3F Bull R0.01","Harvey General Use Endmills 3 Flute","bull nose end mill","0.039","3","0.059","0.53818","0.01","2.5","carbide"
"Aluminum (Metric)","Harvey 0.039"" 3F Flat","Harvey General Use Endmills 3 Flute","flat end mill","0.039","3","0.203","0.35771",,"2.5","carbide"
"Aluminum (Metric)","Harvey 0.141"" 3F Flat","Harvey General Use Endmills 3 Flute","flat end mill","0.1406","3","0.22","0.93295",,"3","carbide"
"Aluminum (Metric)","Harvey 0.093"" 3F Bull R0.01","Harvey General Use Endmills 3 Flute","bull nose end mill","0.093","3","0.139","0.87052","0.01","2.5","carbide"
"Aluminum (Metric)","Harvey 1/8"" 3F Flat","Harvey General Use Endmills 3 Flute","flat end mill","0.125","3","0.187","3.19096",,"4","carbide"
"Aluminum (Metric)","Harvey 0.045"" 3F Flat","Harvey General Use Endmills 3 Flute","flat end mill","0.045","3","0.225","0.65366",,"2.5","carbide"
"Aluminum (Metric)","Harvey 1/8"" 3F Flat","Harvey General Use Endmills 3 Flute","flat end mill","0.125","3","0.187","2.81596",,"4","carbide"
"Aluminum (Metric)","Harvey 0.109"" 3F Flat","Harvey General Use Endmills 3 Flute","flat end mill","0.109","3","1.125","1.20466",,"2.5","carbide"
"Aluminum (Metric)","Harvey 3/16"" 3F Flat","Harvey General Use Endmills 3 Flute","flat end mill","0.1875","3","1.125","1.72005",,"3","carbide"
"Aluminum (Metric)","Harvey 0.031"" 3F Flat","Harvey General Use Endmills 3 Flute","flat end mill","0.031","3","0.046","0.32004",,"2.5","carbide"
"Aluminum (Metric)","Harvey 0.015"" 3F Ball","Harvey General Use Endmills 3 Flute","ball end mill","0.015","3","0.125","0.30545",,"2.5","carbide"
"Aluminum (Metric)","Harvey 0.011"" 3F Ball","Harvey General Use Endmills 3 Flute","ball end mill","0.011","3","0.016","0.34934",,"2.5","carbide"
"Aluminum (Metric)","Harvey 0.03"" 3F Flat","Harvey General Use Endmills 3 Flute","flat end mill","0.03","3","0.045","0.60378",,"2.5","carbide"
"Aluminum (Metric)","Harvey 1/16"" 3F Ball","Harvey General Use Endmills 3 Flute","ball end mill","0.062","3","0.093","1.42422",,"2.5","carbide"
"Aluminum (Metric)","Harvey 5/64"" 3F Ball","Harvey General Use Endmills 3 Flute","ball end mill","0.078","3","0.406","0.5189",,"2.5","carbide"
"Aluminum (Metric)","Harvey 0.026"" 3F Flat","Harvey General Use Endmills 3 Flute","flat end mill","0.026","3","0.039","0.4437",,"2.5","carbide"
"Aluminum (Metric)","Harvey 1/16"" 3F Bull R0.008","Harvey General Use Endmills 3 Flute","bull nose end mill","0.062","3","0.093","0.67422","0.008","2.5","carbide"
"Aluminum (Metric)","Harvey 0.065"" 3F Ball","Harvey General Use Endmills 3 Flute","ball end mill","0.065","3","0.5","1.16902",,"2.5","carbide"
"Aluminum (Metric)","Harvey 5/64"" 3F Ball","Harvey General Use Endmills 3 Flute","ball end mill","0.078","3","0.94","1.0529",,"2.5","carbide"
"Aluminum (Metric)","Harvey 0.093"" 3F Flat","Harvey General Use Endmills 3 Flute","flat end mill","0.093","3","0.5","0.59681",,"2.5","carbide"
"Aluminum (Metric)","Harvey 0.015"" 3F Ball","Harvey General Use Endmills 3 Flute","ball end mill","0.015","3","0.023","0.31642",,"2.5","carbide"
"Aluminum (Metric)","Harvey 0.018"" 3F Flat","Harvey General Use Endmills 3 Flute","flat end mill","0.018","3","0.027","0.39322",,"2.5","carbide"
"Aluminum (Metric)","Harvey 1/16"" 3F Bull R0.015","Harvey General Use Endmills 3 Flute","bull nose end mill","0.062","3","0.093","0.21006","0.015","1.5","carbide"
"Aluminum (Metric)","Harvey 0.25"" 3F Bull R0.005","Harvey General Use Endmills 3 Flute","bull nose end mill","0.25","3","0.75","0.875","0.005","2.5","carbide"
"Aluminum (Metric)","Harvey 0.016"" 3F Flat","Harvey General Use Endmills 3 Flute","flat end mill","0.016","3","0.024","0.38068",,"2.5","carbide"
"Aluminum (Metric)","Harvey 0.065"" 3F Flat","Harvey General Use Endmills 3 Flute","flat end mill","0.065","3","0.195","0.30946",,"1.5","carbide"
"Aluminum (Metric)","Harvey 1/16"" 3F Bull R0.01","Harvey General Use Endmills 3 Flute","bull nose end mill","0.062","3","0.093","1.12422","0.01","2.5","carbide"
"Aluminum (Metric)","Harvey 0.035"" 3F Flat","Harvey General Use Endmills 3 Flute","flat end mill","0.035","3","0.218","0.377",,"2.5","carbide"
"Aluminum (Metric)","Harvey 0.01"" 3F Bull R0.003","Harvey General Use Endmills 3 Flute","bull nose end mill","0.01","3","0.015","0.34308","0.003","2.5","carbide"
"Aluminum (Metric)","Harvey 3/16"" 3F Ball","Harvey General Use Endmills 3 Flute","ball end mill","0.1875","3","0.312","0.40575",,"2","carbide"
"Aluminum (Metric)","Harvey 0.031"" 3F Bull R0.003","Harvey General Use Endmills 3 Flute","bull nose end mill","0.031","3","0.046","0.38304","0.003","2.5","carbide"
"Aluminum (Metric)","Harvey 0.04"" 3F Bull R0.01","Harvey General Use Endmills 3 Flute","bull nose end mill","0.04","3","0.06","0.53732","0.01","2.5","carbide"
"Aluminum (Metric)","Harvey 0.005"" 3F Ball","Harvey General Use Endmills 3 Flute","ball end mill","0.005","3","0.025","0.21617",,"2.5","carbide"
"Aluminum (Metric)","Harvey 0.04"" 3F Flat","Harvey General Use Endmills 3 Flute","flat end mill","0.04","3","0.2","0.61232",,"2.5","carbide"
"Aluminum (Metric)","Harvey 0.03"" 3F Flat","Harvey General Use Endmills 3 Flute","flat end mill","0.03","3","0.045","0.41578",,"2.5","carbide"
"Aluminum (Metric)","Harvey 0.025"" 3F Flat","Harvey General Use Endmills 3 Flute","flat end mill","0.025","3","0.037","0.48744",,"2.5","carbide"
"Aluminum (Metric)","Harvey 0.075"" 3F Ball","Harvey General Use Endmills 3 Flute","ball end mill","0.075","3","0.5","0.61611",,"2.5","carbide"
"Aluminum (Metric)","Harvey 0.055"" 3F Flat","Harvey General Use Endmills 3 Flute","flat end mill","0.055","3","0.082","1.18634",,"2.5","carbide"
"Aluminum (Metric)","Harvey 1/16"" 3F Flat","Harvey General Use Endmills 3 Flute","flat end mill","0.062","3","0.562","0.69205",,"2.5","carbide"
"Aluminum (Metric)","Harvey 0.031"" 3F Flat","Harvey General Use Endmills 3 Flute","flat end mill","0.031","3","0.046","0.85204",,"2.5","carbide"
"Aluminum (Metric)","Harvey 0.02"" 3F Ball","Harvey General Use Endmills 3 Flute","ball end mill","0.02","3","0.03","0.38576",,"2.5","carbide"
"Aluminum (Metric)","Harvey 5/64"" 3F Flat","Harvey General Use Endmills 3 Flute","flat end mill","0.078","3","0.117","2.0965",,"3","carbide"
"Aluminum (Metric)","Harvey 0.02"" 3F Bull R0.005","Harvey General Use Endmills 3 Flute","bull nose end mill","0.02","3","0.03","0.34576","0.005","2.5","carbide"
"Aluminum (Metric)","Harvey 0.04"" 3F Flat","Harvey General Use Endmills 3 Flute","flat end mill","0.04","3","0.06","1.01232",,"2.5","carbide"
"Aluminum (Metric)","Harvey 1/16"" 3F Bull R0.012","Harvey General Use Endmills 3 Flute","bull nose end mill","0.062","3","0.093","0.67422","0.012","2.5","carbide"
"Aluminum (Metric)","Harvey 0.039"" 3F Flat","Harvey General Use Endmills 3 Flute","flat end mill","0.039","3","0.059","0.81318",,"2.5","carbide"
"Aluminum (Metric)","Harvey 0.07"" 3F Ball","Harvey General Use Endmills 3 Flute","ball end mill","0.07","3","0.105","0.66736",,"2.5","carbide"
"Aluminum (Metric)","Harvey 0.039"" 3F Flat","Harvey General Use Endmills 3 Flute","flat end mill","0.039","3","0.4","0.55471",,"2.5","carbide"
"Aluminum (Metric)","Harvey 0.05"" 3F Flat","Harvey General Use Endmills 3 Flute","flat end mill","0.05","3","0.075","0.795",,"2.5","carbide"
"Aluminum (Metric)","Harvey 1/8"" 3F Ball","Harvey General Use Endmills 3 Flute","ball end mill","0.125","3","0.187","1.31596",,"2.5","carbide"
"Aluminum (Metric)","Harvey 0.055"" 3F Flat","Harvey General Use Endmills 3 Flute","flat end mill","0.055","3","0.33","0.46756",,"2.5","carbide"
"Aluminum (Metric)","Harvey 0.03"" 3F Flat","Harvey General Use Endmills 3 Flute","flat end mill","0.03","3","0.15","0.67878",,"2.5","carbide"
"Aluminum (Metric)","Harvey 0.047"" 3F Flat","Harvey General Use Endmills 3 Flute","flat end mill","0.047","3","0.57","0.71614",,"2.5","carbide"
"Aluminum (Metric)","Harvey 7/32"" 3F Ball","Harvey General Use Endmills 3 Flute","ball end mill","0.2187","3","0.625","0.80841",,"2.5","carbide"
"Aluminum (Metric)","Harvey 0.024"" 3F Ball","Harvey General Use Endmills 3 Flute","ball end mill","0.024","3","0.036","0.43116",,"2.5","carbide"
"Aluminum (Metric)","Harvey 0.047"" 3F Ball","Harvey General Use Endmills 3 Flute","ball end mill","0.047","3","0.57","0.71614",,"2.5","carbide"
"Aluminum (Metric)","Harvey 0.025"" 3F Flat","Harvey General Use Endmills 3 Flute","flat end mill","0.025","3","0.038","0.44044",,"2.5","carbide"
"Aluminum (Metric)","Harvey 0.059"" 3F Flat","Harvey General Use Endmills 3 Flute","flat end mill","0.059","3","0.177","0.29666",,"1.5","carbide"
"Aluminum (Metric)","Harvey 5/32"" 3F Flat","Harvey General Use Endmills 3 Flute","flat end mill","0.1562","3","0.234","2.03023",,"4","carbide"
"Aluminum (Metric)","Harvey 5/64"" 3F Ball","Harvey General Use Endmills 3 Flute","ball end mill","0.078","3","1.187","1.2999",,"2.5","carbide"
"Aluminum (Metric)","Harvey 0.06"" 3F Bull R0.01","Harvey General Use Endmills 3 Flute","bull nose end mill","0.06","3","0.09","0.67768","0.01","2.5","carbide"
"Aluminum (Metric)","Harvey 0.025"" 3F Flat","Harvey General Use Endmills 3 Flute","flat end mill","0.025","3","0.075","0.2241",,"1.5","carbide"
"Aluminum (Metric)","Harvey 0.008"" 3F Flat","Harvey General Use Endmills 3 Flute","flat end mill","0.008","3","0.012","0.30654",,"2.5","carbide"
"Aluminum (Metric)","Harvey 0.09"" 3F Flat","Harvey General Use Endmills 3 Flute","flat end mill","0.09","3","0.75","0.85003",,"2.5","carbide"
"Aluminum (Metric)","Harvey 0.015"" 3F Flat","Harvey General Use Endmills 3 Flute","flat end mill","0.015","3","0.075","0.40442",,"2.5","carbide"
"Aluminum (Metric)","Harvey 0.031"" 3F Flat","Harvey General Use Endmills 3 Flute","flat end mill","0.031","3","0.046","1.16404",,"2.5","carbide"
"Aluminum (Metric)","Harvey 0.039"" 3F Flat","Harvey General Use Endmills 3 Flute","flat end mill","0.039","3","0.281","0.43571",,"2.5","carbide"
"Aluminum (Metric)","Harvey 5/64"" 3F Ball","Harvey General Use Endmills 3 Flute","ball end mill","0.078","3","0.117","0.3805",,"2.5","carbide"
"Aluminum (Metric)","Harvey 0.02"" 3F Ball","Harvey General Use Endmills 3 Flute","ball end mill","0.02","3","0.03","0.84576",,"2.5","carbide"
"Aluminum (Metric)","Harvey 3/16"" 3F Ball","Harvey General Use Endmills 3 Flute","ball end mill","0.1875","3","0.281","1.97265",,"4","carbide"
"Aluminum (Metric)","Harvey 1/16"" 3F Bull R0.01","Harvey General Use Endmills 3 Flute","bull nose end mill","0.062","3","0.093","0.36022","0.01","2.5","carbide"
"Aluminum (Metric)","Harvey 0.035"" 3F Flat","Harvey General Use Endmills 3 Flute","flat end mill","0.035","3","0.14","0.299",,"2.5","carbide"
"Aluminum (Metric)","Harvey 0.025"" 3F Ball","Harvey General Use Endmills 3 Flute","ball end mill","0.025","3","0.037","0.48744",,"2.5","carbide"
"Aluminum (Metric)","Harvey 0.01"" 3F Flat","Harvey General Use Endmills 3 Flute","flat end mill","0.01","3","0.015","0.36308",,"2.5","carbide"
"Aluminum (Metric)","Harvey 0.039"" 3F Ball","Harvey General Use Endmills 3 Flute","ball end mill","0.039","3","0.203","0.35771",,"2.5","carbide"
"Aluminum (Metric)","Harvey 0.1"" 3F Flat","Harvey General Use Endmills 3 Flute","flat end mill","0.1","3","0.15","1.3084",,"2.5","carbide"
"Aluminum (Metric)","Harvey 0.015"" 3F Ball","Harvey General Use Endmills 3 Flute","ball end mill","0.015","3","0.022","0.55442",,"2.5","carbide"
"Aluminum (Metric)","Harvey 0.03"" 3F Flat","Harvey General Use Endmills 3 Flute","flat end mill","0.03","3","0.187","0.35136",,"2.5","carbide"
"Aluminum (Metric)","Harvey 1/16"" 3F Ball","Harvey General Use Endmills 3 Flute","ball end mill","0.062","3","0.5","0.79922",,"2.5","carbide"
"Aluminum (Metric)","Harvey 0.03"" 3F Flat","Harvey General Use Endmills 3 Flute","flat end mill","0.03","3","0.125","0.28936",,"2.5","carbide"
"Aluminum (Metric)","Harvey 0.031"" 3F Flat","Harvey General Use Endmills 3 Flute","flat end mill","0.031","3","0.093","0.23691",,"1.5","carbide"
"Aluminum (Metric)","Harvey 1/16"" 3F Ball","Harvey General Use Endmills 3 Flute","ball end mill","0.062","3","0.093","0.42422",,"2.5","carbide"
"Aluminum (Metric)","Harvey 1/8"" 3F Ball","Harvey General Use Endmills 3 Flute","ball end mill","0.125","3","0.187","0.56596",,"2.5","carbide"
"Aluminum (Metric)","Harvey 0.093"" 3F Bull R0.005","Harvey General Use Endmills 3 Flute","bull nose end mill","0.093","3","0.139","0.87052","0.005","2.5","carbide"
"Aluminum (Metric)","Harvey 0.095"" 3F Flat","Harvey General Use Endmills 3 Flute","flat end mill","0.095","3","0.5","0.59467",,"2.5","carbide"
"Aluminum (Metric)","Harvey 0.04"" 3F Ball","Harvey General Use Endmills 3 Flute","ball end mill","0.04","3","0.06","0.93232",,"2.5","carbide"
"Aluminum (Metric)","Harvey 0.011"" 3F Flat","Harvey General Use Endmills 3 Flute","flat end mill","0.011","3","0.033","0.19423",,"1.5","carbide"
"Aluminum (Metric)","Harvey 0.07"" 3F Flat","Harvey General Use Endmills 3 Flute","flat end mill","0.07","3","0.105","1.01036",,"2.5","carbide"
"Aluminum (Metric)","Harvey 0.01"" 3F Flat","Harvey General Use Endmills 3 Flute","flat end mill","0.01","3","0.04","0.22581",,"2.5","carbide"
"Aluminum (Metric)","Harvey 0.09"" 3F Ball","Harvey General Use Endmills 3 Flute","ball end mill","0.09","3","0.75","1.37572",,"2.5","carbide"
"Aluminum (Metric)","Harvey 0.1"" 3F Flat","Harvey General Use Endmills 3 Flute","flat end mill","0.1","3","0.4","0.48931",,"2.5","carbide"
"Aluminum (Metric)","Harvey 5/32"" 3F Bull R0.01","Harvey General Use Endmills 3 Flute","bull nose end mill","0.1562","3","0.234","1.40523","0.01","3","carbide"
"Aluminum (Metric)","Harvey 0.08"" 3F Bull R0.01","Harvey General Use Endmills 3 Flute","bull nose end mill","0.08","3","0.12","0.79304","0.01","2.5","carbide"
"Aluminum (Metric)","Harvey 0.04"" 3F Ball","Harvey General Use Endmills 3 Flute","ball end mill","0.04","3","0.06","0.61232",,"2.5","carbide"
"Aluminum (Metric)","Harvey 1/8"" 3F Ball","Harvey General Use Endmills 3 Flute","ball end mill","0.125","3","0.187","1.56596",,"3","carbide"
"Aluminum (Metric)","Harvey 0.029"" 3F Flat","Harvey General Use Endmills 3 Flute","flat end mill","0.029","3","0.043","0.3755",,"2.5","carbide"
"Aluminum (Metric)","Harvey 0.09"" 3F Bull R0.01","Harvey General Use Endmills 3 Flute","bull nose end mill","0.09","3","0.135","0.57572","0.01","2.5","carbide"
"Aluminum (Metric)","Harvey 0.093"" 3F Bull R0.015","Harvey General Use Endmills 3 Flute","bull nose end mill","0.093","3","0.139","0.87052","0.015","2.5","carbide"
"Aluminum (Metric)","Harvey 0.075"" 3F Flat","Harvey General Use Endmills 3 Flute","flat end mill","0.075","3","0.5","0.61611",,"2.5","carbide"
"Aluminum (Metric)","Harvey 0.035"" 3F Flat","Harvey General Use Endmills 3 Flute","flat end mill","0.035","3","0.25","0.409",,"2.5","carbide"
"Aluminum (Metric)","Harvey 0.025"" 3F Ball","Harvey General Use Endmills 3 Flute","ball end mill","0.025","3","0.037","0.36244",,"2.5","carbide"
"Aluminum (Metric)","Harvey 1/8"" 3F Bull R0.015","Harvey General Use Endmills 3 Flute","bull nose end mill","0.125","3","0.187","1.56596","0.015","3","carbide"
"Aluminum (Metric)","Harvey 0.008"" 3F Flat","Harvey General Use Endmills 3 Flute","flat end mill","0.008","3","0.064","0.25195",,"2.5","carbide"
"Aluminum (Metric)","Harvey 0.25"" 3F Flat","Harvey General Use Endmills 3 Flute","flat end mill","0.25","3","0.75","0.875",,"2.5","carbide"
"Aluminum (Metric)","Harvey 0.047"" 3F Flat","Harvey General Use Endmills 3 Flute","flat end mill","0.047","3","0.328","0.47414",,"2.5","carbide"
"Aluminum (Metric)","Harvey 0.028"" 3F Flat","Harvey General Use Endmills 3 Flute","flat end mill","0.028","3","0.042","0.37224",,"2.5","carbide"
"Aluminum (Metric)","Harvey 0.07"" 3F Flat","Harvey General Use Endmills 3 Flute","flat end mill","0.07","3","0.105","0.21513",,"1.5","carbide"
"Aluminum (Metric)","Harvey 0.093"" 3F Ball","Harvey General Use Endmills 3 Flute","ball end mill","0.093","3","0.139","1.52052",,"3","carbide"
"Aluminum (Metric)","Harvey 0.25"" 3F Bull R0.015","Harvey General Use Endmills 3 Flute","bull nose end mill","0.25","3","0.375","3.12846","0.015","6","carbide"
"Aluminum (Metric)","Harvey 0.055"" 3F Ball","Harvey General Use Endmills 3 Flute","ball end mill","0.055","3","0.385","0.95634",,"2.5","carbide"
"Aluminum (Metric)","Harvey 0.03"" 3F Flat","Harvey General Use Endmills 3 Flute","flat end mill","0.03","3","0.045","0.31878",,"2.5","carbide"
"Aluminum (Metric)","Harvey 0.02"" 3F Ball","Harvey General Use Endmills 3 Flute","ball end mill","0.02","3","0.06","0.31843",,"1.5","carbide"
"Aluminum (Metric)","Harvey 0.015"" 3F Flat","Harvey General Use Endmills 3 Flute","flat end mill","0.015","3","0.062","0.24245",,"2.5","carbide"
"Aluminum (Metric)","Harvey 0.045"" 3F Ball","Harvey General Use Endmills 3 Flute","ball end mill","0.045","3","0.067","0.57866",,"2.5","carbide"
"Aluminum (Metric)","Harvey 0.006"" 3F Flat","Harvey General Use Endmills 3 Flute","flat end mill","0.006","3","0.018","0.18356",,"1.5","carbide"
"Aluminum (Metric)","Harvey 0.118"" 3F Flat","Harvey General Use Endmills 3 Flute","flat end mill","0.118","3","0.625","0.69501",,"2.5","carbide"
"Aluminum (Metric)","Harvey 0.025"" 3F Flat","Harvey General Use Endmills 3 Flute","flat end mill","0.025","3","0.312","0.48173",,"2.5","carbide"
"Aluminum (Metric)","Harvey 0.031"" 3F Flat","Harvey General Use Endmills 3 Flute","flat end mill","0.031","3","0.046","0.91404",,"2.5","carbide"
"Aluminum (Metric)","Harvey 0.1"" 3F Bull R0.01","Harvey General Use Endmills 3 Flute","bull nose end mill","0.1","3","0.15","0.6084","0.01","2.5","carbide"
"Aluminum (Metric)","Harvey 1/8"" 3F Ball","Harvey General Use Endmills 3 Flute","ball end mill","0.125","3","1.25","1.3125",,"2.5","carbide"
"Aluminum (Metric)","Harvey 1/8"" 3F Ball","Harvey General Use Endmills 3 Flute","ball end mill","0.125","3","0.187","0.69096",,"2.5","carbide"
"Aluminum (Metric)","Harvey 0.093"" 3F Flat","Harvey General Use Endmills 3 Flute","flat end mill","0.093","3","0.85","0.94681",,"2.5","carbide"
"Aluminum (Metric)","Harvey 0.04"" 3F Ball","Harvey General Use Endmills 3 Flute","ball end mill","0.04","3","0.12","0.34111",,"1.5","carbide"
"Aluminum (Metric)","Harvey 0.035"" 3F Flat","Harvey General Use Endmills 3 Flute","flat end mill","0.035","3","0.053","0.50112",,"2.5","carbide"
"Aluminum (Metric)","Harvey 0.031"" 3F Flat","Harvey General Use Endmills 3 Flute","flat end mill","0.031","3","0.047","0.47704",,"2.5","carbide"
"Aluminum (Metric)","Harvey 1/16"" 3F Flat","Harvey General Use Endmills 3 Flute","flat end mill","0.062","3","0.093","0.48622",,"2.5","carbide"
"Aluminum (Metric)","Harvey 1/16"" 3F Bull R0.02","Harvey General Use Endmills 3 Flute","bull nose end mill","0.062","3","0.093","0.79922","0.02","2.5","carbide"
"Aluminum (Metric)","Harvey 0.141"" 3F Flat","Harvey General Use Endmills 3 Flute","flat end mill","0.1406","3","0.22","0.3372",,"2","carbide"
"Aluminum (Metric)","Harvey 0.093"" 3F Flat","Harvey General Use Endmills 3 Flute","flat end mill","0.093","3","0.139","0.97052",,"2.5","carbide"
"Aluminum (Metric)","Harvey 5/64"" 3F Flat","Harvey General Use Endmills 3 Flute","flat end mill","0.078","3","0.5","1.1465",,"2.5","carbide"
"Aluminum (Metric)","Harvey 0.093"" 3F Bull R0.005","Harvey General Use Endmills 3 Flute","bull nose end mill","0.093","3","0.14","1.07052","0.005","2.5","carbide"
"Aluminum (Metric)","Harvey 0.06"" 3F Flat","Harvey General Use Endmills 3 Flute","flat end mill","0.06","3","0.312","0.4442",,"2.5","carbide"
"Aluminum (Metric)","Harvey 0.05"" 3F Bull R0.005","Harvey General Use Endmills 3 Flute","bull nose end mill","0.05","3","0.075","0.595","0.005","2.5","carbide"
"Aluminum (Metric)","Harvey 0.07"" 3F Flat","Harvey General Use Endmills 3 Flute","flat end mill","0.07","3","0.5","0.62147",,"2.5","carbide"
"Aluminum (Metric)","Harvey 0.019"" 3F Flat","Harvey General Use Endmills 3 Flute","flat end mill","0.019","3","0.057","0.2113",,"1.5","carbide"
"Aluminum (Metric)","Harvey 5/64"" 3F Flat","Harvey General Use Endmills 3 Flute","flat end mill","0.078","3","0.8","0.9129",,"2.5","carbide"
"Aluminum (Metric)","Harvey 0.05"" 3F Flat","Harvey General Use Endmills 3 Flute","flat end mill","0.05","3","0.5","0.64292",,"2.5","carbide"
"Aluminum (Metric)","Harvey 0.118"" 3F Bull R0.01","Harvey General Use Endmills 3 Flute","bull nose end mill","0.118","3","0.177","1.02722","0.01","2.5","carbide"
"Aluminum (Metric)","Harvey 0.022"" 3F Flat","Harvey General Use Endmills 3 Flute","flat end mill","0.022","3","0.066","0.2177",,"1.5","carbide"
"Aluminum (Metric)","Harvey 3/16"" 3F Ball","Harvey General Use Endmills 3 Flute","ball end mill","0.1875","3","0.281","1.25365",,"3","carbide"
"Aluminum (Metric)","Harvey 5/64"" 3F Bull R0.005","Harvey General Use Endmills 3 Flute","bull nose end mill","0.078","3","0.234","0.3372","0.005","1.5","carbide"
"Aluminum (Metric)","Harvey 0.075"" 3F Flat","Harvey General Use Endmills 3 Flute","flat end mill","0.075","3","0.375","0.49111",,"2.5","carbide"
"Aluminum (Metric)","Harvey 0.039"" 3F Flat","Harvey General Use Endmills 3 Flute","flat end mill","0.039","3","0.059","0.69318",,"2.5","carbide"
"Aluminum (Metric)","Harvey 0.093"" 3F Ball","Harvey General Use Endmills 3 Flute","ball end mill","0.093","3","0.75","1.37052",,"2.5","carbide"
"Aluminum (Metric)","Harvey 0.08"" 3F Ball","Harvey General Use Endmills 3 Flute","ball end mill","0.08","3","0.24","0.38647",,"1.5","carbide"
"Aluminum (Metric)","Harvey 0.093"" 3F Flat","Harvey General Use Endmills 3 Flute","flat end mill","0.093","3","0.75","0.84681",,"2.5","carbide"
"Aluminum (Metric)","Harvey 0.047"" 3F Flat","Harvey General Use Endmills 3 Flute","flat end mill","0.047","3","0.07","1.6062",,"2.5","carbide"
"Aluminum (Metric)","Harvey 0.12"" 3F Flat","Harvey General Use Endmills 3 Flute","flat end mill","0.12","3","0.18","1.07376",,"2.5","carbide"
"Aluminum (Metric)","Harvey 0.025"" 3F Ball","Harvey General Use Endmills 3 Flute","ball end mill","0.025","3","0.037","0.54944",,"2.5","carbide"
"Aluminum (Metric)","Harvey 0.022"" 3F Ball","Harvey General Use Endmills 3 Flute","ball end mill","0.022","3","0.033","0.35264",,"2.5","carbide"
"Aluminum (Metric)","Harvey 0.027"" 3F Flat","Harvey General Use Endmills 3 Flute","flat end mill","0.027","3","0.081","0.22837",,"1.5","carbide"
"Aluminum (Metric)","Harvey 1/16"" 3F Bull R0.015","Harvey General Use Endmills 3 Flute","bull nose end mill","0.062","3","0.093","0.67422","0.015","2.5","carbide"
"Aluminum (Metric)","Harvey 1/16"" 3F Bull R0.003","Harvey General Use Endmills 3 Flute","bull nose end mill","0.062","3","0.093","0.67422","0.003","2.5","carbide"
"Aluminum (Metric)","Harvey 0.093"" 3F Flat","Harvey General Use Endmills 3 Flute","flat end mill","0.093","3","1.4","1.49681",,"3","carbide"
"Aluminum (Metric)","Harvey 0.045"" 3F Ball","Harvey General Use Endmills 3 Flute","ball end mill","0.045","3","0.225","0.65366",,"2.5","carbide"
"Aluminum (Metric)","Harvey 0.025"" 3F Bull R0.005","Harvey General Use Endmills 3 Flute","bull nose end mill","0.025","3","0.037","0.48744","0.005","2.5","carbide"
"Aluminum (Metric)","Harvey 5/64"" 3F Flat","Harvey General Use Endmills 3 Flute","flat end mill","0.078","3","0.117","1.5465",,"3","carbide"
"Aluminum (Metric)","Harvey 5/32"" 3F Bull R0.03","Harvey General Use Endmills 3 Flute","bull nose end mill","0.156","3","0.234","1.40523","0.03","3","carbide"
"Aluminum (Metric)","Harvey 0.12"" 3F Flat","Harvey General Use Endmills 3 Flute","flat end mill","0.12","3","0.18","0.69876",,"2.5","carbide"
"Aluminum (Metric)","Harvey 1/16"" 3F Ball","Harvey General Use Endmills 3 Flute","ball end mill","0.062","3","0.375","0.50505",,"2.5","carbide"
"Aluminum (Metric)","Harvey 1/16"" 3F Flat","Harvey General Use Endmills 3 Flute","flat end mill","0.062","3","0.5","1.17422",,"2.5","carbide"
"Aluminum (Metric)","Harvey 5/64"" 3F Ball","Harvey General Use Endmills 3 Flute","ball end mill","0.078","3","0.117","0.7715",,"2.5","carbide"
"Aluminum (Metric)","Harvey 3/8"" 3F Ball","Harvey General Use Endmills 3 Flute","ball end mill","0.375","3","0.57","3.19183",,"6","carbide"
"Aluminum (Metric)","Harvey 0.093"" 3F Flat","Harvey General Use Endmills 3 Flute","flat end mill","0.093","3","0.139","1.99552",,"4","carbide"
"Aluminum (Metric)","Harvey 1/8"" 3F Bull R0.02","Harvey General Use Endmills 3 Flute","bull nose end mill","0.125","3","0.187","0.69096","0.02","2.5","carbide"
"Aluminum (Metric)","Harvey 1/8"" 3F Bull R0.01","Harvey General Use Endmills 3 Flute","bull nose end mill","0.125","3","0.187","1.31596","0.01","2.5","carbide"
"Aluminum (Metric)","Harvey 0.019"" 3F Ball","Harvey General Use Endmills 3 Flute","ball end mill","0.019","3","0.029","0.39948",,"2.5","carbide"
"Aluminum (Metric)","Harvey 0.055"" 3F Flat","Harvey General Use Endmills 3 Flute","flat end mill","0.055","3","0.275","0.41256",,"2.5","carbide"
"Aluminum (Metric)","Harvey 1/8"" 3F Flat","Harvey General Use Endmills 3 Flute","flat end mill","0.125","3","0.187","0.69096",,"2.5","carbide"
"Aluminum (Metric)","Harvey 0.118"" 3F Flat","Harvey General Use Endmills 3 Flute","flat end mill","0.118","3","0.177","1.02722",,"2.5","carbide"
"Aluminum (Metric)","Harvey 1/8"" 3F Bull R0.025","Harvey General Use Endmills 3 Flute","bull nose end mill","0.125","3","0.187","1.06596","0.025","2.5","carbide"
"Aluminum (Metric)","Harvey 0.012"" 3F Ball","Harvey General Use Endmills 3 Flute","ball end mill","0.012","3","0.018","0.3196",,"2.5","carbide"
"Aluminum (Metric)","Harvey 0.023"" 3F Flat","Harvey General Use Endmills 3 Flute","flat end mill","0.023","3","0.069","0.21983",,"1.5","carbide"
"Aluminum (Metric)","Harvey 0.06"" 3F Flat","Harvey General Use Endmills 3 Flute","flat end mill","0.06","3","0.09","1.37768",,"2.5","carbide"
"Aluminum (Metric)","Harvey 0.093"" 3F Flat","Harvey General Use Endmills 3 Flute","flat end mill","0.093","3","0.139","1.37052",,"2.5","carbide"
"Aluminum (Metric)","Harvey 5/64"" 3F Bull R0.015","Harvey General Use Endmills 3 Flute","bull nose end mill","0.078","3","0.117","0.3805","0.015","2.5","carbide"
"Aluminum (Metric)","Harvey 3/16"" 3F Flat","Harvey General Use Endmills 3 Flute","flat end mill","0.1875","3","0.281","1.97265",,"4","carbide"
"Aluminum (Metric)","Harvey 0.015"" 3F Flat","Harvey General Use Endmills 3 Flute","flat end mill","0.015","3","0.022","0.55442",,"2.5","carbide"
"Aluminum (Metric)","Harvey 0.039"" 3F Flat","Harvey General Use Endmills 3 Flute","flat end mill","0.039","3","0.059","0.33018",,"2.5","carbide"
"Aluminum (Metric)","Harvey 0.015"" 3F Bull R0.003","Harvey General Use Endmills 3 Flute","bull nose end mill","0.015","3","0.022","0.37942","0.003","2.5","carbide"
"Aluminum (Metric)","Harvey 0.141"" 3F Bull R0.015","Harvey General Use Endmills 3 Flute","bull nose end mill","0.1406","3","0.22","0.3372","0.015","2","carbide"
"Aluminum (Metric)","Harvey 0.055"" 3F Flat","Harvey General Use Endmills 3 Flute","flat end mill","0.055","3","0.22","0.35756",,"2.5","carbide"
"Aluminum (Metric)","Harvey 5/64"" 3F Bull R0.01","Harvey General Use Endmills 3 Flute","bull nose end mill","0.078","3","0.117","0.9465","0.01","2.5","carbide"
"Aluminum (Metric)","Harvey 0.06"" 3F Flat","Harvey General Use Endmills 3 Flute","flat end mill","0.06","3","0.09","1.23968",,"2.5","carbide"
"Aluminum (Metric)","Harvey 0.05"" 3F Ball","Harvey General Use Endmills 3 Flute","ball end mill","0.05","3","0.075","0.27745",,"1.5","carbide"
"Aluminum (Metric)","Harvey 0.018"" 3F Ball","Harvey General Use Endmills 3 Flute","ball end mill","0.018","3","0.027","0.33922",,"2.5","carbide"
"Aluminum (Metric)","Harvey 0.035"" 3F Ball","Harvey General Use Endmills 3 Flute","ball end mill","0.035","3","0.175","0.334",,"2.5","carbide"
"Aluminum (Metric)","Harvey 0.045"" 3F Flat","Harvey General Use Endmills 3 Flute","flat end mill","0.045","3","0.281","0.42928",,"2.5","carbide"
"Aluminum (Metric)","Harvey 0.25"" 3F Bull R0.01","Harvey General Use Endmills 3 Flute","bull nose end mill","0.25","3","0.75","0.875","0.01","2.5","carbide"
"Aluminum (Metric)","Harvey 0.047"" 3F Flat","Harvey General Use Endmills 3 Flute","flat end mill","0.047","3","0.07","1.0502",,"2.5","carbide"
"Aluminum (Metric)","Harvey 1/8"" 3F Ball","Harvey General Use Endmills 3 Flute","ball end mill","0.125","3","0.187","2.56596",,"4","carbide"
"Aluminum (Metric)","Harvey 0.08"" 3F Flat","Harvey General Use Endmills 3 Flute","flat end mill","0.08","3","0.12","0.22147",,"1.5","carbide"
"Aluminum (Metric)","Harvey 0.025"" 3F Flat","Harvey General Use Endmills 3 Flute","flat end mill","0.025","3","0.037","0.1861",,"1.5","carbide"
"Aluminum (Metric)","Harvey 0.25"" 3F Bull R0.015","Harvey General Use Endmills 3 Flute","bull nose end mill","0.25","3","0.375","2.12846","0.015","4","carbide"
"Aluminum (Metric)","Harvey 0.015"" 3F Ball","Harvey General Use Endmills 3 Flute","ball end mill","0.015","3","0.022","0.29942",,"2.5","carbide"
"Aluminum (Metric)","Harvey 0.01"" 3F Bull R0.003","Harvey General Use Endmills 3 Flute","bull nose end mill","0.01","3","0.015","0.31308","0.003","2.5","carbide"
"Aluminum (Metric)","Harvey 0.06"" 3F Bull R0.005","Harvey General Use Endmills 3 Flute","bull nose end mill","0.06","3","0.09","0.67768","0.005","2.5","carbide"
"Aluminum (Metric)","Harvey 5/16"" 3F Flat","Harvey General Use Endmills 3 Flute","flat end mill","0.3125","3","0.47","1.78515",,"4","carbide"
"Aluminum (Metric)","Harvey 0.015"" 3F Flat","Harvey General Use Endmills 3 Flute","flat end mill","0.015","3","0.022","0.17976",,"1.5","carbide"
"Aluminum (Metric)","Harvey 1/8"" 3F Flat","Harvey General Use Endmills 3 Flute","flat end mill","0.125","3","0.75","0.8125",,"2.5","carbide"
"Aluminum (Metric)","Harvey 1/16"" 3F Ball","Harvey General Use Endmills 3 Flute","ball end mill","0.062","3","0.093","0.67422",,"2.5","carbide"
"Aluminum (Metric)","Harvey 0.031"" 3F Flat","Harvey General Use Endmills 3 Flute","flat end mill","0.031","3","0.125","0.28829",,"2.5","carbide"
"Aluminum (Metric)","Harvey 0.06"" 3F Ball","Harvey General Use Endmills 3 Flute","ball end mill","0.06","3","0.09","0.27379",,"1.5","carbide"
"Aluminum (Metric)","Harvey 0.023"" 3F Ball","Harvey General Use Endmills 3 Flute","ball end mill","0.023","3","0.035","0.4279",,"2.5","carbide"
"Aluminum (Metric)","Harvey 0.047"" 3F Ball","Harvey General Use Endmills 3 Flute","ball end mill","0.047","3","0.07","0.7702",,"2.5","carbide"
"Aluminum (Metric)","Harvey 0.05"" 3F Flat","Harvey General Use Endmills 3 Flute","flat end mill","0.05","3","0.075","0.945",,"2.5","carbide"
"Aluminum (Metric)","Harvey 0.093"" 3F Flat","Harvey General Use Endmills 3 Flute","flat end mill","0.093","3","0.139","0.49552",,"2.5","carbide"
"Aluminum (Metric)","Harvey 0.05"" 3F Bull R0.01","Harvey General Use Endmills 3 Flute","bull nose end mill","0.05","3","0.075","0.595","0.01","2.5","carbide"
"Aluminum (Metric)","Harvey 0.025"" 3F Flat","Harvey General Use Endmills 3 Flute","flat end mill","0.025","3","0.175","0.34473",,"2.5","carbide"
"Aluminum (Metric)","Harvey 0.115"" 3F Flat","Harvey General Use Endmills 3 Flute","flat end mill","0.115","3","0.173","0.68242",,"2.5","carbide"
"Aluminum (Metric)","Harvey 0.093"" 3F Flat","Harvey General Use Endmills 3 Flute","flat end mill","0.093","3","0.67","0.76681",,"2.5","carbide"
"Aluminum (Metric)","Harvey 0.06"" 3F Flat","Harvey General Use Endmills 3 Flute","flat end mill","0.06","3","0.09","0.61468",,"2.5","carbide"
"Aluminum (Metric)","Harvey 0.05"" 3F Flat","Harvey General Use Endmills 3 Flute","flat end mill","0.05","3","0.075","0.20245",,"1.5","carbide"
"Aluminum (Metric)","Harvey 0.06"" 3F Ball","Harvey General Use Endmills 3 Flute","ball end mill","0.06","3","0.5","1.17768",,"2.5","carbide"
"Aluminum (Metric)","Harvey 0.025"" 3F Flat","Harvey General Use Endmills 3 Flute","flat end mill","0.025","3","0.037","0.61244",,"2.5","carbide"
"Aluminum (Metric)","Harvey 5/32"" 3F Flat","Harvey General Use Endmills 3 Flute","flat end mill","0.1562","3","0.281","0.3904",,"2","carbide"
"Aluminum (Metric)","Harvey 1/16"" 3F Bull R0.015","Harvey General Use Endmills 3 Flute","bull nose end mill","0.062","3","0.093","0.92422","0.015","2.5","carbide"
"Aluminum (Metric)","Harvey 0.059"" 3F Flat","Harvey General Use Endmills 3 Flute","flat end mill","0.059","3","0.089","0.20866",,"1.5","carbide"
"Aluminum (Metric)","Harvey 3/16"" 3F Flat","Harvey General Use Endmills 3 Flute","flat end mill","0.1875","3","0.281","4.22265",,"6","carbide"
"Aluminum (Metric)","Harvey 0.093"" 3F Bull R0.008","Harvey General Use Endmills 3 Flute","bull nose end mill","0.093","3","0.139","0.62052","0.008","2.5","carbide"
"Aluminum (Metric)","Harvey 0.02"" 3F Ball","Harvey General Use Endmills 3 Flute","ball end mill","0.02","3","0.03","0.28843",,"1.5","carbide"
"Aluminum (Metric)","Harvey 0.04"" 3F Ball","Harvey General Use Endmills 3 Flute","ball end mill","0.04","3","0.06","0.45232",,"2.5","carbide"
"Aluminum (Metric)","Harvey 0.07"" 3F Flat","Harvey General Use Endmills 3 Flute","flat end mill","0.07","3","0.105","1.22236",,"2.5","carbide"
"Aluminum (Metric)","Harvey 0.109"" 3F Bull R0.005","Harvey General Use Endmills 3 Flute","bull nose end mill","0.109","3","0.163","0.66282","0.005","2.5","carbide"
"Aluminum (Metric)","Harvey 0.031"" 3F Ball","Harvey General Use Endmills 3 Flute","ball end mill","0.031","3","0.046","0.32004",,"2.5","carbide"
"Aluminum (Metric)","Harvey 3/8"" 3F Bull R0.04","Harvey General Use Endmills 3 Flute","bull nose end mill","0.375","3","1","1.1875","0.04","2.5","carbide"
"Aluminum (Metric)","Harvey 0.01"" 3F Flat","Harvey General Use Endmills 3 Flute","flat end mill","0.01","3","0.07","0.25581",,"2.5","carbide"
"Aluminum (Metric)","Harvey 1/16"" 3F Bull R0.015","Harvey General Use Endmills 3 Flute","bull nose end mill","0.062","3","0.186","0.30306","0.015","1.5","carbide"
"Aluminum (Metric)","Harvey 0.118"" 3F Ball","Harvey General Use Endmills 3 Flute","ball end mill","0.118","3","0.177","1.02722",,"2.5","carbide"
"Aluminum (Metric)","Harvey 0.065"" 3F Ball","Harvey General Use Endmills 3 Flute","ball end mill","0.065","3","0.097","0.69902",,"2.5","carbide"
"Aluminum (Metric)","Harvey 0.093"" 3F Ball","Harvey General Use Endmills 3 Flute","ball end mill","0.093","3","0.139","1.07052",,"2.5","carbide"
"Aluminum (Metric)","Harvey 1/8"" 3F Bull R0.005","Harvey General Use Endmills 3 Flute","bull nose end mill","0.125","3","0.187","0.2495","0.005","1.5","carbide"
"Aluminum (Metric)","Harvey 0.095"" 3F Flat","Harvey General Use Endmills 3 Flute","flat end mill","0.095","3","0.75","1.36706",,"2.5","carbide"
"Aluminum (Metric)","Harvey 0.055"" 3F Ball","Harvey General Use Endmills 3 Flute","ball end mill","0.055","3","0.082","0.63634",,"2.5","carbide"
"Aluminum (Metric)","Harvey 0.093"" 3F Bull R0.015","Harvey General Use Endmills 3 Flute","bull nose end mill","0.093","3","0.279","0.36921","0.015","1.5","carbide"
"Aluminum (Metric)","Harvey 0.141"" 3F Flat","Harvey General Use Endmills 3 Flute","flat end mill","0.1406","3","0.22","1.86295",,"4","carbide"
"Aluminum (Metric)","Harvey 0.05"" 3F Flat","Harvey General Use Endmills 3 Flute","flat end mill","0.05","3","0.075","0.595",,"2.5","carbide"
"Aluminum (Metric)","Harvey 0.065"" 3F Ball","Harvey General Use Endmills 3 Flute","ball end mill","0.065","3","0.5","1.16902",,"2.5","carbide"
"Aluminum (Metric)","Harvey 0.031"" 3F Flat","Harvey General Use Endmills 3 Flute","flat end mill","0.031","3","0.312","0.47529",,"2.5","carbide"
"Aluminum (Metric)","Harvey 1/8"" 3F Ball","Harvey General Use Endmills 3 Flute","ball end mill","0.125","3","0.875","0.9375",,"2.5","carbide"
"Aluminum (Metric)","Harvey 3/16"" 3F Flat","Harvey General Use Endmills 3 Flute","flat end mill","0.1875","3","0.281","1.40965",,"3","carbide"
"Aluminum (Metric)","Harvey 1/8"" 3F Flat","Harvey General Use Endmills 3 Flute","flat end mill","0.125","3","0.187","0.81596",,"2.5","carbide"
"Aluminum (Metric)","Harvey 1/16"" 3F Flat","Harvey General Use Endmills 3 Flute","flat end mill","0.062","3","0.093","1.12422",,"2.5","carbide"
"Aluminum (Metric)","Harvey 0.031"" 3F Ball","Harvey General Use Endmills 3 Flute","ball end mill","0.031","3","0.046","0.60204",,"2.5","carbide"
"Aluminum (Metric)","Harvey 0.093"" 3F Ball","Harvey General Use Endmills 3 Flute","ball end mill","0.093","3","0.14","2.93252",,"4","carbide"
"Aluminum (Metric)","Harvey 0.047"" 3F Ball","Harvey General Use Endmills 3 Flute","ball end mill","0.047","3","0.07","0.4502",,"2.5","carbide"
"Aluminum (Metric)","Harvey 0.093"" 3F Flat","Harvey General Use Endmills 3 Flute","flat end mill","0.093","3","0.5","0.87052",,"2.5","carbide"
"Aluminum (Metric)","Harvey 0.059"" 3F Flat","Harvey General Use Endmills 3 Flute","flat end mill","0.059","3","0.472","0.60527",,"2.5","carbide"
"Aluminum (Metric)","Harvey 1/16"" 3F Flat","Harvey General Use Endmills 3 Flute","flat end mill","0.062","3","0.093","0.86122",,"2.5","carbide"
"Aluminum (Metric)","Harvey 0.047"" 3F Flat","Harvey General Use Endmills 3 Flute","flat end mill","0.047","3","0.25","0.7702",,"2.5","carbide"
"Aluminum (Metric)","Harvey 0.07"" 3F Flat","Harvey General Use Endmills 3 Flute","flat end mill","0.07","3","0.105","0.86036",,"2.5","carbide"
"Aluminum (Metric)","Harvey 0.093"" 3F Flat","Harvey General Use Endmills 3 Flute","flat end mill","0.093","3","0.75","1.37052",,"2.5","carbide"
"Aluminum (Metric)","Harvey 1/8"" 3F Bull R0.03","Harvey General Use Endmills 3 Flute","bull nose end mill","0.125","3","0.5","0.5625","0.03","1.5","carbide"
"Aluminum (Metric)","Harvey 0.015"" 3F Flat","Harvey General Use Endmills 3 Flute","flat end mill","0.015","3","0.022","0.62942",,"2.5","carbide"
"Aluminum (Metric)","Harvey 0.031"" 3F Flat","Harvey General Use Endmills 3 Flute","flat end mill","0.031","3","0.47","0.63329",,"2.5","carbide"
"Aluminum (Metric)","Harvey 0.047"" 3F Ball","Harvey General Use Endmills 3 Flute","ball end mill","0.047","3","0.071","0.5282",,"2.5","carbide"
"Aluminum (Metric)","Harvey 0.045"" 3F Flat","Harvey General Use Endmills 3 Flute","flat end mill","0.045","3","0.067","0.88366",,"2.5","carbide"
"Aluminum (Metric)","Harvey 0.25"" 3F Ball","Harvey General Use Endmills 3 Flute","ball end mill","0.25","3","0.375","3.87846",,"6","carbide"
"Aluminum (Metric)","Harvey 3/16"" 3F Bull R0.015","Harvey General Use Endmills 3 Flute","bull nose end mill","0.1875","3","0.281","1.09765","0.015","3","carbide"
"Aluminum (Metric)","Harvey 0.141"" 3F Flat","Harvey General Use Endmills 3 Flute","flat end mill","0.1406","3","0.22","0.60795",,"3","carbide"
"Aluminum (Metric)","Harvey 0.039"" 3F Ball","Harvey General Use Endmills 3 Flute","ball end mill","0.039","3","0.058","0.28098",,"1.5","carbide"
"Aluminum (Metric)","Harvey 0.005"" 3F Flat","Harvey General Use Endmills 3 Flute","flat end mill","0.005","3","0.007","0.31122",,"2.5","carbide"
"Aluminum (Metric)","Harvey 5/32"" 3F Ball","Harvey General Use Endmills 3 Flute","ball end mill","0.1562","3","0.234","2.03023",,"4","carbide"
"Aluminum (Metric)","Harvey 0.031"" 3F Ball","Harvey General Use Endmills 3 Flute","ball end mill","0.031","3","0.046","0.28391",,"1.5","carbide"
"Aluminum (Metric)","Harvey 0.095"" 3F Flat","Harvey General Use Endmills 3 Flute","flat end mill","0.095","3","0.95","1.04467",,"2.5","carbide"
"Aluminum (Metric)","Harvey 0.047"" 3F Ball","Harvey General Use Endmills 3 Flute","ball end mill","0.047","3","0.071","0.3872",,"2.5","carbide"
"Aluminum (Metric)","Harvey 0.025"" 3F Ball","Harvey General Use Endmills 3 Flute","ball end mill","0.025","3","0.203","0.37273",,"2.5","carbide"
"Aluminum (Metric)","Harvey 5/32"" 3F Flat","Harvey General Use Endmills 3 Flute","flat end mill","0.1562","3","0.234","1.40523",,"3","carbide"
"Aluminum (Metric)","Harvey 0.029"" 3F Ball","Harvey General Use Endmills 3 Flute","ball end mill","0.029","3","0.043","0.3755",,"2.5","carbide"
"Aluminum (Metric)","Harvey 0.095"" 3F Flat","Harvey General Use Endmills 3 Flute","flat end mill","0.095","3","0.143","0.61706",,"2.5","carbide"
"Aluminum (Metric)","Harvey 5/16"" 3F Bull R0.015","Harvey General Use Endmills 3 Flute","bull nose end mill","0.3125","3","0.47","2.66015","0.015","4","carbide"
"Aluminum (Metric)","Harvey 0.047"" 3F Ball","Harvey General Use Endmills 3 Flute","ball end mill","0.047","3","0.07","0.3412",,"2.5","carbide"
"Aluminum (Metric)","Harvey 0.09"" 3F Ball","Harvey General Use Endmills 3 Flute","ball end mill","0.09","3","0.135","0.26281",,"1.5","carbide"
"Aluminum (Metric)","Harvey 3/16"" 3F Flat","Harvey General Use Endmills 3 Flute","flat end mill","0.1875","3","0.625","0.71875",,"2","carbide"
"Aluminum (Metric)","Harvey 1/16"" 3F Bull R0.005","Harvey General Use Endmills 3 Flute","bull nose end mill","0.062","3","0.093","0.21006","0.005","1.5","carbide"
"Aluminum (Metric)","Harvey 0.06"" 3F Flat","Harvey General Use Endmills 3 Flute","flat end mill","0.06","3","0.09","0.55268",,"2.5","carbide"
"Aluminum (Metric)","Harvey 5/32"" 3F Flat","Harvey General Use Endmills 3 Flute","flat end mill","0.1562","3","0.234","0.35486",,"3","carbide"
"Aluminum (Metric)","Harvey 0.218"" 3F Ball","Harvey General Use Endmills 3 Flute","ball end mill","0.218","3","0.33","1.93736",,"4","carbide"
"Aluminum (Metric)","Harvey 0.047"" 3F Flat","Harvey General Use Endmills 3 Flute","flat end mill","0.047","3","0.25","0.70106",,"2.5","carbide"
"Aluminum (Metric)","Harvey 0.02"" 3F Flat","Harvey General Use Endmills 3 Flute","flat end mill","0.02","3","0.1","0.54576",,"2.5","carbide"
"Aluminum (Metric)","Harvey 0.08"" 3F Ball","Harvey General Use Endmills 3 Flute","ball end mill","0.08","3","0.12","0.79304",,"2.5","carbide"
"Aluminum (Metric)","Harvey 0.011"" 3F Flat","Harvey General Use Endmills 3 Flute","flat end mill","0.011","3","0.016","0.31634",,"2.5","carbide"
"Aluminum (Metric)","Harvey 0.045"" 3F Flat","Harvey General Use Endmills 3 Flute","flat end mill","0.045","3","0.225","0.37328",,"2.5","carbide"
"Aluminum (Metric)","Harvey 1/16"" 3F Ball","Harvey General Use Endmills 3 Flute","ball end mill","0.062","3","0.093","0.54922",,"2.5","carbide"
"Aluminum (Metric)","Harvey 1/8"" 3F Bull R0.03","Harvey General Use Endmills 3 Flute","bull nose end mill","0.125","3","0.187","0.69096","0.03","2.5","carbide"
"Aluminum (Metric)","Harvey 0.093"" 3F Bull R0.015","Harvey General Use Endmills 3 Flute","bull nose end mill","0.093","3","0.139","0.62052","0.015","2.5","carbide"
"Aluminum (Metric)","Harvey 5/32"" 3F Ball","Harvey General Use Endmills 3 Flute","ball end mill","0.1562","3","0.281","0.43316",,"2","carbide"
"Aluminum (Metric)","Harvey 1/16"" 3F Flat","Harvey General Use Endmills 3 Flute","flat end mill","0.062","3","0.093","0.61122",,"2.5","carbide"
"Aluminum (Metric)","Harvey 0.035"" 3F Ball","Harvey General Use Endmills 3 Flute","ball end mill","0.035","3","0.052","0.50112",,"2.5","carbide"
"Aluminum (Metric)","Harvey 5/64"" 3F Bull R0.005","Harvey General Use Endmills 3 Flute","bull nose end mill","0.078","3","0.117","0.7715","0.005","2.5","carbide"
"Aluminum (Metric)","Harvey 0.1"" 3F Ball","Harvey General Use Endmills 3 Flute","ball end mill","0.1","3","0.3","0.40915",,"1.5","carbide"
"Aluminum (Metric)","Harvey 0.093"" 3F Ball","Harvey General Use Endmills 3 Flute","ball end mill","0.093","3","1.4","1.49681",,"3","carbide"
"Aluminum (Metric)","Harvey 1/16"" 3F Ball","Harvey General Use Endmills 3 Flute","ball end mill","0.062","3","0.437","0.56705",,"2.5","carbide"
"Aluminum (Metric)","Harvey 0.06"" 3F Flat","Harvey General Use Endmills 3 Flute","flat end mill","0.06","3","0.625","0.7572",,"2.5","carbide"
"Aluminum (Metric)","Harvey 1/8"" 3F Bull R0.02","Harvey General Use Endmills 3 Flute","bull nose end mill","0.125","3","0.187","1.06596","0.02","2.5","carbide"
"Aluminum (Metric)","Harvey 0.25"" 3F Bull R0.015","Harvey General Use Endmills 3 Flute","bull nose end mill","0.25","3","0.375","0.5","0.015","2.5","carbide"
"Aluminum (Metric)","Harvey 0.06"" 3F Ball","Harvey General Use Endmills 3 Flute","ball end mill","0.06","3","0.312","0.4442",,"2.5","carbide"
"Aluminum (Metric)","Harvey 0.1"" 3F Flat","Harvey General Use Endmills 3 Flute","flat end mill","0.1","3","0.75","0.83931",,"2.5","carbide"
"Aluminum (Metric)","Harvey 0.031"" 3F Ball","Harvey General Use Endmills 3 Flute","ball end mill","0.031","3","0.046","0.85204",,"2.5","carbide"
"Aluminum (Metric)","Harvey 1/16"" 3F Bull R0.02","Harvey General Use Endmills 3 Flute","bull nose end mill","0.062","3","0.093","0.48622","0.02","2.5","carbide"
"Aluminum (Metric)","Harvey 0.025"" 3F Ball","Harvey General Use Endmills 3 Flute","ball end mill","0.025","3","0.075","0.3241",,"1.5","carbide"
"Aluminum (Metric)","Harvey 0.05"" 3F Ball","Harvey General Use Endmills 3 Flute","ball end mill","0.05","3","0.075","0.345",,"2.5","carbide"
"Aluminum (Metric)","Harvey 0.031"" 3F Ball","Harvey General Use Endmills 3 Flute","ball end mill","0.031","3","0.218","0.38129",,"2.5","carbide"
"Aluminum (Metric)","Harvey 0.093"" 3F Bull R0.008","Harvey General Use Endmills 3 Flute","bull nose end mill","0.093","3","0.14","0.87052","0.008","2.5","carbide"
"Aluminum (Metric)","Harvey 0.011"" 3F Ball","Harvey General Use Endmills 3 Flute","ball end mill","0.011","3","0.016","0.31634",,"2.5","carbide"
"Aluminum (Metric)","Harvey 0.047"" 3F Flat","Harvey General Use Endmills 3 Flute","flat end mill","0.047","3","0.07","0.3872",,"2.5","carbide"
"Aluminum (Metric)","Harvey 0.04"" 3F Bull R0.005","Harvey General Use Endmills 3 Flute","bull nose end mill","0.04","3","0.06","0.53732","0.005","2.5","carbide"
"Aluminum (Metric)","Harvey 0.141"" 3F Flat","Harvey General Use Endmills 3 Flute","flat end mill","0.1406","3","0.22","1.30795",,"3","carbide"
"Aluminum (Metric)","Harvey 0.01"" 3F Ball","Harvey General Use Endmills 3 Flute","ball end mill","0.01","3","0.015","0.44308",,"2.5","carbide"
"Aluminum (Metric)","Harvey 0.093"" 3F Flat","Harvey General Use Endmills 3 Flute","flat end mill","0.093","3","0.139","0.22921",,"1.5","carbide"
"Aluminum (Metric)","Harvey 0.02"" 3F Ball","Harvey General Use Endmills 3 Flute","ball end mill","0.02","3","0.1","0.44576",,"2.5","carbide"
"Aluminum (Metric)","Harvey 0.025"" 3F Ball","Harvey General Use Endmills 3 Flute","ball end mill","0.025","3","0.038","0.38744",,"2.5","carbide"
"Aluminum (Metric)","Harvey 0.025"" 3F Ball","Harvey General Use Endmills 3 Flute","ball end mill","0.025","3","0.037","0.61244",,"2.5","carbide"
"Aluminum (Metric)","Harvey 1/8"" 3F Flat","Harvey General Use Endmills 3 Flute","flat end mill","0.125","3","0.625","0.6875",,"2.5","carbide"
"Aluminum (Metric)","Harvey 0.02"" 3F Ball","Harvey General Use Endmills 3 Flute","ball end mill","0.02","3","0.03","0.60576",,"2.5","carbide"
"Aluminum (Metric)","Harvey 0.014"" 3F Ball","Harvey General Use Endmills 3 Flute","ball end mill","0.014","3","0.021","0.32614",,"2.5","carbide"
"Aluminum (Metric)","Harvey 3/16"" 3F Bull R0.045","Harvey General Use Endmills 3 Flute","bull nose end mill","0.1875","3","0.281","1.09765","0.045","3","carbide"
"Aluminum (Metric)","Harvey 0.118"" 3F Ball","Harvey General Use Endmills 3 Flute","ball end mill","0.118","3","0.625","0.69501",,"2.5","carbide"
"Aluminum (Metric)","Harvey 0.05"" 3F Flat","Harvey General Use Endmills 3 Flute","flat end mill","0.05","3","0.4","0.54292",,"2.5","carbide"
"Aluminum (Metric)","Harvey 0.1"" 3F Flat","Harvey General Use Endmills 3 Flute","flat end mill","0.1","3","0.6","0.68931",,"2.5","carbide"
"Aluminum (Metric)","Harvey 3/16"" 3F Flat","Harvey General Use Endmills 3 Flute","flat end mill","0.1875","3","0.281","0.37475",,"3","carbide"
"Aluminum (Metric)","Harvey 0.25"" 3F Flat","Harvey General Use Endmills 3 Flute","flat end mill","0.25","3","0.375","1.62846",,"4","carbide"
"Aluminum (Metric)","Harvey 1/8"" 3F Ball","Harvey General Use Endmills 3 Flute","ball end mill","0.125","3","0.187","0.94096",,"2.5","carbide"
"Aluminum (Metric)","Harvey 0.031"" 3F Flat","Harvey General Use Endmills 3 Flute","flat end mill","0.031","3","0.281","0.44429",,"2.5","carbide"
"Aluminum (Metric)","Harvey 3/16"" 3F Ball","Harvey General Use Endmills 3 Flute","ball end mill","0.1875","3","0.281","1.09765",,"3","carbide"
"Aluminum (Metric)","Harvey 1/16"" 3F Ball","Harvey General Use Endmills 3 Flute","ball end mill","0.062","3","0.093","1.29922",,"2.5","carbide"
"Aluminum (Metric)","Harvey 0.015"" 3F Flat","Harvey General Use Endmills 3 Flute","flat end mill","0.015","3","0.023","0.37942",,"2.5","carbide"
"Aluminum (Metric)","Harvey 3/8"" 3F Flat","Harvey General Use Endmills 3 Flute","flat end mill","0.375","3","1","1.1875",,"2.5","carbide"
"Aluminum (Metric)","Harvey 0.141"" 3F Bull R0.015","Harvey General Use Endmills 3 Flute","bull nose end mill","0.1406","3","0.425","0.5422","0.015","2","carbide"
"Aluminum (Metric)","Harvey 1/16"" 3F Bull R0.008","Harvey General Use Endmills 3 Flute","bull nose end mill","0.062","3","0.093","0.48622","0.008","2.5","carbide"
"Aluminum (Metric)","Harvey 1/8"" 3F Bull R0.015","Harvey General Use Endmills 3 Flute","bull nose end mill","0.125","3","0.5","0.5625","0.015","1.5","carbide"
"Aluminum (Metric)","Harvey 0.055"" 3F Flat","Harvey General Use Endmills 3 Flute","flat end mill","0.055","3","0.082","0.20512",,"1.5","carbide"
"Aluminum (Metric)","Harvey 0.075"" 3F Flat","Harvey General Use Endmills 3 Flute","flat end mill","0.075","3","0.75","0.86611",,"2.5","carbide"
"Aluminum (Metric)","Harvey 0.023"" 3F Flat","Harvey General Use Endmills 3 Flute","flat end mill","0.023","3","0.035","0.3559",,"2.5","carbide"
"Aluminum (Metric)","Harvey 0.02"" 3F Flat","Harvey General Use Endmills 3 Flute","flat end mill","0.02","3","0.03","0.64576",,"2.5","carbide"
"Aluminum (Metric)","Harvey 0.09"" 3F Flat","Harvey General Use Endmills 3 Flute","flat end mill","0.09","3","0.27","0.36281",,"1.5","carbide"
"Aluminum (Metric)","Harvey 0.07"" 3F Ball","Harvey General Use Endmills 3 Flute","ball end mill","0.07","3","0.105","0.53536",,"2.5","carbide"
"Aluminum (Metric)","Harvey 0.03"" 3F Flat","Harvey General Use Endmills 3 Flute","flat end mill","0.03","3","0.045","0.76878",,"2.5","carbide"
"Aluminum (Metric)","Harvey 0.05"" 3F Flat","Harvey General Use Endmills 3 Flute","flat end mill","0.05","3","0.3","0.44292",,"2.5","carbide"
"Aluminum (Metric)","Harvey 1/8"" 3F Bull R0.04","Harvey General Use Endmills 3 Flute","bull nose end mill","0.125","3","0.187","0.69096","0.04","2.5","carbide"
"Aluminum (Metric)","Harvey 0.093"" 3F Ball","Harvey General Use Endmills 3 Flute","ball end mill","0.093","3","0.139","0.39952",,"2.5","carbide"
"Aluminum (Metric)","Harvey 0.25"" 3F Bull R0.01","Harvey General Use Endmills 3 Flute","bull nose end mill","0.25","3","0.375","0.5","0.01","2.5","carbide"
"Aluminum (Metric)","Harvey 0.01"" 3F Flat","Harvey General Use Endmills 3 Flute","flat end mill","0.01","3","0.06","0.24581",,"2.5","carbide"
"Aluminum (Metric)","Harvey 1/8"" 3F Ball","Harvey General Use Endmills 3 Flute","ball end mill","0.125","3","0.187","3.19096",,"4","carbide"
"Aluminum (Metric)","Harvey 3/16"" 3F Ball","Harvey General Use Endmills 3 Flute","ball end mill","0.1875","3","0.281","2.90965",,"4","carbide"
"Aluminum (Metric)","Harvey 3/16"" 3F Flat","Harvey General Use Endmills 3 Flute","flat end mill","0.1875","3","0.312","0.40575",,"2","carbide"
"Aluminum (Metric)","Harvey 0.1"" 3F Ball","Harvey General Use Endmills 3 Flute","ball end mill","0.1","3","0.15","1.3084",,"2.5","carbide"
"Aluminum (Metric)","Harvey 1/16"" 3F Ball","Harvey General Use Endmills 3 Flute","ball end mill","0.062","3","0.093","0.92422",,"2.5","carbide"
"Aluminum (Metric)","Harvey 0.06"" 3F Flat","Harvey General Use Endmills 3 Flute","flat end mill","0.06","3","0.5","1.17768",,"2.5","carbide"
"Aluminum (Metric)","Harvey 0.047"" 3F Flat","Harvey General Use Endmills 3 Flute","flat end mill","0.047","3","0.71","0.85614",,"2.5","carbide"
"Aluminum (Metric)","Harvey 0.019"" 3F Flat","Harvey General Use Endmills 3 Flute","flat end mill","0.019","3","0.029","0.34248",,"2.5","carbide"
"Aluminum (Metric)","Harvey 0.03"" 3F Ball","Harvey General Use Endmills 3 Flute","ball end mill","0.03","3","0.25","0.41436",,"2.5","carbide"
"Aluminum (Metric)","Harvey 0.055"" 3F Flat","Harvey General Use Endmills 3 Flute","flat end mill","0.055","3","0.082","0.57134",,"2.5","carbide"
"Aluminum (Metric)","Harvey 0.25"" 3F Bull R0.06","Harvey General Use Endmills 3 Flute","bull nose end mill","0.25","3","0.75","0.875","0.06","2.5","carbide"
"Aluminum (Metric)","Harvey 0.02"" 3F Ball","Harvey General Use Endmills 3 Flute","ball end mill","0.02","3","0.03","0.32576",,"2.5","carbide"
"Aluminum (Metric)","Harvey 0.045"" 3F Flat","Harvey General Use Endmills 3 Flute","flat end mill","0.045","3","0.068","0.57866",,"2.5","carbide"
"Aluminum (Metric)","Harvey 0.04"" 3F Flat","Harvey General Use Endmills 3 Flute","flat end mill","0.04","3","0.12","0.25611",,"1.5","carbide"
"Aluminum (Metric)","Harvey 0.25"" 3F Ball","Harvey General Use Endmills 3 Flute","ball end mill","0.25","3","1.5","2.1263",,"4","carbide"
"Aluminum (Metric)","Harvey 0.05"" 3F Ball","Harvey General Use Endmills 3 Flute","ball end mill","0.05","3","0.3","0.795",,"2.5","carbide"
"Aluminum (Metric)","Harvey 1/8"" 3F Flat","Harvey General Use Endmills 3 Flute","flat end mill","0.125","3","0.187","1.06596",,"2.5","carbide"
"Aluminum (Metric)","Harvey 0.03"" 3F Bull R0.005","Harvey General Use Endmills 3 Flute","bull nose end mill","0.03","3","0.045","0.47878","0.005","2.5","carbide"
"Aluminum (Metric)","Harvey 0.06"" 3F Ball","Harvey General Use Endmills 3 Flute","ball end mill","0.06","3","0.09","1.37768",,"2.5","carbide"
"Aluminum (Metric)","Harvey 0.013"" 3F Flat","Harvey General Use Endmills 3 Flute","flat end mill","0.013","3","0.039","0.19849",,"1.5","carbide"
"Aluminum (Metric)","Harvey 0.065"" 3F Flat","Harvey General Use Endmills 3 Flute","flat end mill","0.065","3","0.097","0.21146",,"1.5","carbide"
"Aluminum (Metric)","Harvey 0.04"" 3F Flat","Harvey General Use Endmills 3 Flute","flat end mill","0.04","3","0.06","0.41532",,"2.5","carbide"
"Aluminum (Metric)","Harvey 3/8"" 3F Bull R0.03","Harvey General Use Endmills 3 Flute","bull nose end mill","0.375","3","0.57","2.19183","0.03","4","carbide"
"Aluminum (Metric)","Harvey 0.039"" 3F Flat","Harvey General Use Endmills 3 Flute","flat end mill","0.039","3","0.059","0.61318",,"2.5","carbide"
"Aluminum (Metric)","Harvey 0.031"" 3F Flat","Harvey General Use Endmills 3 Flute","flat end mill","0.031","3","0.155","0.69704",,"2.5","carbide"
"Aluminum (Metric)","Harvey 0.03"" 3F Flat","Harvey General Use Endmills 3 Flute","flat end mill","0.03","3","0.045","0.18977",,"2.5","carbide"
"Aluminum (Metric)","Harvey 0.05"" 3F Flat","Harvey General Use Endmills 3 Flute","flat end mill","0.05","3","0.075","0.695",,"2.5","carbide"
"Aluminum (Metric)","Harvey 0.039"" 3F Bull R0.005","Harvey General Use Endmills 3 Flute","bull nose end mill","0.039","3","0.052","0.41618","0.005","2.5","carbide"
"Aluminum (Metric)","Harvey 0.07"" 3F Bull R0.01","Harvey General Use Endmills 3 Flute","bull nose end mill","0.07","3","0.105","0.73036","0.01","2.5","carbide"
"Aluminum (Metric)","Harvey 5/32"" 3F Ball","Harvey General Use Endmills 3 Flute","ball end mill","0.156","3","0.234","2.53023",,"4","carbide"
"Aluminum (Metric)","Harvey 1/16"" 3F Ball","Harvey General Use Endmills 3 Flute","ball end mill","0.062","3","0.5","0.79922",,"2.5","carbide"
"Aluminum (Metric)","Harvey 0.03"" 3F Ball","Harvey General Use Endmills 3 Flute","ball end mill","0.03","3","0.045","0.67878",,"2.5","carbide"
"Aluminum (Metric)","Harvey 0.07"" 3F Bull R0.01","Harvey General Use Endmills 3 Flute","bull nose end mill","0.07","3","0.105","0.53536","0.01","2.5","carbide"
"Aluminum (Metric)","Harvey 0.047"" 3F Flat","Harvey General Use Endmills 3 Flute","flat end mill","0.047","3","0.25","0.39614",,"2.5","carbide"
"Aluminum (Metric)","Harvey 5/32"" 3F Bull R0.02","Harvey General Use Endmills 3 Flute","bull nose end mill","0.156","3","0.234","1.40523","0.02","3","carbide"
"Aluminum (Metric)","Harvey 0.12"" 3F Flat","Harvey General Use Endmills 3 Flute","flat end mill","0.12","3","0.36","0.42683",,"1.5","carbide"
"Aluminum (Metric)","Harvey 0.019"" 3F Ball","Harvey General Use Endmills 3 Flute","ball end mill","0.019","3","0.029","0.34248",,"2.5","carbide"
"Aluminum (Metric)","Harvey 0.031"" 3F Flat","Harvey General Use Endmills 3 Flute","flat end mill","0.031","3","0.046","0.53904",,"2.5","carbide"
"Aluminum (Metric)","Harvey 3/8"" 3F Ball","Harvey General Use Endmills 3 Flute","ball end mill","0.375","3","0.57","2.19183",,"4","carbide"
"Aluminum (Metric)","Harvey 0.25"" 3F Ball","Harvey General Use Endmills 3 Flute","ball end mill","0.25","3","0.375","2.62846",,"4","carbide"
"Aluminum (Metric)","Harvey 7/32"" 3F Flat","Harvey General Use Endmills 3 Flute","flat end mill","0.2187","3","0.33","0.47065",,"2.5","carbide"
"Aluminum (Metric)","Harvey 0.024"" 3F Flat","Harvey General Use Endmills 3 Flute","flat end mill","0.024","3","0.036","0.35916",,"2.5","carbide"
"Aluminum (Metric)","Harvey 0.01"" 3F Flat","Harvey General Use Endmills 3 Flute","flat end mill","0.01","3","0.015","0.29308",,"2.5","carbide"
"Aluminum (Metric)","Harvey 0.05"" 3F Bull R0.005","Harvey General Use Endmills 3 Flute","bull nose end mill","0.05","3","0.075","0.445","0.005","2.5","carbide"
"Aluminum (Metric)","Harvey 5/32"" 3F Bull R0.02","Harvey General Use Endmills 3 Flute","bull nose end mill","0.156","3","0.234","0.90523","0.02","3","carbide"
"Aluminum (Metric)","Harvey 0.03"" 3F Flat","Harvey General Use Endmills 3 Flute","flat end mill","0.03","3","0.045","0.82878",,"2.5","carbide"
"Aluminum (Metric)","Harvey 0.03"" 3F Ball","Harvey General Use Endmills 3 Flute","ball end mill","0.03","3","0.045","0.54078",,"2.5","carbide"
"Aluminum (Metric)","Harvey 0.093"" 3F Ball","Harvey General Use Endmills 3 Flute","ball end mill","0.093","3","1.125","1.22181",,"2.5","carbide"
"Aluminum (Metric)","Harvey 0.09"" 3F Flat","Harvey General Use Endmills 3 Flute","flat end mill","0.09","3","0.135","0.22781",,"1.5","carbide"
"Aluminum (Metric)","Harvey 1/16"" 3F Flat","Harvey General Use Endmills 3 Flute","flat end mill","0.062","3","0.5","0.63005",,"2.5","carbide"
"Aluminum (Metric)","Harvey 0.025"" 3F Flat","Harvey General Use Endmills 3 Flute","flat end mill","0.025","3","0.25","0.41973",,"2.5","carbide"
"Aluminum (Metric)","Harvey 3/16"" 3F Flat","Harvey General Use Endmills 3 Flute","flat end mill","0.1875","3","1.156","1.24975",,"3","carbide"
"Aluminum (Metric)","Harvey 0.025"" 3F Flat","Harvey General Use Endmills 3 Flute","flat end mill","0.025","3","0.037","0.86244",,"2.5","carbide"
"Aluminum (Metric)","Harvey 7/32"" 3F Flat","Harvey General Use Endmills 3 Flute","flat end mill","0.2187","3","0.33","1.31236",,"4","carbide"
"Aluminum (Metric)","Harvey 0.085"" 3F Flat","Harvey General Use Endmills 3 Flute","flat end mill","0.085","3","0.425","0.53039",,"2.5","carbide"
"Aluminum (Metric)","Harvey 0.01"" 3F Ball","Harvey General Use Endmills 3 Flute","ball end mill","0.01","3","0.015","0.41308",,"2.5","carbide"
"Aluminum (Metric)","Harvey 0.016"" 3F Ball","Harvey General Use Endmills 3 Flute","ball end mill","0.016","3","0.024","0.33268",,"2.5","carbide"
"Aluminum (Metric)","Harvey 0.07"" 3F Flat","Harvey General Use Endmills 3 Flute","flat end mill","0.07","3","0.5","1.16036",,"2.5","carbide"
"Aluminum (Metric)","Harvey 0.005"" 3F Flat","Harvey General Use Endmills 3 Flute","flat end mill","0.005","3","0.007","0.17342",,"1.5","carbide"
"Aluminum (Metric)","Harvey 0.015"" 3F Flat","Harvey General Use Endmills 3 Flute","flat end mill","0.015","3","0.022","0.52442",,"2.5","carbide"
"Aluminum (Metric)","Harvey 1/8"" 3F Bull R0.03","Harvey General Use Endmills 3 Flute","bull nose end mill","0.125","3","0.187","1.31596","0.03","2.5","carbide"
"Aluminum (Metric)","Harvey 0.026"" 3F Flat","Harvey General Use Endmills 3 Flute","flat end mill","0.026","3","0.039","0.3657",,"2.5","carbide"
"Aluminum (Metric)","Harvey 0.055"" 3F Flat","Harvey General Use Endmills 3 Flute","flat end mill","0.055","3","0.082","0.84634",,"2.5","carbide"
"Aluminum (Metric)","Harvey 0.09"" 3F Bull R0.005","Harvey General Use Endmills 3 Flute","bull nose end mill","0.09","3","0.135","0.87572","0.005","2.5","carbide"
"Aluminum (Metric)","Harvey 0.08"" 3F Flat","Harvey General Use Endmills 3 Flute","flat end mill","0.08","3","0.75","0.86075",,"2.5","carbide"
"Aluminum (Metric)","Harvey 0.031"" 3F Bull R0.01","Harvey General Use Endmills 3 Flute","bull nose end mill","0.031","3","0.046","0.69704","0.01","2.5","carbide"
"Aluminum (Metric)","Harvey 0.141"" 3F Ball","Harvey General Use Endmills 3 Flute","ball end mill","0.1406","3","0.22","0.93295",,"3","carbide"
"Aluminum (Metric)","Harvey 0.05"" 3F Bull R0.005","Harvey General Use Endmills 3 Flute","bull nose end mill","0.05","3","0.15","0.27745","0.005","1.5","carbide"
"Aluminum (Metric)","Harvey 1/16"" 3F Flat","Harvey General Use Endmills 3 Flute","flat end mill","0.062","3","0.312","0.79922",,"2.5","carbide"
"Aluminum (Metric)","Harvey 1/16"" 3F Flat","Harvey General Use Endmills 3 Flute","flat end mill","0.062","3","0.093","0.42422",,"2.5","carbide"
"Aluminum (Metric)","Harvey 0.028"" 3F Ball","Harvey General Use Endmills 3 Flute","ball end mill","0.028","3","0.042","0.45624",,"2.5","carbide"
"Aluminum (Metric)","Harvey 0.095"" 3F Ball","Harvey General Use Endmills 3 Flute","ball end mill","0.095","3","0.75","1.36706",,"2.5","carbide"
"Aluminum (Metric)","Harvey 0.04"" 3F Flat","Harvey General Use Endmills 3 Flute","flat end mill","0.04","3","0.325","0.47864",,"2.5","carbide"
"Aluminum (Metric)","Harvey 0.06"" 3F Flat","Harvey General Use Endmills 3 Flute","flat end mill","0.06","3","0.5","0.6322",,"2.5","carbide"
"Aluminum (Metric)","Harvey 3/16"" 3F Bull R0.045","Harvey General Use Endmills 3 Flute","bull nose end mill","0.1875","3","0.281","1.59765","0.045","3","carbide"
"Aluminum (Metric)","Harvey 0.095"" 3F Flat","Harvey General Use Endmills 3 Flute","flat end mill","0.095","3","0.75","1.36706",,"2.5","carbide"
"Aluminum (Metric)","Harvey 5/32"" 3F Ball","Harvey General Use Endmills 3 Flute","ball end mill","0.1562","3","0.234","0.90523",,"3","carbide"
"Aluminum (Metric)","Harvey 5/64"" 3F Flat","Harvey General Use Endmills 3 Flute","flat end mill","0.078","3","0.118","0.5525",,"2.5","carbide"
"Aluminum (Metric)","Harvey 0.1"" 3F Bull R0.01","Harvey General Use Endmills 3 Flute","bull nose end mill","0.1","3","0.15","0.9084","0.01","2.5","carbide"
"Aluminum (Metric)","Harvey 0.1"" 3F Ball","Harvey General Use Endmills 3 Flute","ball end mill","0.1","3","0.15","1.1084",,"2.5","carbide"
"Aluminum (Metric)","Harvey 0.05"" 3F Ball","Harvey General Use Endmills 3 Flute","ball end mill","0.05","3","0.3","0.795",,"2.5","carbide"
"Aluminum (Metric)","Harvey 5/64"" 3F Ball","Harvey General Use Endmills 3 Flute","ball end mill","0.078","3","0.117","0.2672",,"1.5","carbide"
"Aluminum (Metric)","Harvey 0.06"" 3F Flat","Harvey General Use Endmills 3 Flute","flat end mill","0.06","3","0.09","0.48968",,"2.5","carbide"
"Aluminum (Metric)","Harvey 5/64"" 3F Bull R0.005","Harvey General Use Endmills 3 Flute","bull nose end mill","0.078","3","0.117","0.5525","0.005","2.5","carbide"
"Aluminum (Metric)","Harvey 1/8"" 3F Ball","Harvey General Use Endmills 3 Flute","ball end mill","0.125","3","1","1.0625",,"2.5","carbide"
"Aluminum (Metric)","Harvey 0.01"" 3F Flat","Harvey General Use Endmills 3 Flute","flat end mill","0.01","3","0.1","0.28581",,"2.5","carbide"
"Aluminum (Metric)","Harvey 0.093"" 3F Ball","Harvey General Use Endmills 3 Flute","ball end mill","0.093","3","0.14","0.79052",,"2.5","carbide"
"Aluminum (Metric)","Harvey 0.02"" 3F Ball","Harvey General Use Endmills 3 Flute","ball end mill","0.02","3","0.03","0.64576",,"2.5","carbide"
"Aluminum (Metric)","Harvey 0.141"" 3F Bull R0.015","Harvey General Use Endmills 3 Flute","bull nose end mill","0.1406","3","0.22","1.30795","0.015","3","carbide"
"Aluminum (Metric)","Harvey 0.04"" 3F Ball","Harvey General Use Endmills 3 Flute","ball end mill","0.04","3","0.06","1.21232",,"2.5","carbide"
"Aluminum (Metric)","Harvey 0.093"" 3F Ball","Harvey General Use Endmills 3 Flute","ball end mill","0.093","3","0.139","0.87052",,"2.5","carbide"
"Aluminum (Metric)","Harvey 0.05"" 3F Flat","Harvey General Use Endmills 3 Flute","flat end mill","0.05","3","0.3","0.945",,"2.5","carbide"
"Aluminum (Metric)","Harvey 0.06"" 3F Ball","Harvey General Use Endmills 3 Flute","ball end mill","0.06","3","0.09","0.89768",,"2.5","carbide"
"Aluminum (Metric)","Harvey 0.04"" 3F Ball","Harvey General Use Endmills 3 Flute","ball end mill","0.04","3","0.48","0.63364",,"2.5","carbide"
"Aluminum (Metric)","Harvey 0.021"" 3F Flat","Harvey General Use Endmills 3 Flute","flat end mill","0.021","3","0.063","0.21557",,"1.5","carbide"
"Aluminum (Metric)","Harvey 1/16"" 3F Flat","Harvey General Use Endmills 3 Flute","flat end mill","0.062","3","0.5","1.17422",,"2.5","carbide"
"Aluminum (Metric)","Harvey 0.02"" 3F Flat","Harvey General Use Endmills 3 Flute","flat end mill","0.02","3","0.1","0.27509",,"2.5","carbide"
"Aluminum (Metric)","Harvey 1/8"" 3F Bull R0.008","Harvey General Use Endmills 3 Flute","bull nose end mill","0.125","3","0.187","1.06596","0.008","2.5","carbide"
"Aluminum (Metric)","Harvey 0.02"" 3F Flat","Harvey General Use Endmills 3 Flute","flat end mill","0.02","3","0.03","0.18343",,"2.5","carbide"
"Aluminum (Metric)","Harvey 0.065"" 3F Flat","Harvey General Use Endmills 3 Flute","flat end mill","0.065","3","0.325","0.45184",,"2.5","carbide"
"Aluminum (Metric)","Harvey 0.04"" 3F Ball","Harvey General Use Endmills 3 Flute","ball end mill","0.04","3","0.24","0.39364",,"2.5","carbide"
"Aluminum (Metric)","Harvey 0.141"" 3F Bull R0.01","Harvey General Use Endmills 3 Flute","bull nose end mill","0.1406","3","0.22","1.30795","0.01","3","carbide"
"Aluminum (Metric)","Harvey 0.093"" 3F Bull R0.012","Harvey General Use Endmills 3 Flute","bull nose end mill","0.093","3","0.139","0.87052","0.012","2.5","carbide"
"Aluminum (Metric)","Harvey 0.035"" 3F Flat","Harvey General Use Endmills 3 Flute","flat end mill","0.035","3","0.053","0.40712",,"2.5","carbide"
"Aluminum (Metric)","Harvey 0.095"" 3F Ball","Harvey General Use Endmills 3 Flute","ball end mill","0.095","3","0.75","0.84467",,"2.5","carbide"
"Aluminum (Metric)","Harvey 0.04"" 3F Ball","Harvey General Use Endmills 3 Flute","ball end mill","0.04","3","0.06","0.28111",,"1.5","carbide"
"Aluminum (Metric)","Harvey 0.01"" 3F Ball","Harvey General Use Endmills 3 Flute","ball end mill","0.01","3","0.015","0.29209",,"1.5","carbide"
"Aluminum (Metric)","Harvey 0.039"" 3F Flat","Harvey General Use Endmills 3 Flute","flat end mill","0.039","3","0.48","0.63471",,"2.5","carbide"
"Aluminum (Metric)","Harvey 0.047"" 3F Ball","Harvey General Use Endmills 3 Flute","ball end mill","0.047","3","0.07","1.3872",,"2.5","carbide"
"Aluminum (Metric)","Harvey 5/32"" 3F Flat","Harvey General Use Endmills 3 Flute","flat end mill","0.1562","3","0.562","0.6714",,"2","carbide"
"Aluminum (Metric)","Harvey 0.06"" 3F Bull R0.015","Harvey General Use Endmills 3 Flute","bull nose end mill","0.06","3","0.09","0.67768","0.015","2.5","carbide"
"Aluminum (Metric)","Harvey 0.03"" 3F Flat","Harvey General Use Endmills 3 Flute","flat end mill","0.03","3","0.15","0.52878",,"2.5","carbide"
"Aluminum (Metric)","Harvey 5/32"" 3F Flat","Harvey General Use Endmills 3 Flute","flat end mill","0.1562","3","0.234","2.53023",,"4","carbide"
"Aluminum (Metric)","Harvey 0.07"" 3F Flat","Harvey General Use Endmills 3 Flute","flat end mill","0.07","3","0.105","0.73036",,"2.5","carbide"
"Aluminum (Metric)","Harvey 0.047"" 3F Bull R0.005","Harvey General Use Endmills 3 Flute","bull nose end mill","0.047","3","0.071","0.6802","0.005","2.5","carbide"
"Aluminum (Metric)","Harvey 3/16"" 3F Flat","Harvey General Use Endmills 3 Flute","flat end mill","0.1875","3","0.281","1.25365",,"3","carbide"
"Aluminum (Metric)","Harvey 0.04"" 3F Flat","Harvey General Use Endmills 3 Flute","flat end mill","0.04","3","0.06","0.81232",,"2.5","carbide"
"Aluminum (Metric)","Harvey 1/8"" 3F Ball","Harvey General Use Endmills 3 Flute","ball end mill","0.125","3","0.187","2.31596",,"4","carbide"
"Aluminum (Metric)","Harvey 0.035"" 3F Flat","Harvey General Use Endmills 3 Flute","flat end mill","0.035","3","0.052","0.57012",,"2.5","carbide"
"Aluminum (Metric)","Harvey 0.093"" 3F Flat","Harvey General Use Endmills 3 Flute","flat end mill","0.093","3","0.75","1.37052",,"2.5","carbide"
"Aluminum (Metric)","Harvey 0.025"" 3F Flat","Harvey General Use Endmills 3 Flute","flat end mill","0.025","3","0.038","0.36244",,"2.5","carbide"
"Aluminum (Metric)","Harvey 5/32"" 3F Flat","Harvey General Use Endmills 3 Flute","flat end mill","0.1562","3","0.234","1.53023",,"3","carbide"
"Aluminum (Metric)","Harvey 1/16"" 3F Flat","Harvey General Use Endmills 3 Flute","flat end mill","0.062","3","0.093","1.29922",,"2.5","carbide"
"Aluminum (Metric)","Harvey 0.085"" 3F Ball","Harvey General Use Endmills 3 Flute","ball end mill","0.085","3","0.75","1.38438",,"2.5","carbide"
"Aluminum (Metric)","Harvey 0.01"" 3F Flat","Harvey General Use Endmills 3 Flute","flat end mill","0.01","3","0.015","0.31308",,"2.5","carbide"
"Aluminum (Metric)","Harvey 3/16"" 3F Flat","Harvey General Use Endmills 3 Flute","flat end mill","0.1875","3","0.281","2.34765",,"4","carbide"
"Aluminum (Metric)","Harvey 0.01"" 3F Ball","Harvey General Use Endmills 3 Flute","ball end mill","0.01","3","0.015","0.36308",,"2.5","carbide"
"Aluminum (Metric)","Harvey 1/16"" 3F Bull R0.005","Harvey General Use Endmills 3 Flute","bull nose end mill","0.062","3","0.186","0.30306","0.005","1.5","carbide"
"Aluminum (Metric)","Harvey 1/16"" 3F Flat","Harvey General Use Endmills 3 Flute","flat end mill","0.062","3","0.437","0.56705",,"2.5","carbide"
"Aluminum (Metric)","Harvey 0.04"" 3F Bull R0.01","Harvey General Use Endmills 3 Flute","bull nose end mill","0.04","3","0.06","0.41532","0.01","2.5","carbide"
"Aluminum (Metric)","Harvey 0.047"" 3F Bull R0.01","Harvey General Use Endmills 3 Flute","bull nose end mill","0.047","3","0.07","0.7702","0.01","2.5","carbide"
"Aluminum (Metric)","Harvey 1/8"" 3F Bull R0.01","Harvey General Use Endmills 3 Flute","bull nose end mill","0.125","3","0.187","1.94096","0.01","3","carbide"
"Aluminum (Metric)","Harvey 0.01"" 3F Flat","Harvey General Use Endmills 3 Flute","flat end mill","0.01","3","0.08","0.26581",,"2.5","carbide"
"Aluminum (Metric)","Harvey 0.118"" 3F Flat","Harvey General Use Endmills 3 Flute","flat end mill","0.118","3","1.187","1.25701",,"2.5","carbide"
"Aluminum (Metric)","Harvey 1/16"" 3F Bull R0.02","Harvey General Use Endmills 3 Flute","bull nose end mill","0.062","3","0.093","0.92422","0.02","2.5","carbide"
"Aluminum (Metric)","Harvey 5/32"" 3F Flat","Harvey General Use Endmills 3 Flute","flat end mill","0.1562","3","0.234","1.72523",,"3","carbide"
"Aluminum (Metric)","Harvey 0.04"" 3F Flat","Harvey General Use Endmills 3 Flute","flat end mill","0.04","3","0.2","0.81232",,"2.5","carbide"
"Aluminum (Metric)","Harvey 0.1"" 3F Flat","Harvey General Use Endmills 3 Flute","flat end mill","0.1","3","0.15","0.4084",,"2.5","carbide"
"Aluminum (Metric)","Harvey 0.03"" 3F Ball","Harvey General Use Endmills 3 Flute","ball end mill","0.03","3","0.09","0.32977",,"1.5","carbide"
"Aluminum (Metric)","Harvey 3/16"" 3F Bull R0.015","Harvey General Use Endmills 3 Flute","bull nose end mill","0.1875","3","0.281","2.34765","0.015","4","carbide"
"Aluminum (Metric)","Harvey 0.25"" 3F Bull R0.02","Harvey General Use Endmills 3 Flute","bull nose end mill","0.25","3","0.375","2.12846","0.02","4","carbide"
"Aluminum (Metric)","Harvey 1/8"" 3F Bull R0.04","Harvey General Use Endmills 3 Flute","bull nose end mill","0.125","3","0.187","1.06596","0.04","2.5","carbide"
"Aluminum (Metric)","Harvey 0.05"" 3F Bull R0.01","Harvey General Use Endmills 3 Flute","bull nose end mill","0.05","3","0.075","0.445","0.01","2.5","carbide"
"Aluminum (Metric)","Harvey 0.06"" 3F Ball","Harvey General Use Endmills 3 Flute","ball end mill","0.06","3","0.09","0.67768",,"2.5","carbide"
"Aluminum (Metric)","Harvey 0.06"" 3F Flat","Harvey General Use Endmills 3 Flute","flat end mill","0.06","3","0.09","0.42768",,"2.5","carbide"
"Aluminum (Metric)","Harvey 0.095"" 3F Ball","Harvey General Use Endmills 3 Flute","ball end mill","0.095","3","0.142","0.61706",,"2.5","carbide"
"Aluminum (Metric)","Harvey 0.021"" 3F Flat","Harvey General Use Endmills 3 Flute","flat end mill","0.021","3","0.031","0.41236",,"2.5","carbide"
"Aluminum (Metric)","Harvey 0.02"" 3F Flat","Harvey General Use Endmills 3 Flute","flat end mill","0.02","3","0.1","0.44576",,"2.5","carbide"
"Aluminum (Metric)","Harvey 0.25"" 3F Ball","Harvey General Use Endmills 3 Flute","ball end mill","0.25","3","0.375","1.37846",,"4","carbide"
"Aluminum (Metric)","Harvey 0.059"" 3F Flat","Harvey General Use Endmills 3 Flute","flat end mill","0.059","3","0.295","0.42827",,"2.5","carbide"
"Aluminum (Metric)","Harvey 0.013"" 3F Ball","Harvey General Use Endmills 3 Flute","ball end mill","0.013","3","0.019","0.32288",,"2.5","carbide"
"Aluminum (Metric)","Harvey 3/16"" 3F Flat","Harvey General Use Endmills 3 Flute","flat end mill","0.1875","3","1.125","1.72005",,"3","carbide"
"Aluminum (Metric)","Harvey 0.046"" 3F Flat","Harvey General Use Endmills 3 Flute","flat end mill","0.046","3","0.138","0.26892",,"1.5","carbide"
"Aluminum (Metric)","Harvey 0.06"" 3F Flat","Harvey General Use Endmills 3 Flute","flat end mill","0.06","3","0.09","0.35768",,"2.5","carbide"
"Aluminum (Metric)","Harvey 0.1"" 3F Flat","Harvey General Use Endmills 3 Flute","flat end mill","0.1","3","0.15","1.1084",,"2.5","carbide"
"Aluminum (Metric)","Harvey 0.05"" 3F Ball","Harvey General Use Endmills 3 Flute","ball end mill","0.05","3","0.075","0.595",,"2.5","carbide"
"Aluminum (Metric)","Harvey 0.095"" 3F Ball","Harvey General Use Endmills 3 Flute","ball end mill","0.095","3","0.75","1.36706",,"2.5","carbide"
"Aluminum (Metric)","Harvey 0.02"" 3F Ball","Harvey General Use Endmills 3 Flute","ball end mill","0.02","3","0.12","0.29509",,"2.5","carbide"
"Aluminum (Metric)","Harvey 0.045"" 3F Flat","Harvey General Use Endmills 3 Flute","flat end mill","0.045","3","0.135","0.26678",,"1.5","carbide"
"Aluminum (Metric)","Harvey 0.095"" 3F Flat","Harvey General Use Endmills 3 Flute","flat end mill","0.095","3","0.143","0.86706",,"2.5","carbide"
"Aluminum (Metric)","Harvey 0.045"" 3F Ball","Harvey General Use Endmills 3 Flute","ball end mill","0.045","3","0.067","0.27878",,"1.5","carbide"
"Aluminum (Metric)","Harvey 0.093"" 3F Flat","Harvey General Use Endmills 3 Flute","flat end mill","0.093","3","0.139","2.93252",,"4","carbide"
"Aluminum (Metric)","Harvey 0.017"" 3F Ball","Harvey General Use Endmills 3 Flute","ball end mill","0.017","3","0.026","0.38694",,"2.5","carbide"
"Aluminum (Metric)","Harvey 0.093"" 3F Flat","Harvey General Use Endmills 3 Flute","flat end mill","0.093","3","0.5","1.07052",,"2.5","carbide"
"Aluminum (Metric)","Harvey 0.093"" 3F Bull R0.005","Harvey General Use Endmills 3 Flute","bull nose end mill","0.093","3","0.139","0.62052","0.005","2.5","carbide"
"Aluminum (Metric)","Harvey 0.25"" 3F Flat","Harvey General Use Endmills 3 Flute","flat end mill","0.25","3","0.375","1.12846",,"4","carbide"
"Aluminum (Metric)","Harvey 0.035"" 3F Ball","Harvey General Use Endmills 3 Flute","ball end mill","0.035","3","0.281","0.44",,"2.5","carbide"
"Aluminum (Metric)","Harvey 0.09"" 3F Ball","Harvey General Use Endmills 3 Flute","ball end mill","0.09","3","0.135","0.57572",,"2.5","carbide"
"Aluminum (Metric)","Harvey 0.093"" 3F Flat","Harvey General Use Endmills 3 Flute","flat end mill","0.093","3","0.14","0.62052",,"2.5","carbide"
"Aluminum (Metric)","Harvey 3/16"" 3F Flat","Harvey General Use Endmills 3 Flute","flat end mill","0.1875","3","0.281","0.84765",,"3","carbide"
"Aluminum (Metric)","Harvey 0.05"" 3F Flat","Harvey General Use Endmills 3 Flute","flat end mill","0.05","3","0.15","0.27745",,"1.5","carbide"
"Aluminum (Metric)","Harvey 5/32"" 3F Bull R0.01","Harvey General Use Endmills 3 Flute","bull nose end mill","0.1562","3","0.234","1.72523","0.01","3","carbide"
"Aluminum (Metric)","Harvey 1/16"" 3F Bull R0.01","Harvey General Use Endmills 3 Flute","bull nose end mill","0.062","3","0.093","0.21006","0.01","1.5","carbide"
"Aluminum (Metric)","Harvey 5/64"" 3F Ball","Harvey General Use Endmills 3 Flute","ball end mill","0.078","3","0.625","0.7379",,"2.5","carbide"
"Aluminum (Metric)","Harvey 0.141"" 3F Ball","Harvey General Use Endmills 3 Flute","ball end mill","0.1406","3","0.22","1.30795",,"3","carbide"
"Aluminum (Metric)","Harvey 0.04"" 3F Flat","Harvey General Use Endmills 3 Flute","flat end mill","0.04","3","0.06","0.19611",,"1.5","carbide"
"Aluminum (Metric)","Harvey 1/8"" 3F Bull R0.03","Harvey General Use Endmills 3 Flute","bull nose end mill","0.125","3","0.187","0.2495","0.03","1.5","carbide"
"Aluminum (Metric)","Harvey 0.04"" 3F Bull R0.005","Harvey General Use Endmills 3 Flute","bull nose end mill","0.04","3","0.06","0.41532","0.005","2.5","carbide"
"Aluminum (Metric)","Harvey 0.035"" 3F Flat","Harvey General Use Endmills 3 Flute","flat end mill","0.035","3","0.052","0.92012",,"2.5","carbide"
"Aluminum (Metric)","Harvey 0.031"" 3F Flat","Harvey General Use Endmills 3 Flute","flat end mill","0.031","3","0.375","0.53829",,"2.5","carbide"
"Aluminum (Metric)","Harvey 0.031"" 3F Flat","Harvey General Use Endmills 3 Flute","flat end mill","0.031","3","0.046","0.35204",,"2.5","carbide"
"Aluminum (Metric)","Harvey 1/8"" 3F Bull R0.01","Harvey General Use Endmills 3 Flute","bull nose end mill","0.125","3","0.187","1.31596","0.01","2.5","carbide"
"Aluminum (Metric)","Harvey 1/16"" 3F Bull R0.005","Harvey General Use Endmills 3 Flute","bull nose end mill","0.062","3","0.093","0.79922","0.005","2.5","carbide"
"Aluminum (Metric)","Harvey 0.045"" 3F Ball","Harvey General Use Endmills 3 Flute","ball end mill","0.045","3","0.067","0.88366",,"2.5","carbide"
"Aluminum (Metric)","Harvey 0.109"" 3F Flat","Harvey General Use Endmills 3 Flute","flat end mill","0.109","3","0.327","0.40336",,"1.5","carbide"
"Aluminum (Metric)","Harvey 0.015"" 3F Ball","Harvey General Use Endmills 3 Flute","ball end mill","0.015","3","0.078","0.25845",,"2.5","carbide"
"Aluminum (Metric)","Harvey 0.093"" 3F Flat","Harvey General Use Endmills 3 Flute","flat end mill","0.093","3","0.585","0.68181",,"2.5","carbide"
"Aluminum (Metric)","Harvey 0.075"" 3F Flat","Harvey General Use Endmills 3 Flute","flat end mill","0.075","3","0.113","0.5267",,"2.5","carbide"
"Aluminum (Metric)","Harvey 0.25"" 3F Bull R0.025","Harvey General Use Endmills 3 Flute","bull nose end mill","0.25","3","0.75","0.875","0.025","2.5","carbide"
"Aluminum (Metric)","Harvey 1/8"" 3F Bull R0.03","Harvey General Use Endmills 3 Flute","bull nose end mill","0.125","3","0.187","0.44096","0.03","2.5","carbide"
"Aluminum (Metric)","Harvey 0.095"" 3F Ball","Harvey General Use Endmills 3 Flute","ball end mill","0.095","3","0.142","0.86706",,"2.5","carbide"
"Aluminum (Metric)","Harvey 0.055"" 3F Flat","Harvey General Use Endmills 3 Flute","flat end mill","0.055","3","0.082","0.74634",,"2.5","carbide"
"Aluminum (Metric)","Harvey 5/32"" 3F Ball","Harvey General Use Endmills 3 Flute","ball end mill","0.1562","3","0.562","0.71416",,"2","carbide"
"Aluminum (Metric)","Harvey 0.25"" 3F Flat","Harvey General Use Endmills 3 Flute","flat end mill","0.25","3","0.375","1.87846",,"4","carbide"
"Aluminum (Metric)","Harvey 0.25"" 3F Ball","Harvey General Use Endmills 3 Flute","ball end mill","0.25","3","0.75","0.875",,"2.5","carbide"
"Aluminum (Metric)","Harvey 0.1"" 3F Flat","Harvey General Use Endmills 3 Flute","flat end mill","0.1","3","0.75","1.3584",,"2.5","carbide"
"Aluminum (Metric)","Harvey 1/16"" 3F Flat","Harvey General Use Endmills 3 Flute","flat end mill","0.062","3","0.093","0.54922",,"2.5","carbide"
"Aluminum (Metric)","Harvey 0.031"" 3F Ball","Harvey General Use Endmills 3 Flute","ball end mill","0.031","3","0.125","0.28829",,"2.5","carbide"
"Aluminum (Metric)","Harvey 0.08"" 3F Flat","Harvey General Use Endmills 3 Flute","flat end mill","0.08","3","0.75","1.39304",,"2.5","carbide"
"Aluminum (Metric)","Harvey 5/32"" 3F Flat","Harvey General Use Endmills 3 Flute","flat end mill","0.1562","3","0.234","0.35486",,"3","carbide"
"Aluminum (Metric)","Harvey 0.018"" 3F Flat","Harvey General Use Endmills 3 Flute","flat end mill","0.018","3","0.054","0.20916",,"1.5","carbide"
"Aluminum (Metric)","Harvey 5/64"" 3F Bull R0.01","Harvey General Use Endmills 3 Flute","bull nose end mill","0.078","3","0.117","1.0865","0.01","2.5","carbide"
"Aluminum (Metric)","Harvey 0.1"" 3F Ball","Harvey General Use Endmills 3 Flute","ball end mill","0.1","3","0.15","0.6084",,"2.5","carbide"
"Aluminum (Metric)","Harvey 0.109"" 3F Bull R0.01","Harvey General Use Endmills 3 Flute","bull nose end mill","0.109","3","0.163","0.99282","0.01","2.5","carbide"
"Aluminum (Metric)","Harvey 0.047"" 3F Flat","Harvey General Use Endmills 3 Flute","flat end mill","0.047","3","0.071","0.5752",,"2.5","carbide"
"Aluminum (Metric)","Harvey 0.093"" 3F Bull R0.02","Harvey General Use Endmills 3 Flute","bull nose end mill","0.093","3","0.139","0.62052","0.02","2.5","carbide"
"Aluminum (Metric)","Harvey 0.04"" 3F Flat","Harvey General Use Endmills 3 Flute","flat end mill","0.04","3","0.16","0.31364",,"2.5","carbide"
"Aluminum (Metric)","Harvey 5/64"" 3F Bull R0.01","Harvey General Use Endmills 3 Flute","bull nose end mill","0.078","3","0.117","0.5525","0.01","2.5","carbide"
"Aluminum (Metric)","Harvey 0.07"" 3F Ball","Harvey General Use Endmills 3 Flute","ball end mill","0.07","3","0.5","1.16036",,"2.5","carbide"
"Aluminum (Metric)","Harvey 0.09"" 3F Flat","Harvey General Use Endmills 3 Flute","flat end mill","0.09","3","0.9","1.00003",,"2.5","carbide"
"Aluminum (Metric)","Harvey 0.06"" 3F Ball","Harvey General Use Endmills 3 Flute","ball end mill","0.06","3","0.09","1.07768",,"2.5","carbide"
"Aluminum (Metric)","Harvey 0.09"" 3F Flat","Harvey General Use Endmills 3 Flute","flat end mill","0.09","3","0.135","1.20572",,"2.5","carbide"
"Aluminum (Metric)","Harvey 0.035"" 3F Ball","Harvey General Use Endmills 3 Flute","ball end mill","0.035","3","0.052","0.64512",,"2.5","carbide"
"Aluminum (Metric)","Harvey 1/8"" 3F Ball","Harvey General Use Endmills 3 Flute","ball end mill","0.125","3","1","1.5638",,"2.5","carbide"
"Aluminum (Metric)","Harvey 0.11"" 3F Flat","Harvey General Use Endmills 3 Flute","flat end mill","0.11","3","0.165","0.66108",,"2.5","carbide"
"Aluminum (Metric)","Harvey 1/16"" 3F Ball","Harvey General Use Endmills 3 Flute","ball end mill","0.062","3","0.5","1.17422",,"2.5","carbide"
"Aluminum (Metric)","Harvey 0.047"" 3F Ball","Harvey General Use Endmills 3 Flute","ball end mill","0.047","3","0.141","0.34905",,"1.5","carbide"
"Aluminum (Metric)","Harvey 0.05"" 3F Ball","Harvey General Use Endmills 3 Flute","ball end mill","0.05","3","0.075","0.695",,"2.5","carbide"
"Aluminum (Metric)","Harvey 5/64"" 3F Bull R0.01","Harvey General Use Endmills 3 Flute","bull nose end mill","0.078","3","0.234","0.3372","0.01","1.5","carbide"
"Aluminum (Metric)","Harvey 1/8"" 3F Bull R0.02","Harvey General Use Endmills 3 Flute","bull nose end mill","0.125","3","0.187","0.2495","0.02","1.5","carbide"
"Aluminum (Metric)","Harvey 0.109"" 3F Flat","Harvey General Use Endmills 3 Flute","flat end mill","0.109","3","0.57","0.64966",,"2.5","carbide"
"Aluminum (Metric)","Harvey 0.09"" 3F Bull R0.01","Harvey General Use Endmills 3 Flute","bull nose end mill","0.09","3","0.135","0.87572","0.01","2.5","carbide"
"Aluminum (Metric)","Harvey 0.093"" 3F Flat","Harvey General Use Endmills 3 Flute","flat end mill","0.093","3","0.139","1.24552",,"2.5","carbide"
"Aluminum (Metric)","Harvey 5/64"" 3F Bull R0.02","Harvey General Use Endmills 3 Flute","bull nose end mill","0.078","3","0.117","0.7715","0.02","2.5","carbide"
"Aluminum (Metric)","Harvey 0.05"" 3F Flat","Harvey General Use Endmills 3 Flute","flat end mill","0.05","3","0.075","0.345",,"2.5","carbide"
"Aluminum (Metric)","Harvey 1/8"" 3F Ball","Harvey General Use Endmills 3 Flute","ball end mill","0.125","3","0.625","0.6875",,"2.5","carbide"
"Aluminum (Metric)","Harvey 5/64"" 3F Flat","Harvey General Use Endmills 3 Flute","flat end mill","0.078","3","0.5","1.1465",,"2.5","carbide"
"Aluminum (Metric)","Harvey 3/16"" 3F Flat","Harvey General Use Endmills 3 Flute","flat end mill","0.1875","3","0.281","3.84765",,"6","carbide"
"Aluminum (Metric)","Harvey 0.045"" 3F Flat","Harvey General Use Endmills 3 Flute","flat end mill","0.045","3","0.45","0.59828",,"2.5","carbide"
"Aluminum (Metric)","Harvey 0.109"" 3F Flat","Harvey General Use Endmills 3 Flute","flat end mill","0.109","3","0.164","0.99282",,"2.5","carbide"
"Aluminum (Metric)","Harvey 3/16"" 3F Flat","Harvey General Use Endmills 3 Flute","flat end mill","0.1875","3","0.281","3.47265",,"6","carbide"
"Aluminum (Metric)","Harvey 0.109"" 3F Flat","Harvey General Use Endmills 3 Flute","flat end mill","0.109","3","0.437","0.51666",,"2.5","carbide"
"Aluminum (Metric)","Harvey 0.25"" 3F Flat","Harvey General Use Endmills 3 Flute","flat end mill","0.25","3","1.5","2.1263",,"4","carbide"
"Aluminum (Metric)","Harvey 0.115"" 3F Flat","Harvey General Use Endmills 3 Flute","flat end mill","0.115","3","0.173","1.03242",,"2.5","carbide"
"Aluminum (Metric)","Harvey 0.05"" 3F Ball","Harvey General Use Endmills 3 Flute","ball end mill","0.05","3","0.075","0.445",,"2.5","carbide"
"Aluminum (Metric)","Harvey 1/8"" 3F Flat","Harvey General Use Endmills 3 Flute","flat end mill","0.125","3","1.875","1.9375",,"3","carbide"
"Aluminum (Metric)","Harvey 1/16"" 3F Flat","Harvey General Use Endmills 3 Flute","flat end mill","0.062","3","0.25","0.38005",,"2.5","carbide"
"Aluminum (Metric)","Harvey 0.085"" 3F Flat","Harvey General Use Endmills 3 Flute","flat end mill","0.085","3","0.75","1.38438",,"2.5","carbide"
"Aluminum (Metric)","Harvey 0.012"" 3F Flat","Harvey General Use Endmills 3 Flute","flat end mill","0.012","3","0.018","0.3556",,"2.5","carbide"
"Aluminum (Metric)","Harvey 0.04"" 3F Flat","Harvey General Use Endmills 3 Flute","flat end mill","0.04","3","0.4","0.55364",,"2.5","carbide"
"Aluminum (Metric)","Harvey 0.045"" 3F Flat","Harvey General Use Endmills 3 Flute","flat end mill","0.045","3","0.325","0.47328",,"2.5","carbide"
"Aluminum (Metric)","Harvey 5/32"" 3F Flat","Harvey General Use Endmills 3 Flute","flat end mill","0.1562","3","0.234","0.35486",,"3","carbide"
"Aluminum (Metric)","Harvey 0.093"" 3F Bull R0.02","Harvey General Use Endmills 3 Flute","bull nose end mill","0.093","3","0.279","0.36921","0.02","1.5","carbide"
"Aluminum (Metric)","Harvey 0.025"" 3F Ball","Harvey General Use Endmills 3 Flute","ball end mill","0.025","3","0.125","0.29473",,"2.5","carbide"
"Aluminum (Metric)","Harvey 0.04"" 3F Ball","Harvey General Use Endmills 3 Flute","ball end mill","0.04","3","0.06","0.81232",,"2.5","carbide"
"Aluminum (Metric)","Harvey 0.118"" 3F Flat","Harvey General Use Endmills 3 Flute","flat end mill","0.118","3","0.177","1.84722",,"3","carbide"
"Aluminum (Metric)","Harvey 5/64"" 3F Ball","Harvey General Use Endmills 3 Flute","ball end mill","0.078","3","0.5","1.1465",,"2.5","carbide"
"Aluminum (Metric)","Harvey 0.09"" 3F Ball","Harvey General Use Endmills 3 Flute","ball end mill","0.09","3","0.27","0.39781",,"1.5","carbide"
"Aluminum (Metric)","Harvey 0.047"" 3F Flat","Harvey General Use Endmills 3 Flute","flat end mill","0.047","3","0.07","0.9102",,"2.5","carbide"
"Aluminum (Metric)","Harvey 1/8"" 3F Flat","Harvey General Use Endmills 3 Flute","flat end mill","0.125","3","0.187","0.56596",,"2.5","carbide"
"Aluminum (Metric)","Harvey 0.01"" 3F Ball","Harvey General Use Endmills 3 Flute","ball end mill","0.01","3","0.015","0.31308",,"2.5","carbide"
"Aluminum (Metric)","Harvey 5/64"" 3F Ball","Harvey General Use Endmills 3 Flute","ball end mill","0.078","3","0.312","0.4249",,"2.5","carbide"
"Aluminum (Metric)","Harvey 0.25"" 3F Bull R0.005","Harvey General Use Endmills 3 Flute","bull nose end mill","0.25","3","0.375","1.37846","0.005","4","carbide"
"Aluminum (Metric)","Harvey 3/16"" 3F Bull R0.03","Harvey General Use Endmills 3 Flute","bull nose end mill","0.1875","3","0.281","1.59765","0.03","3","carbide"
"Aluminum (Metric)","Harvey 0.004"" 3F Flat","Harvey General Use Endmills 3 Flute","flat end mill","0.004","3","0.02","0.21224",,"2.5","carbide"
"Aluminum (Metric)","Harvey 0.015"" 3F Flat","Harvey General Use Endmills 3 Flute","flat end mill","0.015","3","0.022","0.44142",,"2.5","carbide"
"Aluminum (Metric)","Harvey 5/64"" 3F Flat","Harvey General Use Endmills 3 Flute","flat end mill","0.078","3","0.117","1.3335",,"2.5","carbide"
"Aluminum (Metric)","Harvey 1/8"" 3F Flat","Harvey General Use Endmills 3 Flute","flat end mill","0.125","3","0.187","0.44096",,"2.5","carbide"
"Aluminum (Metric)","Harvey 5/32"" 3F Bull R0.01","Harvey General Use Endmills 3 Flute","bull nose end mill","0.1562","3","0.234","1.72523","0.01","3","carbide"
"Aluminum (Metric)","Harvey 0.25"" 3F Ball","Harvey General Use Endmills 3 Flute","ball end mill","0.25","3","0.375","0.5",,"2.5","carbide"
"Aluminum (Metric)","Harvey 0.055"" 3F Flat","Harvey General Use Endmills 3 Flute","flat end mill","0.055","3","0.385","0.52256",,"2.5","carbide"
"Aluminum (Metric)","Harvey 0.005"" 3F Flat","Harvey General Use Endmills 3 Flute","flat end mill","0.005","3","0.007","0.2957",,"2.5","carbide"
"Aluminum (Metric)","Harvey 0.055"" 3F Ball","Harvey General Use Endmills 3 Flute","ball end mill","0.055","3","0.385","0.52256",,"2.5","carbide"
"Aluminum (Metric)","Harvey 0.015"" 3F Flat","Harvey General Use Endmills 3 Flute","flat end mill","0.015","3","0.075","0.47942",,"2.5","carbide"
"Aluminum (Metric)","Harvey 0.015"" 3F Ball","Harvey General Use Endmills 3 Flute","ball end mill","0.015","3","0.045","0.31276",,"1.5","carbide"
"Aluminum (Metric)","Harvey 0.01"" 3F Ball","Harvey General Use Endmills 3 Flute","ball end mill","0.01","3","0.08","0.26581",,"2.5","carbide"
"Aluminum (Metric)","Harvey 0.109"" 3F Ball","Harvey General Use Endmills 3 Flute","ball end mill","0.109","3","0.57","0.64966",,"2.5","carbide"
"Aluminum (Metric)","Harvey 0.09"" 3F Flat","Harvey General Use Endmills 3 Flute","flat end mill","0.09","3","0.75","1.37572",,"2.5","carbide"
"Aluminum (Metric)","Harvey 0.031"" 3F Ball","Harvey General Use Endmills 3 Flute","ball end mill","0.031","3","0.187","0.35029",,"2.5","carbide"
"Aluminum (Metric)","Harvey 0.055"" 3F Ball","Harvey General Use Endmills 3 Flute","ball end mill","0.055","3","0.165","0.35812",,"1.5","carbide"
"Aluminum (Metric)","Harvey 0.026"" 3F Ball","Harvey General Use Endmills 3 Flute","ball end mill","0.026","3","0.039","0.4437",,"2.5","carbide"
"Aluminum (Metric)","Harvey 0.015"" 3F Flat","Harvey General Use Endmills 3 Flute","flat end mill","0.015","3","0.022","0.31642",,"2.5","carbide"
"Aluminum (Metric)","Harvey 5/64"" 3F Flat","Harvey General Use Endmills 3 Flute","flat end mill","0.078","3","0.94","1.0529",,"2.5","carbide"
"Aluminum (Metric)","Harvey 0.031"" 3F Bull R0.01","Harvey General Use Endmills 3 Flute","bull nose end mill","0.031","3","0.046","0.53904","0.01","2.5","carbide"
"Aluminum (Metric)","Harvey 0.05"" 3F Flat","Harvey General Use Endmills 3 Flute","flat end mill","0.05","3","0.25","0.39292",,"2.5","carbide"
"Aluminum (Metric)","Harvey 0.03"" 3F Bull R0.005","Harvey General Use Endmills 3 Flute","bull nose end mill","0.03","3","0.045","0.38478","0.005","2.5","carbide"
"Aluminum (Metric)","Harvey 0.029"" 3F Flat","Harvey General Use Endmills 3 Flute","flat end mill","0.029","3","0.043","0.4625",,"2.5","carbide"
"Aluminum (Metric)","Harvey 0.109"" 3F Bull R0.005","Harvey General Use Endmills 3 Flute","bull nose end mill","0.109","3","0.163","0.99282","0.005","2.5","carbide"
"Aluminum (Metric)","Harvey 1/16"" 3F Flat","Harvey General Use Endmills 3 Flute","flat end mill","0.062","3","0.093","0.36022",,"2.5","carbide"
"Aluminum (Metric)","Harvey 0.047"" 3F Bull R0.005","Harvey General Use Endmills 3 Flute","bull nose end mill","0.047","3","0.07","0.5752","0.005","2.5","carbide"
"Aluminum (Metric)","Harvey 1/16"" 3F Bull R0.01","Harvey General Use Endmills 3 Flute","bull nose end mill","0.062","3","0.186","0.30306","0.01","1.5","carbide"
"Aluminum (Metric)","Harvey 0.1"" 3F Ball","Harvey General Use Endmills 3 Flute","ball end mill","0.1","3","0.15","0.4084",,"2.5","carbide"
"Aluminum (Metric)","Harvey 0.11"" 3F Flat","Harvey General Use Endmills 3 Flute","flat end mill","0.11","3","0.57","0.64858",,"2.5","carbide"
"Aluminum (Metric)","Harvey 0.014"" 3F Flat","Harvey General Use Endmills 3 Flute","flat end mill","0.014","3","0.021","0.32614",,"2.5","carbide"
"Aluminum (Metric)","Harvey 5/64"" 3F Ball","Harvey General Use Endmills 3 Flute","ball end mill","0.078","3","0.117","1.7085",,"3","carbide"
"Aluminum (Metric)","Harvey 1/16"" 3F Flat","Harvey General Use Endmills 3 Flute","flat end mill","0.062","3","0.625","0.75505",,"2.5","carbide"
"Aluminum (Metric)","Harvey 0.014"" 3F Flat","Harvey General Use Endmills 3 Flute","flat end mill","0.014","3","0.021","0.36814",,"2.5","carbide"
"Aluminum (Metric)","Harvey 0.047"" 3F Bull R0.005","Harvey General Use Endmills 3 Flute","bull nose end mill","0.047","3","0.07","0.7702","0.005","2.5","carbide"
"Aluminum (Metric)","Harvey 0.022"" 3F Flat","Harvey General Use Endmills 3 Flute","flat end mill","0.022","3","0.033","0.35264",,"2.5","carbide"
"Aluminum (Metric)","Harvey 3/16"" 3F Bull R0.03","Harvey General Use Endmills 3 Flute","bull nose end mill","0.1875","3","0.281","2.34765","0.03","4","carbide"
"Aluminum (Metric)","Harvey 0.031"" 3F Ball","Harvey General Use Endmills 3 Flute","ball end mill","0.031","3","0.093","0.33091",,"1.5","carbide"
"Aluminum (Metric)","Harvey 0.01"" 3F Ball","Harvey General Use Endmills 3 Flute","ball end mill","0.01","3","0.015","0.29308",,"2.5","carbide"
"Aluminum (Metric)","Harvey 0.093"" 3F Ball","Harvey General Use Endmills 3 Flute","ball end mill","0.093","3","0.75","1.37052",,"2.5","carbide"
"Aluminum (Metric)","Harvey 0.031"" 3F Flat","Harvey General Use Endmills 3 Flute","flat end mill","0.031","3","0.046","0.69704",,"2.5","carbide"
"Aluminum (Metric)","Harvey 0.02"" 3F Ball","Harvey General Use Endmills 3 Flute","ball end mill","0.02","3","0.25","0.42509",,"2.5","carbide"
"Aluminum (Metric)","Harvey 0.02"" 3F Ball","Harvey General Use Endmills 3 Flute","ball end mill","0.02","3","0.1","0.27509",,"2.5","carbide"
"Aluminum (Metric)","Harvey 5/64"" 3F Flat","Harvey General Use Endmills 3 Flute","flat end mill","0.078","3","0.406","0.9465",,"2.5","carbide"
"Aluminum (Metric)","Harvey 5/64"" 3F Flat","Harvey General Use Endmills 3 Flute","flat end mill","0.078","3","1.187","1.2999",,"2.5","carbide"
"Aluminum (Metric)","Harvey 0.07"" 3F Flat","Harvey General Use Endmills 3 Flute","flat end mill","0.07","3","0.105","0.37036",,"2.5","carbide"
"Aluminum (Metric)","Harvey 0.035"" 3F Flat","Harvey General Use Endmills 3 Flute","flat end mill","0.035","3","0.105","0.24544",,"1.5","carbide"
"Aluminum (Metric)","Harvey 0.075"" 3F Ball","Harvey General Use Endmills 3 Flute","ball end mill","0.075","3","0.5","1.1517",,"2.5","carbide"
"Aluminum (Metric)","Harvey 1/8"" 3F Ball","Harvey General Use Endmills 3 Flute","ball end mill","0.125","3","0.187","1.94096",,"3","carbide"
"Aluminum (Metric)","Harvey 0.06"" 3F Bull R0.005","Harvey General Use Endmills 3 Flute","bull nose end mill","0.06","3","0.18","0.29879","0.005","1.5","carbide"
"Aluminum (Metric)","Harvey 0.047"" 3F Ball","Harvey General Use Endmills 3 Flute","ball end mill","0.047","3","0.07","0.5752",,"2.5","carbide"
"Aluminum (Metric)","Harvey 0.06"" 3F Flat","Harvey General Use Endmills 3 Flute","flat end mill","0.06","3","0.437","0.5692",,"2.5","carbide"
"Aluminum (Metric)","Harvey 3/16"" 3F Flat","Harvey General Use Endmills 3 Flute","flat end mill","0.1875","3","0.281","2.90965",,"4","carbide"
"Aluminum (Metric)","Harvey 0.093"" 3F Bull R0.005","Harvey General Use Endmills 3 Flute","bull nose end mill","0.093","3","0.279","0.36921","0.005","1.5","carbide"
"Aluminum (Metric)","Harvey 1/16"" 3F Ball","Harvey General Use Endmills 3 Flute","ball end mill","0.062","3","0.186","0.36606",,"1.5","carbide"
"Aluminum (Metric)","Harvey 0.045"" 3F Flat","Harvey General Use Endmills 3 Flute","flat end mill","0.045","3","0.187","0.33528",,"2.5","carbide"
"Aluminum (Metric)","Harvey 0.093"" 3F Bull R0.03","Harvey General Use Endmills 3 Flute","bull nose end mill","0.093","3","0.139","1.07052","0.03","2.5","carbide"
"Aluminum (Metric)","Harvey 0.093"" 3F Flat","Harvey General Use Endmills 3 Flute","flat end mill","0.093","3","0.14","0.87052",,"2.5","carbide"
"Aluminum (Metric)","Harvey 0.015"" 3F Ball","Harvey General Use Endmills 3 Flute","ball end mill","0.015","3","0.022","0.62942",,"2.5","carbide"
"Aluminum (Metric)","Harvey 0.109"" 3F Flat","Harvey General Use Endmills 3 Flute","flat end mill","0.109","3","0.164","0.66282",,"2.5","carbide"
"Aluminum (Metric)","Harvey 0.075"" 3F Flat","Harvey General Use Endmills 3 Flute","flat end mill","0.075","3","0.112","0.9017",,"2.5","carbide"
"Aluminum (Metric)","Harvey 0.045"" 3F Flat","Harvey General Use Endmills 3 Flute","flat end mill","0.045","3","0.067","0.65366",,"2.5","carbide"
"Aluminum (Metric)","Harvey 0.093"" 3F Bull R0.03","Harvey General Use Endmills 3 Flute","bull nose end mill","0.093","3","0.139","0.87052","0.03","2.5","carbide"
"Aluminum (Metric)","Harvey 0.031"" 3F Bull R0.008","Harvey General Use Endmills 3 Flute","bull nose end mill","0.031","3","0.046","0.47704","0.008","2.5","carbide"
"Aluminum (Metric)","Harvey 0.06"" 3F Ball","Harvey General Use Endmills 3 Flute","ball end mill","0.06","3","0.09","1.23968",,"2.5","carbide"
"Aluminum (Metric)","Harvey 0.047"" 3F Flat","Harvey General Use Endmills 3 Flute","flat end mill","0.047","3","0.281","0.42714",,"2.5","carbide"
"Aluminum (Metric)","Harvey 0.031"" 3F Ball","Harvey General Use Endmills 3 Flute","ball end mill","0.031","3","0.156","0.31929",,"2.5","carbide"
"Aluminum (Metric)","Harvey 0.039"" 3F Ball","Harvey General Use Endmills 3 Flute","ball end mill","0.039","3","0.059","0.61318",,"2.5","carbide"
"Aluminum (Metric)","Harvey 0.02"" 3F Flat","Harvey General Use Endmills 3 Flute","flat end mill","0.02","3","0.06","0.21343",,"1.5","carbide"
"Aluminum (Metric)","Harvey 0.005"" 3F Flat","Harvey General Use Endmills 3 Flute","flat end mill","0.005","3","0.04","0.23117",,"2.5","carbide"
"Aluminum (Metric)","Harvey 0.04"" 3F Flat","Harvey General Use Endmills 3 Flute","flat end mill","0.04","3","0.06","1.21232",,"2.5","carbide"
"Aluminum (Metric)","Harvey 0.07"" 3F Flat","Harvey General Use Endmills 3 Flute","flat end mill","0.07","3","0.7","0.82147",,"2.5","carbide"
"Aluminum (Metric)","Harvey 1/8"" 3F Flat","Harvey General Use Endmills 3 Flute","flat end mill","0.125","3","0.187","0.94096",,"2.5","carbide"
"Aluminum (Metric)","Harvey 0.093"" 3F Bull R0.01","Harvey General Use Endmills 3 Flute","bull nose end mill","0.093","3","0.139","0.62052","0.01","2.5","carbide"
"Aluminum (Metric)","Harvey 0.029"" 3F Ball","Harvey General Use Endmills 3 Flute","ball end mill","0.029","3","0.043","0.4625",,"2.5","carbide"
"Aluminum (Metric)","Harvey 0.06"" 3F Flat","Harvey General Use Endmills 3 Flute","flat end mill","0.06","3","0.72","0.8522",,"2.5","carbide"
"Aluminum (Metric)","Harvey 0.07"" 3F Ball","Harvey General Use Endmills 3 Flute","ball end mill","0.07","3","0.21","0.37513",,"1.5","carbide"
"Aluminum (Metric)","Harvey 0.14"" 3F Ball","Harvey General Use Endmills 3 Flute","ball end mill","0.14","3","0.22","1.63295",,"3","carbide"
"Aluminum (Metric)","Harvey 1/16"" 3F Flat","Harvey General Use Endmills 3 Flute","flat end mill","0.062","3","0.093","0.97422",,"2.5","carbide"
"Aluminum (Metric)","Harvey 0.25"" 3F Bull R0.025","Harvey General Use Endmills 3 Flute","bull nose end mill","0.25","3","0.375","0.5","0.025","2.5","carbide"
"Aluminum (Metric)","Harvey 0.025"" 3F Flat","Harvey General Use Endmills 3 Flute","flat end mill","0.025","3","0.037","0.68744",,"2.5","carbide"
"Aluminum (Metric)","Harvey 0.02"" 3F Ball","Harvey General Use Endmills 3 Flute","ball end mill","0.02","3","0.03","0.34576",,"2.5","carbide"
"Aluminum (Metric)","Harvey 0.04"" 3F Flat","Harvey General Use Endmills 3 Flute","flat end mill","0.04","3","0.06","0.37232",,"2.5","carbide"
"Aluminum (Metric)","Harvey 1/8"" 3F Ball","Harvey General Use Endmills 3 Flute","ball end mill","0.125","3","1.5","1.5625",,"3","carbide"
"Aluminum (Metric)","Harvey 5/64"" 3F Bull R0.015","Harvey General Use Endmills 3 Flute","bull nose end mill","0.078","3","0.117","1.0865","0.015","2.5","carbide"
"Aluminum (Metric)","Harvey 0.02"" 3F Flat","Harvey General Use Endmills 3 Flute","flat end mill","0.02","3","0.1","0.44576",,"2.5","carbide"
"Aluminum (Metric)","Harvey 5/64"" 3F Ball","Harvey General Use Endmills 3 Flute","ball end mill","0.078","3","0.234","0.3842",,"1.5","carbide"
"Aluminum (Metric)","Harvey 0.028"" 3F Flat","Harvey General Use Endmills 3 Flute","flat end mill","0.028","3","0.042","0.45624",,"2.5","carbide"
"Aluminum (Metric)","Harvey 0.031"" 3F Bull R0.003","Harvey General Use Endmills 3 Flute","bull nose end mill","0.031","3","0.046","0.47704","0.003","2.5","carbide"
"Aluminum (Metric)","Harvey 0.093"" 3F Ball","Harvey General Use Endmills 3 Flute","ball end mill","0.093","3","0.95","1.04681",,"2.5","carbide"
"Aluminum (Metric)","Harvey 0.031"" 3F Ball","Harvey General Use Endmills 3 Flute","ball end mill","0.031","3","0.155","0.53704",,"2.5","carbide"
"Aluminum (Metric)","Harvey 5/64"" 3F Bull R0.015","Harvey General Use Endmills 3 Flute","bull nose end mill","0.078","3","0.117","1.3335","0.015","2.5","carbide"
"Aluminum (Metric)","Harvey 0.025"" 3F Flat","Harvey General Use Endmills 3 Flute","flat end mill","0.025","3","0.125","0.29473",,"2.5","carbide"
"Aluminum (Metric)","Harvey 0.141"" 3F Bull R0.015","Harvey General Use Endmills 3 Flute","bull nose end mill","0.1406","3","0.22","0.93295","0.015","3","carbide"
"Aluminum (Metric)","Harvey 0.04"" 3F Flat","Harvey General Use Endmills 3 Flute","flat end mill","0.04","3","0.06","0.49332",,"2.5","carbide"
"Aluminum (Metric)","Harvey 0.093"" 3F Bull R0.015","Harvey General Use Endmills 3 Flute","bull nose end mill","0.093","3","0.139","1.07052","0.015","2.5","carbide"
"Aluminum (Metric)","Harvey 5/64"" 3F Ball","Harvey General Use Endmills 3 Flute","ball end mill","0.078","3","0.118","0.4585",,"2.5","carbide"
"Aluminum (Metric)","Harvey 0.03"" 3F Flat","Harvey General Use Endmills 3 Flute","flat end mill","0.03","3","0.09","0.23477",,"1.5","carbide"
"Aluminum (Metric)","Harvey 0.25"" 3F Bull R0.005","Harvey General Use Endmills 3 Flute","bull nose end mill","0.25","3","0.375","0.5","0.005","2.5","carbide"
"Aluminum (Metric)","Harvey 1/16"" 3F Flat","Harvey General Use Endmills 3 Flute","flat end mill","0.062","3","0.312","0.92422",,"2.5","carbide"
"Aluminum (Metric)","Harvey 0.085"" 3F Flat","Harvey General Use Endmills 3 Flute","flat end mill","0.085","3","0.75","0.85539",,"2.5","carbide"
"Aluminum (Metric)","Harvey 5/64"" 3F Bull R0.005","Harvey General Use Endmills 3 Flute","bull nose end mill","0.078","3","0.118","0.9465","0.005","2.5","carbide"
"Aluminum (Metric)","Harvey 1/16"" 3F Bull R0.005","Harvey General Use Endmills 3 Flute","bull nose end mill","0.062","3","0.093","0.92422","0.005","2.5","carbide"
"Aluminum (Metric)","Harvey 0.05"" 3F Ball","Harvey General Use Endmills 3 Flute","ball end mill","0.05","3","0.075","0.945",,"2.5","carbide"
"Aluminum (Metric)","Harvey 0.047"" 3F Bull R0.015","Harvey General Use Endmills 3 Flute","bull nose end mill","0.047","3","0.071","0.20105","0.015","1.5","carbide"
"Aluminum (Metric)","Harvey 0.01"" 3F Flat","Harvey General Use Endmills 3 Flute","flat end mill","0.01","3","0.05","0.36308",,"2.5","carbide"
"Aluminum (Metric)","Harvey 1/16"" 3F Flat","Harvey General Use Endmills 3 Flute","flat end mill","0.062","3","0.093","1.72422",,"3","carbide"
"Aluminum (Metric)","Harvey 0.045"" 3F Flat","Harvey General Use Endmills 3 Flute","flat end mill","0.045","3","0.375","0.52328",,"2.5","carbide"
"Aluminum (Metric)","Harvey 0.093"" 3F Bull R0.015","Harvey General Use Endmills 3 Flute","bull nose end mill","0.093","3","0.139","1.24552","0.015","2.5","carbide"
"Aluminum (Metric)","Harvey 0.015"" 3F Flat","Harvey General Use Endmills 3 Flute","flat end mill","0.015","3","0.125","0.30545",,"2.5","carbide"
"Aluminum (Metric)","Harvey 0.031"" 3F Ball","Harvey General Use Endmills 3 Flute","ball end mill","0.031","3","0.046","1.00204",,"2.5","carbide"
"Aluminum (Metric)","Harvey 0.085"" 3F Flat","Harvey General Use Endmills 3 Flute","flat end mill","0.085","3","0.255","0.35214",,"1.5","carbide"
"Aluminum (Metric)","Harvey 0.031"" 3F Ball","Harvey General Use Endmills 3 Flute","ball end mill","0.031","3","0.047","0.44504",,"2.5","carbide"
"Aluminum (Metric)","Harvey 0.093"" 3F Bull R0.01","Harvey General Use Endmills 3 Flute","bull nose end mill","0.093","3","0.14","0.23021","0.01","1.5","carbide"
"Aluminum (Metric)","Harvey 0.039"" 3F Flat","Harvey General Use Endmills 3 Flute","flat end mill","0.039","3","0.24","0.39471",,"2.5","carbide"
"Aluminum (Metric)","Harvey 0.093"" 3F Ball","Harvey General Use Endmills 3 Flute","ball end mill","0.093","3","0.139","0.62052",,"2.5","carbide"
"Aluminum (Metric)","Harvey 0.08"" 3F Flat","Harvey General Use Endmills 3 Flute","flat end mill","0.08","3","0.12","0.54904",,"2.5","carbide"
"Aluminum (Metric)","Harvey 1/16"" 3F Flat","Harvey General Use Endmills 3 Flute","flat end mill","0.062","3","0.093","2.04922",,"3","carbide"
"Aluminum (Metric)","Harvey 0.093"" 3F Bull R0.003","Harvey General Use Endmills 3 Flute","bull nose end mill","0.093","3","0.139","0.87052","0.003","2.5","carbide"
"Aluminum (Metric)","Harvey 0.015"" 3F Flat","Harvey General Use Endmills 3 Flute","flat end mill","0.015","3","0.022","0.41042",,"2.5","carbide"
"Aluminum (Metric)","Harvey 0.015"" 3F Ball","Harvey General Use Endmills 3 Flute","ball end mill","0.015","3","0.022","0.41042",,"2.5","carbide"
"Aluminum (Metric)","Harvey 0.093"" 3F Ball","Harvey General Use Endmills 3 Flute","ball end mill","0.093","3","0.139","1.24552",,"2.5","carbide"
"Aluminum (Metric)","Harvey 0.039"" 3F Flat","Harvey General Use Endmills 3 Flute","flat end mill","0.039","3","0.059","0.41618",,"2.5","carbide"
"Aluminum (Metric)","Harvey 0.118"" 3F Ball","Harvey General Use Endmills 3 Flute","ball end mill","0.118","3","0.177","0.70222",,"2.5","carbide"
"Aluminum (Metric)","Harvey 1/8"" 3F Bull R0.008","Harvey General Use Endmills 3 Flute","bull nose end mill","0.125","3","0.187","0.69096","0.008","2.5","carbide"
"Aluminum (Metric)","Harvey 0.031"" 3F Ball","Harvey General Use Endmills 3 Flute","ball end mill","0.031","3","0.47","0.63329",,"2.5","carbide"
"Aluminum (Metric)","Harvey 0.01"" 3F Ball","Harvey General Use Endmills 3 Flute","ball end mill","0.01","3","0.05","0.36308",,"2.5","carbide"
"Aluminum (Metric)","Harvey 0.06"" 3F Ball","Harvey General Use Endmills 3 Flute","ball end mill","0.06","3","0.5","1.17768",,"2.5","carbide"
"Aluminum (Metric)","Harvey 1/16"" 3F Bull R0.01","Harvey General Use Endmills 3 Flute","bull nose end mill","0.062","3","0.093","0.79922","0.01","2.5","carbide"
"Aluminum (Metric)","Harvey 0.03"" 3F Flat","Harvey General Use Endmills 3 Flute","flat end mill","0.03","3","0.045","0.67878",,"2.5","carbide"
"Aluminum (Metric)","Harvey 0.093"" 3F Flat","Harvey General Use Endmills 3 Flute","flat end mill","0.093","3","0.279","0.36921",,"1.5","carbide"
"Aluminum (Metric)","Harvey 0.093"" 3F Bull R0.005","Harvey General Use Endmills 3 Flute","bull nose end mill","0.093","3","0.139","1.24552","0.005","2.5","carbide"
"Aluminum (Metric)","Harvey 0.118"" 3F Flat","Harvey General Use Endmills 3 Flute","flat end mill","0.118","3","0.95","1.02001",,"2.5","carbide"
"Aluminum (Metric)","Harvey 0.1"" 3F Flat","Harvey General Use Endmills 3 Flute","flat end mill","0.1","3","0.15","1.6084",,"3","carbide"
"Aluminum (Metric)","Harvey 1/8"" 3F Flat","Harvey General Use Endmills 3 Flute","flat end mill","0.125","3","0.187","3.81596",,"6","carbide"
"Aluminum (Metric)","Harvey 5/64"" 3F Ball","Harvey General Use Endmills 3 Flute","ball end mill","0.078","3","0.55","0.6629",,"2.5","carbide"
"Aluminum (Metric)","Harvey 0.009"" 3F Flat","Harvey General Use Endmills 3 Flute","flat end mill","0.009","3","0.027","0.18996",,"1.5","carbide"
"Aluminum (Metric)","Harvey 0.015"" 3F Flat","Harvey General Use Endmills 3 Flute","flat end mill","0.015","3","0.156","0.33645",,"2.5","carbide"
"Aluminum (Metric)","Harvey 0.09"" 3F Ball","Harvey General Use Endmills 3 Flute","ball end mill","0.09","3","0.135","0.87572",,"2.5","carbide"
"Aluminum (Metric)","Harvey 0.02"" 3F Flat","Harvey General Use Endmills 3 Flute","flat end mill","0.02","3","0.03","0.49576",,"2.5","carbide"
"Aluminum (Metric)","Harvey 5/64"" 3F Bull R0.015","Harvey General Use Endmills 3 Flute","bull nose end mill","0.078","3","0.117","0.2202","0.015","1.5","carbide"
"Aluminum (Metric)","Harvey 0.093"" 3F Ball","Harvey General Use Endmills 3 Flute","ball end mill","0.093","3","0.14","0.49552",,"2.5","carbide"
"Aluminum (Metric)","Harvey 0.015"" 3F Ball","Harvey General Use Endmills 3 Flute","ball end mill","0.015","3","0.187","0.36745",,"2.5","carbide"
"Aluminum (Metric)","Harvey 5/32"" 3F Flat","Harvey General Use Endmills 3 Flute","flat end mill","0.1562","3","0.234","2.96723",,"6","carbide"
"Aluminum (Metric)","Harvey 0.04"" 3F Ball","Harvey General Use Endmills 3 Flute","ball end mill","0.04","3","0.281","0.43464",,"2.5","carbide"
"Aluminum (Metric)","Harvey 0.047"" 3F Bull R0.005","Harvey General Use Endmills 3 Flute","bull nose end mill","0.047","3","0.141","0.27105","0.005","1.5","carbide"
"Aluminum (Metric)","Harvey 0.026"" 3F Flat","Harvey General Use Endmills 3 Flute","flat end mill","0.026","3","0.078","0.22624",,"1.5","carbide"
"Aluminum (Metric)","Harvey 0.025"" 3F Flat","Harvey General Use Endmills 3 Flute","flat end mill","0.025","3","0.037","0.1861",,"2.5","carbide"
"Aluminum (Metric)","Harvey 1/8"" 3F Flat","Harvey General Use Endmills 3 Flute","flat end mill","0.125","3","1.125","1.1875",,"2.5","carbide"
"Aluminum (Metric)","Harvey 0.01"" 3F Flat","Harvey General Use Endmills 3 Flute","flat end mill","0.01","3","0.05","0.41308",,"2.5","carbide"
"Aluminum (Metric)","Harvey 0.007"" 3F Flat","Harvey General Use Endmills 3 Flute","flat end mill","0.007","3","0.021","0.18569",,"1.5","carbide"
"Aluminum (Metric)","Harvey 0.031"" 3F Bull R0.005","Harvey General Use Endmills 3 Flute","bull nose end mill","0.031","3","0.046","0.60204","0.005","2.5","carbide"
"Aluminum (Metric)","Harvey 0.02"" 3F Ball","Harvey General Use Endmills 3 Flute","ball end mill","0.02","3","0.08","0.25509",,"2.5","carbide"
"Aluminum (Metric)","Harvey 0.055"" 3F Ball","Harvey General Use Endmills 3 Flute","ball end mill","0.055","3","0.385","0.95634",,"2.5","carbide"
"Aluminum (Metric)","Harvey 0.012"" 3F Flat","Harvey General Use Endmills 3 Flute","flat end mill","0.012","3","0.018","0.3196",,"2.5","carbide"
"Aluminum (Metric)","Harvey 0.1"" 3F Bull R0.005","Harvey General Use Endmills 3 Flute","bull nose end mill","0.1","3","0.15","0.6084","0.005","2.5","carbide"
"Aluminum (Metric)","Harvey 0.055"" 3F Ball","Harvey General Use Endmills 3 Flute","ball end mill","0.055","3","0.082","0.35134",,"2.5","carbide"
"Aluminum (Metric)","Harvey 0.021"" 3F Ball","Harvey General Use Endmills 3 Flute","ball end mill","0.021","3","0.031","0.41236",,"2.5","carbide"
"Aluminum (Metric)","Harvey 0.04"" 3F Flat","Harvey General Use Endmills 3 Flute","flat end mill","0.04","3","0.24","0.39364",,"2.5","carbide"
"Aluminum (Metric)","Harvey 0.093"" 3F Flat","Harvey General Use Endmills 3 Flute","flat end mill","0.093","3","0.5","1.52052",,"3","carbide"
"Aluminum (Metric)","Harvey 1/8"" 3F Flat","Harvey General Use Endmills 3 Flute","flat end mill","0.125","3","0.187","1.44096",,"2.5","carbide"
"Aluminum (Metric)","Harvey 0.093"" 3F Bull R0.03","Harvey General Use Endmills 3 Flute","bull nose end mill","0.093","3","0.279","0.36921","0.03","1.5","carbide"
"Aluminum (Metric)","Harvey 0.01"" 3F Flat","Harvey General Use Endmills 3 Flute","flat end mill","0.01","3","0.015","0.41308",,"2.5","carbide"
"Aluminum (Metric)","Harvey 0.031"" 3F Bull R0.005","Harvey General Use Endmills 3 Flute","bull nose end mill","0.031","3","0.093","0.23691","0.005","1.5","carbide"
"Aluminum (Metric)","Harvey 1/8"" 3F Bull R0.015","Harvey General Use Endmills 3 Flute","bull nose end mill","0.125","3","0.187","1.94096","0.015","3","carbide"
"Aluminum (Metric)","Harvey 5/64"" 3F Flat","Harvey General Use Endmills 3 Flute","flat end mill","0.078","3","0.117","2.4895",,"4","carbide"
"Aluminum (Metric)","Harvey 0.014"" 3F Flat","Harvey General Use Endmills 3 Flute","flat end mill","0.014","3","0.042","0.20063",,"1.5","carbide"
"Aluminum (Metric)","Harvey 0.008"" 3F Flat","Harvey General Use Endmills 3 Flute","flat end mill","0.008","3","0.04","0.22795",,"2.5","carbide"
"Aluminum (Metric)","Harvey 3/16"" 3F Bull R0.01","Harvey General Use Endmills 3 Flute","bull nose end mill","0.1875","3","0.285","0.37875","0.01","2","carbide"
"Aluminum (Metric)","Harvey 0.047"" 3F Ball","Harvey General Use Endmills 3 Flute","ball end mill","0.047","3","0.07","0.6802",,"2.5","carbide"
"Aluminum (Metric)","Harvey 0.045"" 3F Ball","Harvey General Use Endmills 3 Flute","ball end mill","0.045","3","0.225","0.65366",,"2.5","carbide"
"Aluminum (Metric)","Harvey 0.093"" 3F Ball","Harvey General Use Endmills 3 Flute","ball end mill","0.093","3","0.139","0.26121",,"1.5","carbide"
"Aluminum (Metric)","Harvey 0.025"" 3F Ball","Harvey General Use Endmills 3 Flute","ball end mill","0.025","3","0.037","0.2861",,"1.5","carbide"
"Aluminum (Metric)","Harvey 1/16"" 3F Ball","Harvey General Use Endmills 3 Flute","ball end mill","0.062","3","0.093","0.79922",,"2.5","carbide"
"Aluminum (Metric)","Harvey 0.05"" 3F Ball","Harvey General Use Endmills 3 Flute","ball end mill","0.05","3","0.4","0.54292",,"2.5","carbide"
"Aluminum (Metric)","Harvey 0.075"" 3F Flat","Harvey General Use Endmills 3 Flute","flat end mill","0.075","3","0.112","1.0517",,"2.5","carbide"
"Aluminum (Metric)","Harvey 0.045"" 3F Ball","Harvey General Use Endmills 3 Flute","ball end mill","0.045","3","0.225","0.37328",,"2.5","carbide"
"Aluminum (Metric)","Harvey 0.06"" 3F Flat","Harvey General Use Endmills 3 Flute","flat end mill","0.06","3","0.09","0.67768",,"2.5","carbide"
"Aluminum (Metric)","Harvey 0.075"" 3F Flat","Harvey General Use Endmills 3 Flute","flat end mill","0.075","3","0.5","1.1517",,"2.5","carbide"
"Aluminum (Metric)","Harvey 0.08"" 3F Bull R0.01","Harvey General Use Endmills 3 Flute","bull nose end mill","0.08","3","0.12","0.54904","0.01","2.5","carbide"
"Aluminum (Metric)","Harvey 0.008"" 3F Ball","Harvey General Use Endmills 3 Flute","ball end mill","0.008","3","0.04","0.22795",,"2.5","carbide"
"Aluminum (Metric)","Harvey 0.047"" 3F Bull R0.01","Harvey General Use Endmills 3 Flute","bull nose end mill","0.047","3","0.07","0.6802","0.01","2.5","carbide"
"Aluminum (Metric)","Harvey 0.047"" 3F Ball","Harvey General Use Endmills 3 Flute","ball end mill","0.047","3","0.25","0.39614",,"2.5","carbide"
"Aluminum (Metric)","Harvey 3/16"" 3F Flat","Harvey General Use Endmills 3 Flute","flat end mill","0.1875","3","0.281","1.09765",,"3","carbide"
"Aluminum (Metric)","Harvey 0.1"" 3F Ball","Harvey General Use Endmills 3 Flute","ball end mill","0.1","3","0.5","0.58931",,"2.5","carbide"
"Aluminum (Metric)","Harvey 0.015"" 3F Flat","Harvey General Use Endmills 3 Flute","flat end mill","0.015","3","0.022","0.36342",,"2.5","carbide"
"Aluminum (Metric)","Harvey 1/16"" 3F Flat","Harvey General Use Endmills 3 Flute","flat end mill","0.062","3","0.375","0.50505",,"2.5","carbide"
"Aluminum (Metric)","Harvey 0.08"" 3F Ball","Harvey General Use Endmills 3 Flute","ball end mill","0.08","3","0.12","0.54904",,"2.5","carbide"
"Aluminum (Metric)","Harvey 0.03"" 3F Flat","Harvey General Use Endmills 3 Flute","flat end mill","0.03","3","0.25","0.41436",,"2.5","carbide"
"Aluminum (Metric)","Harvey 0.141"" 3F Flat","Harvey General Use Endmills 3 Flute","flat end mill","0.1406","3","0.22","1.63295",,"3","carbide"
"Aluminum (Metric)","Harvey 0.039"" 3F Ball","Harvey General Use Endmills 3 Flute","ball end mill","0.039","3","0.059","0.53818",,"2.5","carbide"
"Aluminum (Metric)","Harvey 0.02"" 3F Ball","Harvey General Use Endmills 3 Flute","ball end mill","0.02","3","0.2","0.37509",,"2.5","carbide"
"Aluminum (Metric)","Harvey 0.09"" 3F Ball","Harvey General Use Endmills 3 Flute","ball end mill","0.09","3","0.75","1.37572",,"2.5","carbide"
"Aluminum (Metric)","Harvey 0.09"" 3F Flat","Harvey General Use Endmills 3 Flute","flat end mill","0.09","3","0.135","0.87572",,"2.5","carbide"
"Aluminum (Metric)","Harvey 0.093"" 3F Bull R0.005","Harvey General Use Endmills 3 Flute","bull nose end mill","0.093","3","0.14","0.23021","0.005","1.5","carbide"
"Aluminum (Metric)","Harvey 0.03"" 3F Flat","Harvey General Use Endmills 3 Flute","flat end mill","0.03","3","0.15","0.31436",,"2.5","carbide"
"Aluminum (Metric)","Harvey 3/16"" 3F Bull R0.02","Harvey General Use Endmills 3 Flute","bull nose end mill","0.187","3","0.281","1.60155","0.02","3","carbide"
"Aluminum (Metric)","Harvey 0.093"" 3F Bull R0.015","Harvey General Use Endmills 3 Flute","bull nose end mill","0.093","3","0.139","1.52052","0.015","3","carbide"
"Aluminum (Metric)","Harvey 0.028"" 3F Ball","Harvey General Use Endmills 3 Flute","ball end mill","0.028","3","0.042","0.37224",,"2.5","carbide"
"Aluminum (Metric)","Harvey 0.25"" 3F Bull R0.06","Harvey General Use Endmills 3 Flute","bull nose end mill","0.25","3","0.375","1.37846","0.06","4","carbide"
"Aluminum (Metric)","Harvey 0.02"" 3F Flat","Harvey General Use Endmills 3 Flute","flat end mill","0.02","3","0.03","0.3461",,"2.5","carbide"
"Aluminum (Metric)","Harvey 5/32"" 3F Bull R0.015","Harvey General Use Endmills 3 Flute","bull nose end mill","0.1562","3","0.234","1.40523","0.015","3","carbide"
"Aluminum (Metric)","Harvey 3/16"" 3F Ball","Harvey General Use Endmills 3 Flute","ball end mill","0.187","3","0.281","3.47655",,"6","carbide"
"Aluminum (Metric)","Harvey 0.1"" 3F Flat","Harvey General Use Endmills 3 Flute","flat end mill","0.1","3","0.15","0.23415",,"2.5","carbide"
"Aluminum (Metric)","Harvey 0.04"" 3F Bull R0.005","Harvey General Use Endmills 3 Flute","bull nose end mill","0.04","3","0.12","0.25611","0.005","1.5","carbide"
"Aluminum (Metric)","Harvey 0.03"" 3F Flat","Harvey General Use Endmills 3 Flute","flat end mill","0.03","3","0.045","0.35378",,"2.5","carbide"
"Aluminum (Metric)","Harvey 1/8"" 3F Bull R0.015","Harvey General Use Endmills 3 Flute","bull nose end mill","0.125","3","0.187","1.06596","0.015","2.5","carbide"
"Aluminum (Metric)","Harvey 0.141"" 3F Bull R0.01","Harvey General Use Endmills 3 Flute","bull nose end mill","0.1406","3","0.22","0.93295","0.01","3","carbide"
"Aluminum (Metric)","Harvey 5/64"" 3F Flat","Harvey General Use Endmills 3 Flute","flat end mill","0.078","3","0.406","1.3335",,"2.5","carbide"
"Aluminum (Metric)","Harvey 0.085"" 3F Flat","Harvey General Use Endmills 3 Flute","flat end mill","0.085","3","0.128","0.55938",,"2.5","carbide"
"Aluminum (Metric)","Harvey 5/64"" 3F Flat","Harvey General Use Endmills 3 Flute","flat end mill","0.078","3","0.55","0.6629",,"2.5","carbide"
"Aluminum (Metric)","Harvey 0.085"" 3F Flat","Harvey General Use Endmills 3 Flute","flat end mill","0.085","3","0.128","0.83438",,"2.5","carbide"
"Aluminum (Metric)","Harvey 0.02"" 3F Ball","Harvey General Use Endmills 3 Flute","ball end mill","0.02","3","0.03","0.30576",,"2.5","carbide"
"Aluminum (Metric)","Harvey 0.02"" 3F Bull R0.003","Harvey General Use Endmills 3 Flute","bull nose end mill","0.02","3","0.03","0.34576","0.003","2.5","carbide"
"Aluminum (Metric)","Harvey 0.093"" 3F Ball","Harvey General Use Endmills 3 Flute","ball end mill","0.093","3","0.139","2.43252",,"4","carbide"
"Aluminum (Metric)","Harvey 0.04"" 3F Ball","Harvey General Use Endmills 3 Flute","ball end mill","0.04","3","0.06","1.01232",,"2.5","carbide"
"Aluminum (Metric)","Harvey 1/8"" 3F Bull R0.03","Harvey General Use Endmills 3 Flute","bull nose end mill","0.125","3","0.187","1.56596","0.03","3","carbide"
"Aluminum (Metric)","Harvey 5/64"" 3F Flat","Harvey General Use Endmills 3 Flute","flat end mill","0.078","3","0.117","1.0865",,"2.5","carbide"
"Aluminum (Metric)","Harvey 0.05"" 3F Flat","Harvey General Use Endmills 3 Flute","flat end mill","0.05","3","0.6","0.74292",,"2.5","carbide"
"Aluminum (Metric)","Harvey 0.093"" 3F Ball","Harvey General Use Endmills 3 Flute","ball end mill","0.093","3","0.375","0.47181",,"2.5","carbide"
"Aluminum (Metric)","Harvey 0.035"" 3F Ball","Harvey General Use Endmills 3 Flute","ball end mill","0.035","3","0.052","0.28244",,"1.5","carbide"
"Aluminum (Metric)","Harvey 0.045"" 3F Ball","Harvey General Use Endmills 3 Flute","ball end mill","0.045","3","0.067","0.42866",,"2.5","carbide"
"Aluminum (Metric)","Harvey 1/8"" 3F Ball","Harvey General Use Endmills 3 Flute","ball end mill","0.125","3","0.187","1.19096",,"2.5","carbide"
"Aluminum (Metric)","Harvey 0.025"" 3F Flat","Harvey General Use Endmills 3 Flute","flat end mill","0.025","3","0.037","0.31244",,"2.5","carbide"
"Aluminum (Metric)","Harvey 0.02"" 3F Flat","Harvey General Use Endmills 3 Flute","flat end mill","0.02","3","0.08","0.25509",,"2.5","carbide"
"Aluminum (Metric)","Harvey 0.085"" 3F Ball","Harvey General Use Endmills 3 Flute","ball end mill","0.085","3","0.75","1.38438",,"2.5","carbide"
"Aluminum (Metric)","Harvey 0.029"" 3F Flat","Harvey General Use Endmills 3 Flute","flat end mill","0.029","3","0.087","0.23264",,"1.5","carbide"
"Aluminum (Metric)","Harvey 0.023"" 3F Flat","Harvey General Use Endmills 3 Flute","flat end mill","0.023","3","0.035","0.4279",,"2.5","carbide"
"Aluminum (Metric)","Harvey 0.07"" 3F Bull R0.005","Harvey General Use Endmills 3 Flute","bull nose end mill","0.07","3","0.105","0.73036","0.005","2.5","carbide"
"Aluminum (Metric)","Harvey 0.07"" 3F Flat","Harvey General Use Endmills 3 Flute","flat end mill","0.07","3","0.375","0.49647",,"2.5","carbide"
"Aluminum (Metric)","Harvey 5/32"" 3F Ball","Harvey General Use Endmills 3 Flute","ball end mill","0.1562","3","0.234","1.72523",,"3","carbide"
"Aluminum (Metric)","Harvey 0.055"" 3F Flat","Harvey General Use Endmills 3 Flute","flat end mill","0.055","3","0.083","0.63634",,"2.5","carbide"
"Aluminum (Metric)","Harvey 0.08"" 3F Ball","Harvey General Use Endmills 3 Flute","ball end mill","0.08","3","0.75","1.39304",,"2.5","carbide"
"Aluminum (Metric)","Harvey 0.039"" 3F Flat","Harvey General Use Endmills 3 Flute","flat end mill","0.039","3","0.156","0.31071",,"2.5","carbide"
"Aluminum (Metric)","Harvey 0.093"" 3F Ball","Harvey General Use Endmills 3 Flute","ball end mill","0.093","3","0.585","0.68181",,"2.5","carbide"
"Aluminum (Metric)","Harvey 3/16"" 3F Ball","Harvey General Use Endmills 3 Flute","ball end mill","0.187","3","0.281","0.67155",,"3","carbide"
"Aluminum (Metric)","Harvey 0.09"" 3F Flat","Harvey General Use Endmills 3 Flute","flat end mill","0.09","3","0.135","0.57572",,"2.5","carbide"
"Aluminum (Metric)","Harvey 0.035"" 3F Flat","Harvey General Use Endmills 3 Flute","flat end mill","0.035","3","0.175","0.57012",,"2.5","carbide"
"Aluminum (Metric)","Harvey 0.02"" 3F Flat","Harvey General Use Endmills 3 Flute","flat end mill","0.02","3","0.03","0.74576",,"2.5","carbide"
"Aluminum (Metric)","Harvey 0.047"" 3F Flat","Harvey General Use Endmills 3 Flute","flat end mill","0.047","3","0.141","0.27105",,"1.5","carbide"
"Aluminum (Metric)","Harvey 0.031"" 3F Bull R0.01","Harvey General Use Endmills 3 Flute","bull nose end mill","0.031","3","0.046","0.60204","0.01","2.5","carbide"
"Aluminum (Metric)","Harvey 0.025"" 3F Flat","Harvey General Use Endmills 3 Flute","flat end mill","0.025","3","0.037","0.54944",,"2.5","carbide"
"Aluminum (Metric)","Harvey 0.1"" 3F Flat","Harvey General Use Endmills 3 Flute","flat end mill","0.1","3","0.15","0.23415",,"1.5","carbide"
"Aluminum (Metric)","Harvey 1/8"" 3F Bull R0.015","Harvey General Use Endmills 3 Flute","bull nose end mill","0.125","3","0.187","0.2495","0.015","1.5","carbide"
"Aluminum (Metric)","Harvey 3/8"" 3F Flat","Harvey General Use Endmills 3 Flute","flat end mill","0.375","3","0.57","3.19183",,"6","carbide"
"Aluminum (Metric)","Harvey 1/16"" 3F Ball","Harvey General Use Endmills 3 Flute","ball end mill","0.062","3","0.093","0.27306",,"1.5","carbide"
"Aluminum (Metric)","Harvey 1/16"" 3F Ball","Harvey General Use Endmills 3 Flute","ball end mill","0.062","3","0.093","0.48622",,"2.5","carbide"
"Aluminum (Metric)","Harvey 0.093"" 3F Bull R0.02","Harvey General Use Endmills 3 Flute","bull nose end mill","0.093","3","0.139","0.87052","0.02","2.5","carbide"
"Aluminum (Metric)","Harvey 0.031"" 3F Flat","Harvey General Use Endmills 3 Flute","flat end mill","0.031","3","0.046","0.18991",,"1.5","carbide"
"Aluminum (Metric)","Harvey 0.015"" 3F Ball","Harvey General Use Endmills 3 Flute","ball end mill","0.015","3","0.022","0.47942",,"2.5","carbide"
"Aluminum (Metric)","Harvey 0.047"" 3F Flat","Harvey General Use Endmills 3 Flute","flat end mill","0.047","3","0.07","0.3412",,"2.5","carbide"
"Aluminum (Metric)","Harvey 1/16"" 3F Bull R0.005","Harvey General Use Endmills 3 Flute","bull nose end mill","0.062","3","0.093","0.67422","0.005","2.5","carbide"
"Aluminum (Metric)","Harvey 0.065"" 3F Flat","Harvey General Use Endmills 3 Flute","flat end mill","0.065","3","0.65","0.77684",,"2.5","carbide"
"Aluminum (Metric)","Harvey 0.01"" 3F Ball","Harvey General Use Endmills 3 Flute","ball end mill","0.01","3","0.015","0.34308",,"2.5","carbide"
"Aluminum (Metric)","Harvey 0.25"" 3F Ball","Harvey General Use Endmills 3 Flute","ball end mill","0.25","3","0.375","5.12846",,"8","carbide"
"Aluminum (Metric)","Harvey 0.045"" 3F Flat","Harvey General Use Endmills 3 Flute","flat end mill","0.045","3","0.068","0.42866",,"2.5","carbide"
"Aluminum (Metric)","Harvey 0.06"" 3F Flat","Harvey General Use Endmills 3 Flute","flat end mill","0.06","3","0.312","0.80268",,"2.5","carbide"
"Aluminum (Metric)","Harvey 0.06"" 3F Ball","Harvey General Use Endmills 3 Flute","ball end mill","0.06","3","0.09","0.80268",,"2.5","carbide"
"Aluminum (Metric)","Harvey 0.1"" 3F Flat","Harvey General Use Endmills 3 Flute","flat end mill","0.1","3","0.75","1.3584",,"2.5","carbide"
"Aluminum (Metric)","Harvey 0.065"" 3F Flat","Harvey General Use Endmills 3 Flute","flat end mill","0.065","3","0.097","0.81902",,"2.5","carbide"
"Aluminum (Metric)","Harvey 0.109"" 3F Flat","Harvey General Use Endmills 3 Flute","flat end mill","0.109","3","0.163","1.21782",,"2.5","carbide"
"Aluminum (Metric)","Harvey 5/64"" 3F Flat","Harvey General Use Endmills 3 Flute","flat end mill","0.078","3","0.117","1.7085",,"3","carbide"
"Aluminum (Metric)","Harvey 5/32"" 3F Bull R0.01","Harvey General Use Endmills 3 Flute","bull nose end mill","0.1562","3","0.234","0.90523","0.01","3","carbide"
"Aluminum (Metric)","Harvey 0.065"" 3F Flat","Harvey General Use Endmills 3 Flute","flat end mill","0.065","3","0.5","1.16902",,"2.5","carbide"
"Aluminum (Metric)","Harvey 0.02"" 3F Bull R0.005","Harvey General Use Endmills 3 Flute","bull nose end mill","0.02","3","0.03","0.40576","0.005","2.5","carbide"
"Aluminum (Metric)","Harvey 3/16"" 3F Ball","Harvey General Use Endmills 3 Flute","ball end mill","0.1875","3","0.281","2.34765",,"4","carbide"
"Aluminum (Metric)","Harvey 1/16"" 3F Flat","Harvey General Use Endmills 3 Flute","flat end mill","0.062","3","0.95","1.08005",,"2.5","carbide"
"Aluminum (Metric)","Harvey 0.025"" 3F Bull R0.005","Harvey General Use Endmills 3 Flute","bull nose end mill","0.025","3","0.037","0.44044","0.005","2.5","carbide"
"Aluminum (Metric)","Harvey 0.05"" 3F Flat","Harvey General Use Endmills 3 Flute","flat end mill","0.05","3","0.075","0.398",,"2.5","carbide"
"Aluminum (Metric)","Harvey 0.093"" 3F Ball","Harvey General Use Endmills 3 Flute","ball end mill","0.093","3","0.14","1.79552",,"3","carbide"
"Aluminum (Metric)","Harvey 0.03"" 3F Ball","Harvey General Use Endmills 3 Flute","ball end mill","0.03","3","0.045","0.47878",,"2.5","carbide"
"Aluminum (Metric)","Harvey 0.05"" 3F Flat","Harvey General Use Endmills 3 Flute","flat end mill","0.05","3","0.075","0.445",,"2.5","carbide"
"Aluminum (Metric)","Harvey 0.02"" 3F Ball","Harvey General Use Endmills 3 Flute","ball end mill","0.02","3","0.03","0.74576",,"2.5","carbide"
"Aluminum (Metric)","Harvey 0.1"" 3F Flat","Harvey General Use Endmills 3 Flute","flat end mill","0.1","3","0.15","0.23415",,"2.5","carbide"
"Aluminum (Metric)","Harvey 0.1"" 3F Flat","Harvey General Use Endmills 3 Flute","flat end mill","0.1","3","0.3","0.38415",,"1.5","carbide"
"Aluminum (Metric)","Harvey 0.047"" 3F Ball","Harvey General Use Endmills 3 Flute","ball end mill","0.047","3","0.25","0.7002",,"2.5","carbide"
"Aluminum (Metric)","Harvey 1/16"" 3F Ball","Harvey General Use Endmills 3 Flute","ball end mill","0.062","3","0.093","0.73222",,"2.5","carbide"
"Aluminum (Metric)","Harvey 0.118"" 3F Bull R0.005","Harvey General Use Endmills 3 Flute","bull nose end mill","0.118","3","0.177","1.02722","0.005","2.5","carbide"
"Aluminum (Metric)","Harvey 0.031"" 3F Flat","Harvey General Use Endmills 3 Flute","flat end mill","0.031","3","0.25","0.41329",,"2.5","carbide"
"Aluminum (Metric)","Harvey 0.035"" 3F Flat","Harvey General Use Endmills 3 Flute","flat end mill","0.035","3","0.052","0.64512",,"2.5","carbide"
"Aluminum (Metric)","Harvey 0.093"" 3F Flat","Harvey General Use Endmills 3 Flute","flat end mill","0.093","3","0.139","0.70552",,"2.5","carbide"
"Aluminum (Metric)","Harvey 0.25"" 3F Flat","Harvey General Use Endmills 3 Flute","flat end mill","0.25","3","0.375","2.12846",,"4","carbide"
"Aluminum (Metric)","Harvey 0.25"" 3F Bull R0.03","Harvey General Use Endmills 3 Flute","bull nose end mill","0.25","3","0.375","2.12846","0.03","4","carbide"
"Aluminum (Metric)","Harvey 0.013"" 3F Flat","Harvey General Use Endmills 3 Flute","flat end mill","0.013","3","0.019","0.36188",,"2.5","carbide"
"Aluminum (Metric)","Harvey 3/16"" 3F Flat","Harvey General Use Endmills 3 Flute","flat end mill","0.1875","3","0.281","0.66765",,"3","carbide"
"Aluminum (Metric)","Harvey 1/8"" 3F Ball","Harvey General Use Endmills 3 Flute","ball end mill","0.125","3","0.187","0.81596",,"2.5","carbide"
"Aluminum (Metric)","Harvey 0.035"" 3F Flat","Harvey General Use Endmills 3 Flute","flat end mill","0.035","3","0.052","0.19244",,"1.5","carbide"
"Aluminum (Metric)","Harvey 0.109"" 3F Ball","Harvey General Use Endmills 3 Flute","ball end mill","0.109","3","0.163","0.66282",,"2.5","carbide"
"Aluminum (Metric)","Harvey 0.03"" 3F Ball","Harvey General Use Endmills 3 Flute","ball end mill","0.03","3","0.045","0.76878",,"2.5","carbide"
"Aluminum (Metric)","Harvey 0.025"" 3F Ball","Harvey General Use Endmills 3 Flute","ball end mill","0.025","3","0.125","0.48744",,"2.5","carbide"
"Aluminum (Metric)","Harvey 1/8"" 3F Flat","Harvey General Use Endmills 3 Flute","flat end mill","0.125","3","0.187","1.31596",,"2.5","carbide"
"Aluminum (Metric)","Harvey 0.07"" 3F Bull R0.005","Harvey General Use Endmills 3 Flute","bull nose end mill","0.07","3","0.105","0.53536","0.005","2.5","carbide"
"Aluminum (Metric)","Harvey 0.03"" 3F Flat","Harvey General Use Endmills 3 Flute","flat end mill","0.03","3","0.045","0.47878",,"2.5","carbide"
"Aluminum (Metric)","Harvey 0.03"" 3F Flat","Harvey General Use Endmills 3 Flute","flat end mill","0.03","3","0.375","0.53936",,"2.5","carbide"
"Aluminum (Metric)","Harvey 0.093"" 3F Flat","Harvey General Use Endmills 3 Flute","flat end mill","0.093","3","0.139","2.18252",,"4","carbide"
"Aluminum (Metric)","Harvey 3/16"" 3F Ball","Harvey General Use Endmills 3 Flute","ball end mill","0.1875","3","0.281","1.59765",,"3","carbide"
"Aluminum (Metric)","Harvey 0.118"" 3F Flat","Harvey General Use Endmills 3 Flute","flat end mill","0.118","3","0.177","1.26422",,"2.5","carbide"
"Aluminum (Metric)","Harvey 1/16"" 3F Bull R0.005","Harvey General Use Endmills 3 Flute","bull nose end mill","0.062","3","0.093","0.48622","0.005","2.5","carbide"
"Aluminum (Metric)","Harvey 0.1"" 3F Ball","Harvey General Use Endmills 3 Flute","ball end mill","0.1","3","0.15","0.9084",,"2.5","carbide"
"Aluminum (Metric)","Harvey 0.093"" 3F Flat","Harvey General Use Endmills 3 Flute","flat end mill","0.093","3","0.95","1.04681",,"2.5","carbide"
"Aluminum (Metric)","Harvey 1/16"" 3F Flat","Harvey General Use Endmills 3 Flute","flat end mill","0.062","3","0.093","0.92422",,"2.5","carbide"
"Aluminum (Metric)","Harvey 0.031"" 3F Ball","Harvey General Use Endmills 3 Flute","ball end mill","0.031","3","0.375","0.53829",,"2.5","carbide"
"Aluminum (Metric)","Harvey 0.07"" 3F Ball","Harvey General Use Endmills 3 Flute","ball end mill","0.07","3","0.105","0.27013",,"1.5","carbide"
"Aluminum (Metric)","Harvey 0.25"" 3F Flat","Harvey General Use Endmills 3 Flute","flat end mill","0.25","3","0.375","5.12846",,"8","carbide"
"Aluminum (Metric)","Harvey 0.1"" 3F Bull R0.005","Harvey General Use Endmills 3 Flute","bull nose end mill","0.1","3","0.15","0.9084","0.005","2.5","carbide"
"Aluminum (Metric)","Harvey 7/32"" 3F Ball","Harvey General Use Endmills 3 Flute","ball end mill","0.2187","3","0.33","0.51341",,"2.5","carbide"
"Aluminum (Metric)","Harvey 0.02"" 3F Bull R0.005","Harvey General Use Endmills 3 Flute","bull nose end mill","0.02","3","0.03","0.44576","0.005","2.5","carbide"
"Aluminum (Metric)","Harvey 1/16"" 3F Bull R0.01","Harvey General Use Endmills 3 Flute","bull nose end mill","0.062","3","0.093","0.92422","0.01","2.5","carbide"
"Aluminum (Metric)","Harvey 3/16"" 3F Bull R0.06","Harvey General Use Endmills 3 Flute","bull nose end mill","0.1875","3","0.285","0.37875","0.06","2","carbide"
"Aluminum (Metric)","Harvey 0.109"" 3F Flat","Harvey General Use Endmills 3 Flute","flat end mill","0.109","3","0.164","0.24036",,"1.5","carbide"
"Aluminum (Metric)","Harvey 0.03"" 3F Ball","Harvey General Use Endmills 3 Flute","ball end mill","0.03","3","0.15","0.31436",,"2.5","carbide"
"Aluminum (Metric)","Harvey 0.047"" 3F Flat","Harvey General Use Endmills 3 Flute","flat end mill","0.047","3","0.25","0.70106",,"2.5","carbide"
"Aluminum (Metric)","Harvey 0.03"" 3F Ball","Harvey General Use Endmills 3 Flute","ball end mill","0.03","3","0.045","0.38478",,"2.5","carbide"
"Aluminum (Metric)","Harvey 0.026"" 3F Ball","Harvey General Use Endmills 3 Flute","ball end mill","0.026","3","0.039","0.3657",,"2.5","carbide"
"Aluminum (Metric)","Harvey 0.031"" 3F Flat","Harvey General Use Endmills 3 Flute","flat end mill","0.031","3","0.218","0.38129",,"2.5","carbide"
"Aluminum (Metric)","Harvey 0.035"" 3F Ball","Harvey General Use Endmills 3 Flute","ball end mill","0.035","3","0.175","0.57012",,"2.5","carbide"
"Aluminum (Metric)","Harvey 0.04"" 3F Flat","Harvey General Use Endmills 3 Flute","flat end mill","0.04","3","0.2","0.35364",,"2.5","carbide"
"Aluminum (Metric)","Harvey 0.047"" 3F Flat","Harvey General Use Endmills 3 Flute","flat end mill","0.047","3","0.07","0.6802",,"2.5","carbide"
"Aluminum (Metric)","Harvey 0.075"" 3F Flat","Harvey General Use Endmills 3 Flute","flat end mill","0.075","3","0.113","0.7767",,"2.5","carbide"
"Aluminum (Metric)","Harvey 0.047"" 3F Bull R0.005","Harvey General Use Endmills 3 Flute","bull nose end mill","0.047","3","0.07","0.4502","0.005","2.5","carbide"
"Aluminum (Metric)","Harvey 0.031"" 3F Bull R0.01","Harvey General Use Endmills 3 Flute","bull nose end mill","0.031","3","0.046","0.32004","0.01","2.5","carbide"
"Aluminum (Metric)","Harvey 0.02"" 3F Flat","Harvey General Use Endmills 3 Flute","flat end mill","0.02","3","0.12","0.29509",,"2.5","carbide"
"Aluminum (Metric)","Harvey 0.055"" 3F Flat","Harvey General Use Endmills 3 Flute","flat end mill","0.055","3","0.083","0.46134",,"2.5","carbide"
"Aluminum (Metric)","Harvey 0.039"" 3F Flat","Harvey General Use Endmills 3 Flute","flat end mill","0.039","3","0.059","0.53818",,"2.5","carbide"
"Aluminum (Metric)","Harvey 1/8"" 3F Ball","Harvey General Use Endmills 3 Flute","ball end mill","0.125","3","0.187","0.2495",,"1.5","carbide"
"Aluminum (Metric)","Harvey 0.045"" 3F Flat","Harvey General Use Endmills 3 Flute","flat end mill","0.045","3","0.55","0.69828",,"2.5","carbide"
"Aluminum (Metric)","Harvey 0.02"" 3F Flat","Harvey General Use Endmills 3 Flute","flat end mill","0.02","3","0.14","0.31509",,"2.5","carbide"
"Aluminum (Metric)","Harvey 0.093"" 3F Ball","Harvey General Use Endmills 3 Flute","ball end mill","0.093","3","0.14","0.70552",,"2.5","carbide"
"Aluminum (Metric)","Harvey 0.02"" 3F Ball","Harvey General Use Endmills 3 Flute","ball end mill","0.02","3","0.16","0.33509",,"2.5","carbide"
"Aluminum (Metric)","Harvey 5/64"" 3F Flat","Harvey General Use Endmills 3 Flute","flat end mill","0.078","3","0.117","0.6215",,"2.5","carbide"
"Aluminum (Metric)","Harvey 0.039"" 3F Ball","Harvey General Use Endmills 3 Flute","ball end mill","0.039","3","0.117","0.33998",,"1.5","carbide"
"Aluminum (Metric)","Harvey 0.031"" 3F Flat","Harvey General Use Endmills 3 Flute","flat end mill","0.031","3","0.046","1.00204",,"2.5","carbide"
"Aluminum (Metric)","Harvey 5/64"" 3F Bull R0.005","Harvey General Use Endmills 3 Flute","bull nose end mill","0.078","3","0.117","1.0865","0.005","2.5","carbide"
"Aluminum (Metric)","Harvey 1/8"" 3F Flat","Harvey General Use Endmills 3 Flute","flat end mill","0.125","3","0.187","1.69096",,"3","carbide"
"Aluminum (Metric)","Harvey 0.093"" 3F Flat","Harvey General Use Endmills 3 Flute","flat end mill","0.093","3","0.139","1.52052",,"3","carbide"
"Aluminum (Metric)","Harvey 0.01"" 3F Ball","Harvey General Use Endmills 3 Flute","ball end mill","0.01","3","0.015","0.38808",,"2.5","carbide"
"Aluminum (Metric)","Harvey 1/16"" 3F Ball","Harvey General Use Endmills 3 Flute","ball end mill","0.062","3","0.25","0.38005",,"2.5","carbide"
"Aluminum (Metric)","Harvey 0.04"" 3F Flat","Harvey General Use Endmills 3 Flute","flat end mill","0.04","3","0.48","0.63364",,"2.5","carbide"
"Aluminum (Metric)","Harvey 0.04"" 3F Ball","Harvey General Use Endmills 3 Flute","ball end mill","0.04","3","0.06","0.49332",,"2.5","carbide"
"Aluminum (Metric)","Harvey 0.141"" 3F Flat","Harvey General Use Endmills 3 Flute","flat end mill","0.1406","3","0.562","0.6792",,"2","carbide"
"Aluminum (Metric)","Harvey 0.035"" 3F Flat","Harvey General Use Endmills 3 Flute","flat end mill","0.035","3","0.425","0.584",,"2.5","carbide"
"Aluminum (Metric)","Harvey 0.031"" 3F Ball","Harvey General Use Endmills 3 Flute","ball end mill","0.031","3","0.155","0.53704",,"2.5","carbide"
"Aluminum (Metric)","Harvey 1/16"" 3F Ball","Harvey General Use Endmills 3 Flute","ball end mill","0.062","3","0.312","0.44205",,"2.5","carbide"
"Aluminum (Metric)","Harvey 0.031"" 3F Bull R0.01","Harvey General Use Endmills 3 Flute","bull nose end mill","0.031","3","0.093","0.23691","0.01","1.5","carbide"
"Aluminum (Metric)","Harvey 0.08"" 3F Flat","Harvey General Use Endmills 3 Flute","flat end mill","0.08","3","0.12","1.10304",,"2.5","carbide"
"Aluminum (Metric)","Harvey 5/64"" 3F Ball","Harvey General Use Endmills 3 Flute","ball end mill","0.078","3","0.117","1.0865",,"2.5","carbide"
"Aluminum (Metric)","Harvey 5/64"" 3F Ball","Harvey General Use Endmills 3 Flute","ball end mill","0.078","3","0.118","0.6215",,"2.5","carbide"
"Aluminum (Metric)","Harvey 0.035"" 3F Flat","Harvey General Use Endmills 3 Flute","flat end mill","0.035","3","0.175","0.334",,"2.5","carbide"
"Aluminum (Metric)","Harvey 0.005"" 3F Flat","Harvey General Use Endmills 3 Flute","flat end mill","0.005","3","0.025","0.21617",,"2.5","carbide"
"Aluminum (Metric)","Harvey 0.04"" 3F Flat","Harvey General Use Endmills 3 Flute","flat end mill","0.04","3","0.06","0.93232",,"2.5","carbide"
"Aluminum (Metric)","Harvey 0.085"" 3F Ball","Harvey General Use Endmills 3 Flute","ball end mill","0.085","3","0.75","0.85539",,"2.5","carbide"
"Aluminum (Metric)","Harvey 0.052"" 3F Flat","Harvey General Use Endmills 3 Flute","flat end mill","0.052","3","0.156","0.28172",,"1.5","carbide"
"Aluminum (Metric)","Harvey 0.075"" 3F Ball","Harvey General Use Endmills 3 Flute","ball end mill","0.075","3","0.112","0.7767",,"2.5","carbide"
"Aluminum (Metric)","Harvey 0.01"" 3F Flat","Harvey General Use Endmills 3 Flute","flat end mill","0.01","3","0.03","0.19209",,"1.5","carbide"
"Aluminum (Metric)","Harvey 0.047"" 3F Flat","Harvey General Use Endmills 3 Flute","flat end mill","0.047","3","0.07","1.3872",,"2.5","carbide"
"Aluminum (Metric)","Harvey 5/64"" 3F Bull R0.015","Harvey General Use Endmills 3 Flute","bull nose end mill","0.078","3","0.117","0.9465","0.015","2.5","carbide"
"Aluminum (Metric)","Harvey 5/32"" 3F Flat","Harvey General Use Endmills 3 Flute","flat end mill","0.1562","3","0.234","0.62523",,"3","carbide"
"Aluminum (Metric)","Harvey 0.085"" 3F Flat","Harvey General Use Endmills 3 Flute","flat end mill","0.085","3","0.127","1.15438",,"2.5","carbide"
"Aluminum (Metric)","Harvey 0.025"" 3F Flat","Harvey General Use Endmills 3 Flute","flat end mill","0.025","3","0.125","0.48744",,"2.5","carbide"
"Aluminum (Metric)","Harvey 1/8"" 3F Bull R0.02","Harvey General Use Endmills 3 Flute","bull nose end mill","0.125","3","0.187","1.31596","0.02","2.5","carbide"
"Aluminum (Metric)","Harvey 1/8"" 3F Ball","Harvey General Use Endmills 3 Flute","ball end mill","0.125","3","1.875","1.9375",,"3","carbide"
"Aluminum (Metric)","Harvey 0.08"" 3F Ball","Harvey General Use Endmills 3 Flute","ball end mill","0.08","3","0.75","1.39304",,"2.5","carbide"
"Aluminum (Metric)","Harvey 0.015"" 3F Ball","Harvey General Use Endmills 3 Flute","ball end mill","0.015","3","0.022","0.28976",,"1.5","carbide"
"Aluminum (Metric)","Harvey 1/8"" 3F Flat","Harvey General Use Endmills 3 Flute","flat end mill","0.125","3","0.5","0.5625",,"2.5","carbide"
"Aluminum (Metric)","Harvey 0.05"" 3F Flat","Harvey General Use Endmills 3 Flute","flat end mill","0.05","3","0.075","0.495",,"2.5","carbide"
"Aluminum (Metric)","Harvey 5/32"" 3F Bull R0.015","Harvey General Use Endmills 3 Flute","bull nose end mill","0.1562","3","0.234","0.90523","0.015","3","carbide"
"Aluminum (Metric)","Harvey 0.016"" 3F Flat","Harvey General Use Endmills 3 Flute","flat end mill","0.016","3","0.024","0.33268",,"2.5","carbide"
"Aluminum (Metric)","Harvey 5/64"" 3F Bull R0.02","Harvey General Use Endmills 3 Flute","bull nose end mill","0.078","3","0.117","0.9465","0.02","2.5","carbide"
"Aluminum (Metric)","Harvey 0.025"" 3F Ball","Harvey General Use Endmills 3 Flute","ball end mill","0.025","3","0.037","0.44044",,"2.5","carbide"
"Aluminum (Metric)","Harvey 0.025"" 3F Flat","Harvey General Use Endmills 3 Flute","flat end mill","0.025","3","0.125","0.48744",,"2.5","carbide"
"Aluminum (Metric)","Harvey 0.055"" 3F Ball","Harvey General Use Endmills 3 Flute","ball end mill","0.055","3","0.082","0.27512",,"1.5","carbide"
"Aluminum (Metric)","Harvey 0.055"" 3F Flat","Harvey General Use Endmills 3 Flute","flat end mill","0.055","3","0.165","0.28812",,"1.5","carbide"
"Aluminum (Metric)","Harvey 3/16"" 3F Flat","Harvey General Use Endmills 3 Flute","flat end mill","0.1875","3","0.281","1.59765",,"3","carbide"
"Aluminum (Metric)","Harvey 0.01"" 3F Flat","Harvey General Use Endmills 3 Flute","flat end mill","0.01","3","0.05","0.23581",,"2.5","carbide"
"Aluminum (Metric)","Harvey 1/16"" 3F Bull R0.01","Harvey General Use Endmills 3 Flute","bull nose end mill","0.062","3","0.093","0.48622","0.01","2.5","carbide"
"Aluminum (Metric)","Harvey 1/16"" 3F Flat","Harvey General Use Endmills 3 Flute","flat end mill","0.062","3","0.312","0.44205",,"2.5","carbide"
"Aluminum (Metric)","Harvey 0.035"" 3F Flat","Harvey General Use Endmills 3 Flute","flat end mill","0.035","3","0.175","0.57012",,"2.5","carbide"
"Aluminum (Metric)","Harvey 1/8"" 3F Flat","Harvey General Use Endmills 3 Flute","flat end mill","0.125","3","0.375","0.4375",,"1.5","carbide"
"Aluminum (Metric)","Harvey 1/8"" 3F Flat","Harvey General Use Endmills 3 Flute","flat end mill","0.125","3","1.25","1.3125",,"2.5","carbide"
"Aluminum (Metric)","Harvey 0.035"" 3F Ball","Harvey General Use Endmills 3 Flute","ball end mill","0.035","3","0.105","0.33544",,"1.5","carbide"
"Aluminum (Metric)","Harvey 0.015"" 3F Flat","Harvey General Use Endmills 3 Flute","flat end mill","0.015","3","0.022","0.29942",,"2.5","carbide"
"Aluminum (Metric)","Harvey 1/8"" 3F Bull R0.01","Harvey General Use Endmills 3 Flute","bull nose end mill","0.125","3","0.187","0.44096","0.01","2.5","carbide"
"Aluminum (Metric)","Harvey 0.047"" 3F Ball","Harvey General Use Endmills 3 Flute","ball end mill","0.047","3","0.071","0.4812",,"2.5","carbide"
"Aluminum (Metric)","Harvey 0.075"" 3F Flat","Harvey General Use Endmills 3 Flute","flat end mill","0.075","3","0.112","0.2178",,"1.5","carbide"
"Aluminum (Metric)","Harvey 0.04"" 3F Ball","Harvey General Use Endmills 3 Flute","ball end mill","0.04","3","0.2","0.61232",,"2.5","carbide"
"Aluminum (Metric)","Harvey 0.015"" 3F Flat","Harvey General Use Endmills 3 Flute","flat end mill","0.015","3","0.023","0.33242",,"2.5","carbide"
"Aluminum (Metric)","Harvey 0.093"" 3F Bull R0.01","Harvey General Use Endmills 3 Flute","bull nose end mill","0.093","3","0.139","1.24552","0.01","2.5","carbide"
"Aluminum (Metric)","Harvey 1/8"" 3F Flat","Harvey General Use Endmills 3 Flute","flat end mill","0.125","3","1.5","1.5625",,"3","carbide"
"Aluminum (Metric)","Harvey 0.25"" 3F Flat","Harvey General Use Endmills 3 Flute","flat end mill","0.25","3","0.375","3.87846",,"6","carbide"
"Aluminum (Metric)","Harvey 0.085"" 3F Ball","Harvey General Use Endmills 3 Flute","ball end mill","0.085","3","0.127","0.83438",,"2.5","carbide"
"Aluminum (Metric)","Harvey 0.25"" 3F Bull R0.02","Harvey General Use Endmills 3 Flute","bull nose end mill","0.25","3","0.375","1.37846","0.02","4","carbide"
"Aluminum (Metric)","Harvey 3/16"" 3F Bull R0.015","Harvey General Use Endmills 3 Flute","bull nose end mill","0.1875","3","0.281","1.59765","0.015","3","carbide"
"Aluminum (Metric)","Harvey 0.065"" 3F Flat","Harvey General Use Endmills 3 Flute","flat end mill","0.065","3","0.5","1.16902",,"2.5","carbide"
"Aluminum (Metric)","Harvey 0.04"" 3F Flat","Harvey General Use Endmills 3 Flute","flat end mill","0.04","3","0.281","0.43464",,"2.5","carbide"
"Aluminum (Metric)","Harvey 1/8"" 3F Bull R0.005","Harvey General Use Endmills 3 Flute","bull nose end mill","0.125","3","0.187","1.31596","0.005","2.5","carbide"
"Aluminum (Metric)","Harvey 0.047"" 3F Flat","Harvey General Use Endmills 3 Flute","flat end mill","0.047","3","0.07","0.5282",,"2.5","carbide"
"Aluminum (Metric)","Harvey 1/8"" 3F Bull R0.005","Harvey General Use Endmills 3 Flute","bull nose end mill","0.125","3","0.187","0.69096","0.005","2.5","carbide"
"Aluminum (Metric)","Harvey 0.09"" 3F Flat","Harvey General Use Endmills 3 Flute","flat end mill","0.09","3","0.45","0.55003",,"2.5","carbide"
"Aluminum (Metric)","Harvey 1/16"" 3F Bull R0.003","Harvey General Use Endmills 3 Flute","bull nose end mill","0.062","3","0.093","0.48622","0.003","2.5","carbide"
"Aluminum (Metric)","Harvey 0.25"" 3F Flat","Harvey General Use Endmills 3 Flute","flat end mill","0.25","3","0.375","0.87846",,"4","carbide"
"Aluminum (Metric)","Harvey 0.02"" 3F Flat","Harvey General Use Endmills 3 Flute","flat end mill","0.02","3","0.25","0.42509",,"2.5","carbide"
"Aluminum (Metric)","Harvey 0.075"" 3F Flat","Harvey General Use Endmills 3 Flute","flat end mill","0.075","3","0.225","0.3308",,"1.5","carbide"
"Aluminum (Metric)","Harvey 0.095"" 3F Flat","Harvey General Use Endmills 3 Flute","flat end mill","0.095","3","0.142","0.23048",,"1.5","carbide"
"Aluminum (Metric)","Harvey 0.01"" 3F Ball","Harvey General Use Endmills 3 Flute","ball end mill","0.01","3","0.03","0.30709",,"1.5","carbide"
"Aluminum (Metric)","Harvey 0.02"" 3F Flat","Harvey General Use Endmills 3 Flute","flat end mill","0.02","3","0.16","0.33509",,"2.5","carbide"
"Aluminum (Metric)","Harvey 0.047"" 3F Bull R0.015","Harvey General Use Endmills 3 Flute","bull nose end mill","0.047","3","0.07","0.5752","0.015","2.5","carbide"
"Aluminum (Metric)","Harvey 0.08"" 3F Flat","Harvey General Use Endmills 3 Flute","flat end mill","0.08","3","0.406","0.51675",,"2.5","carbide"
"Aluminum (Metric)","Harvey 0.047"" 3F Flat","Harvey General Use Endmills 3 Flute","flat end mill","0.047","3","0.25","0.9102",,"2.5","carbide"
"Aluminum (Metric)","Harvey 0.1"" 3F Ball","Harvey General Use Endmills 3 Flute","ball end mill","0.1","3","0.15","0.25915",,"1.5","carbide"
"Aluminum (Metric)","Harvey 0.01"" 3F Ball","Harvey General Use Endmills 3 Flute","ball end mill","0.01","3","0.05","0.23581",,"2.5","carbide"
"Aluminum (Metric)","Harvey 0.039"" 3F Flat","Harvey General Use Endmills 3 Flute","flat end mill","0.039","3","0.117","0.25398",,"1.5","carbide"
"Aluminum (Metric)","Harvey 0.031"" 3F Flat","Harvey General Use Endmills 3 Flute","flat end mill","0.031","3","0.155","0.47704",,"2.5","carbide"
"Aluminum (Metric)","Harvey 0.015"" 3F Ball","Harvey General Use Endmills 3 Flute","ball end mill","0.015","3","0.109","0.28945",,"2.5","carbide"
"Aluminum (Metric)","Harvey 0.03"" 3F Flat","Harvey General Use Endmills 3 Flute","flat end mill","0.03","3","0.045","0.44678",,"2.5","carbide"
"Aluminum (Metric)","Harvey 0.06"" 3F Flat","Harvey General Use Endmills 3 Flute","flat end mill","0.06","3","0.18","0.29879",,"1.5","carbide"
"Aluminum (Metric)","Harvey 1/16"" 3F Flat","Harvey General Use Endmills 3 Flute","flat end mill","0.062","3","0.75","0.88005",,"2.5","carbide"
"Aluminum (Metric)","Harvey 3/16"" 3F Bull R0.06","Harvey General Use Endmills 3 Flute","bull nose end mill","0.187","3","0.281","1.10155","0.06","3","carbide"
"Aluminum (Metric)","Harvey 0.027"" 3F Flat","Harvey General Use Endmills 3 Flute","flat end mill","0.027","3","0.041","0.44998",,"2.5","carbide"
"Aluminum (Metric)","Harvey 0.05"" 3F Flat","Harvey General Use Endmills 3 Flute","flat end mill","0.05","3","0.3","0.695",,"2.5","carbide"
"Aluminum (Metric)","Harvey 0.05"" 3F Ball","Harvey General Use Endmills 3 Flute","ball end mill","0.05","3","0.075","0.795",,"2.5","carbide"
"Aluminum (Metric)","Harvey 0.03"" 3F Ball","Harvey General Use Endmills 3 Flute","ball end mill","0.03","3","0.045","0.31878",,"2.5","carbide"
"Aluminum (Metric)","Harvey 0.016"" 3F Ball","Harvey General Use Endmills 3 Flute","ball end mill","0.016","3","0.024","0.38068",,"2.5","carbide"
"Aluminum (Metric)","Harvey 0.12"" 3F Flat","Harvey General Use Endmills 3 Flute","flat end mill","0.12","3","0.625","0.69286",,"2.5","carbide"
"Aluminum (Metric)","Harvey 0.015"" 3F Bull R0.005","Harvey General Use Endmills 3 Flute","bull nose end mill","0.015","3","0.022","0.33242","0.005","2.5","carbide"
"Aluminum (Metric)","Harvey 0.05"" 3F Flat","Harvey General Use Endmills 3 Flute","flat end mill","0.05","3","0.35","0.49292",,"2.5","carbide"
"Aluminum (Metric)","Harvey 0.018"" 3F Flat","Harvey General Use Endmills 3 Flute","flat end mill","0.018","3","0.027","0.33922",,"2.5","carbide"
"Aluminum (Metric)","Harvey 0.01"" 3F Flat","Harvey General Use Endmills 3 Flute","flat end mill","0.01","3","0.05","0.36308",,"2.5","carbide"
"Aluminum (Metric)","Harvey 1/8"" 3F Bull R0.03","Harvey General Use Endmills 3 Flute","bull nose end mill","0.125","3","0.187","1.94096","0.03","3","carbide"
"Aluminum (Metric)","Harvey 0.015"" 3F Flat","Harvey General Use Endmills 3 Flute","flat end mill","0.015","3","0.078","0.25845",,"2.5","carbide"
"Aluminum (Metric)","Harvey 0.015"" 3F Ball","Harvey General Use Endmills 3 Flute","ball end mill","0.015","3","0.075","0.40442",,"2.5","carbide"
"Aluminum (Metric)","Harvey 3/16"" 3F Bull R0.01","Harvey General Use Endmills 3 Flute","bull nose end mill","0.1875","3","0.281","1.97265","0.01","4","carbide"
"Aluminum (Metric)","Harvey 0.25"" 3F Bull R0.04","Harvey General Use Endmills 3 Flute","bull nose end mill","0.25","3","0.375","0.5","0.04","2.5","carbide"
"Aluminum (Metric)","Harvey 0.118"" 3F Ball","Harvey General Use Endmills 3 Flute","ball end mill","0.118","3","0.171","1.26422",,"2.5","carbide"
"Aluminum (Metric)","Harvey 1/16"" 3F Ball","Harvey General Use Endmills 3 Flute","ball end mill","0.062","3","0.5","1.17422",,"2.5","carbide"
"Aluminum (Metric)","Harvey 0.08"" 3F Ball","Harvey General Use Endmills 3 Flute","ball end mill","0.08","3","0.75","0.86075",,"2.5","carbide"
"Aluminum (Metric)","Harvey 0.118"" 3F Ball","Harvey General Use Endmills 3 Flute","ball end mill","0.118","3","0.354","0.42956",,"1.5","carbide"
"Aluminum (Metric)","Harvey 1/16"" 3F Flat","Harvey General Use Endmills 3 Flute","flat end mill","0.062","3","0.093","1.54922",,"3","carbide"
"Aluminum (Metric)","Harvey 5/64"" 3F Ball","Harvey General Use Endmills 3 Flute","ball end mill","0.078","3","0.117","2.0965",,"3","carbide"
"Aluminum (Metric)","Harvey 0.045"" 3F Flat","Harvey General Use Endmills 3 Flute","flat end mill","0.045","3","0.067","0.33866",,"2.5","carbide"
"Aluminum (Metric)","Harvey 1/8"" 3F Bull R0.01","Harvey General Use Endmills 3 Flute","bull nose end mill","0.125","3","0.1875","0.25","0.01","1.5","carbide"
"Aluminum (Metric)","Harvey 5/64"" 3F Ball","Harvey General Use Endmills 3 Flute","ball end mill","0.078","3","0.117","0.9465",,"2.5","carbide"
"Aluminum (Metric)","Harvey 0.008"" 3F Flat","Harvey General Use Endmills 3 Flute","flat end mill","0.008","3","0.012","0.33102",,"2.5","carbide"
"Aluminum (Metric)","Harvey 0.047"" 3F Flat","Harvey General Use Endmills 3 Flute","flat end mill","0.047","3","0.48","0.62614",,"2.5","carbide"
"Aluminum (Metric)","Harvey 3/8"" 3F Bull R0.03","Harvey General Use Endmills 3 Flute","bull nose end mill","0.375","3","0.57","3.19183","0.03","6","carbide"
"Aluminum (Metric)","Harvey 5/32"" 3F Flat","Harvey General Use Endmills 3 Flute","flat end mill","0.1562","3","0.234","0.90523",,"3","carbide"
"Aluminum (Metric)","Harvey 0.08"" 3F Flat","Harvey General Use Endmills 3 Flute","flat end mill","0.08","3","0.24","0.34147",,"1.5","carbide"
"Aluminum (Metric)","Harvey 1/16"" 3F Ball","Harvey General Use Endmills 3 Flute","ball end mill","0.062","3","0.093","0.61122",,"2.5","carbide"
"Aluminum (Metric)","Harvey 0.039"" 3F Flat","Harvey General Use Endmills 3 Flute","flat end mill","0.039","3","0.059","0.91318",,"2.5","carbide"
"Aluminum (Metric)","Harvey 0.04"" 3F Flat","Harvey General Use Endmills 3 Flute","flat end mill","0.04","3","0.06","0.53732",,"2.5","carbide"
"Aluminum (Metric)","Harvey 0.093"" 3F Ball","Harvey General Use Endmills 3 Flute","ball end mill","0.093","3","0.5","0.59681",,"2.5","carbide"
"Aluminum (Metric)","Harvey 1/8"" 3F Flat","Harvey General Use Endmills 3 Flute","flat end mill","0.125","3","0.625","1.94096",,"3","carbide"
"Aluminum (Metric)","Harvey 0.047"" 3F Flat","Harvey General Use Endmills 3 Flute","flat end mill","0.047","3","0.187","0.33314",,"2.5","carbide"
"Aluminum (Metric)","Harvey 0.09"" 3F Flat","Harvey General Use Endmills 3 Flute","flat end mill","0.09","3","1.08","1.18003",,"2.5","carbide"
"Aluminum (Metric)","Harvey 0.047"" 3F Bull R0.01","Harvey General Use Endmills 3 Flute","bull nose end mill","0.047","3","0.07","0.3412","0.01","2.5","carbide"
"Aluminum (Metric)","Harvey 5/64"" 3F Flat","Harvey General Use Endmills 3 Flute","flat end mill","0.078","3","0.117","0.8465",,"2.5","carbide"
"Aluminum (Metric)","Harvey 0.04"" 3F Ball","Harvey General Use Endmills 3 Flute","ball end mill","0.04","3","0.06","0.33232",,"2.5","carbide"
"Aluminum (Metric)","Harvey 0.04"" 3F Ball","Harvey General Use Endmills 3 Flute","ball end mill","0.04","3","0.2","0.35364",,"2.5","carbide"
"Aluminum (Metric)","Harvey 5/64"" 3F Ball","Harvey General Use Endmills 3 Flute","ball end mill","0.078","3","0.5","1.1465",,"2.5","carbide"
"Aluminum (Metric)","Harvey 0.04"" 3F Flat","Harvey General Use Endmills 3 Flute","flat end mill","0.04","3","0.06","0.33232",,"2.5","carbide"
"Aluminum (Metric)","Harvey 0.04"" 3F Bull R0.005","Harvey General Use Endmills 3 Flute","bull nose end mill","0.04","3","0.06","0.19611","0.005","1.5","carbide"
"Aluminum (Metric)","Harvey 0.09"" 3F Ball","Harvey General Use Endmills 3 Flute","ball end mill","0.09","3","0.75","0.85003",,"2.5","carbide"
"Aluminum (Metric)","Harvey 0.06"" 3F Ball","Harvey General Use Endmills 3 Flute","ball end mill","0.06","3","0.09","0.35768",,"2.5","carbide"
"Aluminum (Metric)","Harvey 5/64"" 3F Flat","Harvey General Use Endmills 3 Flute","flat end mill","0.078","3","0.312","0.4249",,"2.5","carbide"
"Aluminum (Metric)","Harvey 0.07"" 3F Flat","Harvey General Use Endmills 3 Flute","flat end mill","0.07","3","0.281","0.40247",,"2.5","carbide"
"Aluminum (Metric)","Harvey 0.045"" 3F Ball","Harvey General Use Endmills 3 Flute","ball end mill","0.045","3","0.135","0.34678",,"1.5","carbide"
"Aluminum (Metric)","Harvey 0.115"" 3F Flat","Harvey General Use Endmills 3 Flute","flat end mill","0.115","3","0.6","0.67322",,"2.5","carbide"
"Aluminum (Metric)","Harvey 0.031"" 3F Flat","Harvey General Use Endmills 3 Flute","flat end mill","0.031","3","0.046","0.41404",,"2.5","carbide"
"Aluminum (Metric)","Harvey 0.025"" 3F Flat","Harvey General Use Endmills 3 Flute","flat end mill","0.025","3","0.037","0.73744",,"2.5","carbide"
"Aluminum (Metric)","Harvey 0.055"" 3F Flat","Harvey General Use Endmills 3 Flute","flat end mill","0.055","3","0.082","0.35134",,"2.5","carbide"
"Aluminum (Metric)","Harvey 0.028"" 3F Flat","Harvey General Use Endmills 3 Flute","flat end mill","0.028","3","0.084","0.2305",,"1.5","carbide"
"Aluminum (Metric)","Harvey 0.02"" 3F Flat","Harvey General Use Endmills 3 Flute","flat end mill","0.02","3","0.03","0.4061",,"2.5","carbide"
"Aluminum (Metric)","Harvey 0.06"" 3F Bull R0.02","Harvey General Use Endmills 3 Flute","bull nose end mill","0.06","3","0.09","0.67768","0.02","2.5","carbide"
"Aluminum (Metric)","Harvey 0.035"" 3F Ball","Harvey General Use Endmills 3 Flute","ball end mill","0.035","3","0.052","0.74512",,"2.5","carbide"
"Aluminum (Metric)","Harvey 0.085"" 3F Flat","Harvey General Use Endmills 3 Flute","flat end mill","0.085","3","0.75","1.38438",,"2.5","carbide"
"Aluminum (Metric)","Harvey 0.047"" 3F Ball","Harvey General Use Endmills 3 Flute","ball end mill","0.047","3","0.07","0.27805",,"1.5","carbide"
"Aluminum (Metric)","Harvey 5/64"" 3F Flat","Harvey General Use Endmills 3 Flute","flat end mill","0.078","3","0.625","0.7379",,"2.5","carbide"
"Aluminum (Metric)","Harvey 0.03"" 3F Ball","Harvey General Use Endmills 3 Flute","ball end mill","0.03","3","0.045","0.60378",,"2.5","carbide"
"Aluminum (Metric)","Harvey 1/8"" 3F Flat","Harvey General Use Endmills 3 Flute","flat end mill","0.125","3","0.625","1.06596",,"2.5","carbide"
"Aluminum (Metric)","Harvey 0.047"" 3F Flat","Harvey General Use Endmills 3 Flute","flat end mill","0.047","3","0.375","0.52114",,"2.5","carbide"
"Aluminum (Metric)","Harvey 1/8"" 3F Bull R0.005","Harvey General Use Endmills 3 Flute","bull nose end mill","0.125","3","0.5","0.5625","0.005","1.5","carbide"
"Aluminum (Metric)","Harvey 0.012"" 3F Flat","Harvey General Use Endmills 3 Flute","flat end mill","0.012","3","0.036","0.19636",,"1.5","carbide"
"Aluminum (Metric)","Harvey 0.05"" 3F Flat","Harvey General Use Endmills 3 Flute","flat end mill","0.05","3","0.203","0.34592",,"2.5","carbide"
"Aluminum (Metric)","Harvey 0.065"" 3F Ball","Harvey General Use Endmills 3 Flute","ball end mill","0.065","3","0.5","0.62684",,"2.5","carbide"
"Aluminum (Metric)","0.15mm Drill 118??","Stub & Jobber Drills (Metric)","drill","0.15","1","1.5","4.04",,"6.58","unspecified"
"Aluminum (Metric)","0.16mm Drill 118??","Stub & Jobber Drills (Metric)","drill","0.16","1","1.6","4.140000000000001",,"6.680000000000001","unspecified"
"Aluminum (Metric)","0.17mm Drill 118??","Stub & Jobber Drills (Metric)","drill","0.17","1","1.7","4.24",,"6.78","unspecified"
"Aluminum (Metric)","0.18mm Drill 118??","Stub & Jobber Drills (Metric)","drill","0.18","1","1.8","4.340000000000001",,"6.880000000000001","unspecified"
"Aluminum (Metric)","0.19mm Drill 118??","Stub & Jobber Drills (Metric)","drill","0.19","1","1.9","4.44",,"6.98","unspecified"
"Aluminum (Metric)","0.2mm Drill 118??","Stub & Jobber Drills (Metric)","drill","0.2","1","2","4.54",,"7.080000000000001","unspecified"
"Aluminum (Metric)","0.22mm Drill 118??","Stub & Jobber Drills (Metric)","drill","0.22","1","2.2","4.74",,"7.28","unspecified"
"Aluminum (Metric)","0.25mm Drill 118??","Stub & Jobber Drills (Metric)","drill","0.25","1","2.5","5.04",,"7.580000000000001","unspecified"
"Aluminum (Metric)","0.28mm Drill 118??","Stub & Jobber Drills (Metric)","drill","0.28","1","2.8","5.340000000000001",,"7.880000000000001","unspecified"
"Aluminum (Metric)","0.3mm Drill 118??","Stub & Jobber Drills (Metric)","drill","0.3","1","3","5.54",,"8.08","unspecified"
"Aluminum (Metric)","0.32mm Drill 118??","Stub & Jobber Drills (Metric)","drill","0.32","1","3.2","5.74",,"8.28","unspecified"
"Aluminum (Metric)","0.35mm Drill 118??","Stub & Jobber Drills (Metric)","drill","0.35","1","3.5","6.04",,"8.58","unspecified"
"Aluminum (Metric)","0.38mm Drill 118??","Stub & Jobber Drills (Metric)","drill","0.38","1","3.8","6.340000000000001",,"8.880000000000003","unspecified"
"Aluminum (Metric)","0.4mm Drill 118??","Stub & Jobber Drills (Metric)","drill","0.4","1","4","6.540000000000001",,"9.08","unspecified"
"Aluminum (Metric)","0.42mm Drill 118??","Stub & Jobber Drills (Metric)","drill","0.42","1","4.2","6.74",,"9.28","unspecified"
"Aluminum (Metric)","0.45mm Drill 118??","Stub & Jobber Drills (Metric)","drill","0.45","1","4.5","7.040000000000001",,"9.58","unspecified"
"Aluminum (Metric)","0.48mm Drill 118??","Stub & Jobber Drills (Metric)","drill","0.48","1","4.800000000000002","7.340000000000001",,"9.88","unspecified"
"Aluminum (Metric)","0.5mm Drill 118??","Stub & Jobber Drills (Metric)","drill","0.5","1","5","7.540000000000001",,"10.08","unspecified"
"Aluminum (Metric)","0.55mm Drill 118??","Stub & Jobber Drills (Metric)","drill","0.55","1","5.5","8.040000000000001",,"10.58","unspecified"
"Aluminum (Metric)","0.6mm Drill 118??","Stub & Jobber Drills (Metric)","drill","0.6","1","6","8.540000000000001",,"11.08","unspecified"
"Aluminum (Metric)","0.65mm Drill 118??","Stub & Jobber Drills (Metric)","drill","0.65","1","6.500000000000001","9.04",,"11.58","unspecified"
"Aluminum (Metric)","0.7mm Drill 118??","Stub & Jobber Drills (Metric)","drill","0.7","1","7","9.54",,"12.08","unspecified"
"Aluminum (Metric)","0.75mm Drill 118??","Stub & Jobber Drills (Metric)","drill","0.75","1","7.500000000000001","10.04",,"12.58","unspecified"
"Aluminum (Metric)","0.8mm Drill 118??","Stub & Jobber Drills (Metric)","drill","0.8","1","8","10.54",,"13.08","unspecified"
"Aluminum (Metric)","0.85mm Drill 118??","Stub & Jobber Drills (Metric)","drill","0.85","1","8.5","11.04",,"13.58","unspecified"
"Aluminum (Metric)","0.9mm Drill 118??","Stub & Jobber Drills (Metric)","drill","0.9","1","9","11.54",,"14.08","unspecified"
"Aluminum (Metric)","0.95mm Drill 118??","Stub & Jobber Drills (Metric)","drill","0.95","1","9.5","12.04",,"14.58","unspecified"
"Aluminum (Metric)","1mm Drill 118??","Stub & Jobber Drills (Metric)","drill","1","1","10","12.54",,"15.08","unspecified"
"Aluminum (Metric)","1.1mm Drill 118??","Stub & Jobber Drills (Metric)","drill","1.05","1","10.5","13.04",,"15.58","unspecified"
"Aluminum (Metric)","1.1mm Drill 118??","Stub & Jobber Drills (Metric)","drill","1.1","1","11","13.54",,"16.08","unspecified"
"Aluminum (Metric)","1.1mm Drill 118??","Stub & Jobber Drills (Metric)","drill","1.15","1","11.5","14.04",,"16.58","unspecified"
"Aluminum (Metric)","1.2mm Drill 118??","Stub & Jobber Drills (Metric)","drill","1.2","1","12","14.54",,"17.08","unspecified"
"Aluminum (Metric)","1.3mm Drill 118??","Stub & Jobber Drills (Metric)","drill","1.25","1","12.5","15.04",,"17.58","unspecified"
"Aluminum (Metric)","1.3mm Drill 118??","Stub & Jobber Drills (Metric)","drill","1.3","1","13","15.54",,"18.08","unspecified"
"Aluminum (Metric)","1.4mm Drill 118??","Stub & Jobber Drills (Metric)","drill","1.35","1","13.5","16.04",,"18.58","unspecified"
"Aluminum (Metric)","1.4mm Drill 118??","Stub & Jobber Drills (Metric)","drill","1.4","1","14","16.54",,"19.08","unspecified"
"Aluminum (Metric)","1.4mm Drill 118??","Stub & Jobber Drills (Metric)","drill","1.45","1","14.5","17.04",,"19.58","unspecified"
"Aluminum (Metric)","1.5mm Drill 118??","Stub & Jobber Drills (Metric)","drill","1.5","1","15","17.54",,"20.08","unspecified"
"Aluminum (Metric)","1.6mm Drill 118??","Stub & Jobber Drills (Metric)","drill","1.55","1","15.5","18.04",,"20.58","unspecified"
"Aluminum (Metric)","1.6mm Drill 118??","Stub & Jobber Drills (Metric)","drill","1.6","1","16","18.54",,"21.08","unspecified"
"Aluminum (Metric)","1.6mm Drill 118??","Stub & Jobber Drills (Metric)","drill","1.65","1","16.5","19.04",,"21.58","unspecified"
"Aluminum (Metric)","1.7mm Drill 118??","Stub & Jobber Drills (Metric)","drill","1.7","1","17","19.54",,"22.08","unspecified"
"Aluminum (Metric)","1.8mm Drill 118??","Stub & Jobber Drills (Metric)","drill","1.75","1","17.5","20.04",,"22.58","unspecified"
"Aluminum (Metric)","1.8mm Drill 118??","Stub & Jobber Drills (Metric)","drill","1.8","1","18","20.54",,"23.08","unspecified"
"Aluminum (Metric)","1.9mm Drill 118??","Stub & Jobber Drills (Metric)","drill","1.85","1","18.5","21.04",,"23.58","unspecified"
"Aluminum (Metric)","1.9mm Drill 118??","Stub & Jobber Drills (Metric)","drill","1.9","1","19","21.54",,"24.08","unspecified"
"Aluminum (Metric)","1.9mm Drill 118??","Stub & Jobber Drills (Metric)","drill","1.95","1","19.5","22.04",,"24.58","unspecified"
"Aluminum (Metric)","2mm Drill 118??","Stub & Jobber Drills (Metric)","drill","2","1","20","22.54",,"25.08","unspecified"
"Aluminum (Metric)","2mm Drill 118??","Stub & Jobber Drills (Metric)","drill","2.05","1","20.5","23.04",,"25.58","unspecified"
"Aluminum (Metric)","2.1mm Drill 118??","Stub & Jobber Drills (Metric)","drill","2.1","1","21","23.54",,"26.08","unspecified"
"Aluminum (Metric)","2.1mm Drill 118??","Stub & Jobber Drills (Metric)","drill","2.15","1","21.5","24.04",,"26.58","unspecified"
"Aluminum (Metric)","2.2mm Drill 118??","Stub & Jobber Drills (Metric)","drill","2.2","1","22","24.54",,"27.08","unspecified"
"Aluminum (Metric)","2.3mm Drill 118??","Stub & Jobber Drills (Metric)","drill","2.25","1","22.5","25.04",,"27.58","unspecified"
"Aluminum (Metric)","2.3mm Drill 118??","Stub & Jobber Drills (Metric)","drill","2.3","1","23","25.54",,"28.08","unspecified"
"Aluminum (Metric)","2.4mm Drill 118??","Stub & Jobber Drills (Metric)","drill","2.35","1","23.5","26.04",,"28.58","unspecified"
"Aluminum (Metric)","2.4mm Drill 118??","Stub & Jobber Drills (Metric)","drill","2.4","1","24","26.54",,"29.08","unspecified"
"Aluminum (Metric)","2.5mm Drill 118??","Stub & Jobber Drills (Metric)","drill","2.45","1","24.5","27.04",,"29.58","unspecified"
"Aluminum (Metric)","2.5mm Drill 118??","Stub & Jobber Drills (Metric)","drill","2.5","1","25","27.54",,"30.08","unspecified"
"Aluminum (Metric)","2.6mm Drill 118??","Stub & Jobber Drills (Metric)","drill","2.6","1","26","28.54",,"31.08","unspecified"
"Aluminum (Metric)","2.7mm Drill 118??","Stub & Jobber Drills (Metric)","drill","2.7","1","27","29.54",,"32.08000000000001","unspecified"
"Aluminum (Metric)","2.8mm Drill 118??","Stub & Jobber Drills (Metric)","drill","2.8","1","28","30.54",,"33.08000000000001","unspecified"
"Aluminum (Metric)","2.9mm Drill 118??","Stub & Jobber Drills (Metric)","drill","2.9","1","29","31.54",,"34.08000000000001","unspecified"
"Aluminum (Metric)","3mm Drill 118??","Stub & Jobber Drills (Metric)","drill","3","1","30","32.54",,"35.08000000000001","unspecified"
"Aluminum (Metric)","3.1mm Drill 118??","Stub & Jobber Drills (Metric)","drill","3.1","1","31","33.54",,"36.08000000000001","unspecified"
"Aluminum (Metric)","3.2mm Drill 118??","Stub & Jobber Drills (Metric)","drill","3.2","1","32","34.54",,"37.08000000000001","unspecified"
"Aluminum (Metric)","3.3mm Drill 118??","Stub & Jobber Drills (Metric)","drill","3.3","1","33","35.54000000000001",,"38.08000000000001","unspecified"
"Aluminum (Metric)","3.4mm Drill 118??","Stub & Jobber Drills (Metric)","drill","3.4","1","34","36.54000000000001",,"39.08000000000001","unspecified"
"Aluminum (Metric)","3.5mm Drill 118??","Stub & Jobber Drills (Metric)","drill","3.5","1","35","37.54000000000001",,"40.08000000000001","unspecified"
"Aluminum (Metric)","3.6mm Drill 118??","Stub & Jobber Drills (Metric)","drill","3.6","1","36","38.54000000000001",,"41.08000000000001","unspecified"
"Aluminum (Metric)","3.7mm Drill 118??","Stub & Jobber Drills (Metric)","drill","3.7","1","37","39.54000000000001",,"42.08000000000001","unspecified"
"Aluminum (Metric)","3.8mm Drill 118??","Stub & Jobber Drills (Metric)","drill","3.8","1","38","40.54000000000001",,"43.08000000000001","unspecified"
"Aluminum (Metric)","3.9mm Drill 118??","Stub & Jobber Drills (Metric)","drill","3.9","1","39","41.54000000000001",,"44.08000000000001","unspecified"
"Aluminum (Metric)","4mm Drill 118??","Stub & Jobber Drills (Metric)","drill","4","1","40","42.54000000000001",,"45.08000000000001","unspecified"
"Aluminum (Metric)","4.1mm Drill 118??","Stub & Jobber Drills (Metric)","drill","4.1","1","41","43.54000000000001",,"46.08000000000001","unspecified"
"Aluminum (Metric)","4.2mm Drill 118??","Stub & Jobber Drills (Metric)","drill","4.2","1","42","44.54000000000001",,"47.08000000000001","unspecified"
"Aluminum (Metric)","4.3mm Drill 118??","Stub & Jobber Drills (Metric)","drill","4.3","1","43","45.54000000000001",,"48.08000000000001","unspecified"
"Aluminum (Metric)","4.4mm Drill 118??","Stub & Jobber Drills (Metric)","drill","4.4","1","44","46.54000000000001",,"49.08000000000001","unspecified"
"Aluminum (Metric)","4.5mm Drill 118??","Stub & Jobber Drills (Metric)","drill","4.5","1","45","47.54000000000001",,"50.08000000000001","unspecified"
"Aluminum (Metric)","4.6mm Drill 118??","Stub & Jobber Drills (Metric)","drill","4.6","1","46","48.54000000000001",,"51.08000000000001","unspecified"
"Aluminum (Metric)","4.7mm Drill 118??","Stub & Jobber Drills (Metric)","drill","4.7","1","47","49.54000000000001",,"52.08000000000001","unspecified"
"Aluminum (Metric)","4.8mm Drill 118??","Stub & Jobber Drills (Metric)","drill","4.8","1","48","50.54000000000001",,"53.08000000000001","unspecified"
"Aluminum (Metric)","4.9mm Drill 118??","Stub & Jobber Drills (Metric)","drill","4.9","1","49","51.54000000000001",,"54.08000000000001","unspecified"
"Aluminum (Metric)","5mm Drill 118??","Stub & Jobber Drills (Metric)","drill","5","1","50","52.54000000000001",,"55.08000000000001","unspecified"
"Aluminum (Metric)","5.1mm Drill 118??","Stub & Jobber Drills (Metric)","drill","5.1","1","51","53.54000000000001",,"56.08000000000001","unspecified"
"Aluminum (Metric)","5.2mm Drill 118??","Stub & Jobber Drills (Metric)","drill","5.2","1","52","54.54000000000001",,"57.08000000000001","unspecified"
"Aluminum (Metric)","5.3mm Drill 118??","Stub & Jobber Drills (Metric)","drill","5.3","1","53","55.54000000000001",,"58.08000000000001","unspecified"
"Aluminum (Metric)","5.4mm Drill 118??","Stub & Jobber Drills (Metric)","drill","5.4","1","54","56.54000000000001",,"59.08000000000001","unspecified"
"Aluminum (Metric)","5.5mm Drill 118??","Stub & Jobber Drills (Metric)","drill","5.5","1","55","57.54000000000001",,"60.08000000000001","unspecified"
"Aluminum (Metric)","5.6mm Drill 118??","Stub & Jobber Drills (Metric)","drill","5.6","1","56","58.54000000000001",,"61.08000000000001","unspecified"
"Aluminum (Metric)","5.7mm Drill 118??","Stub & Jobber Drills (Metric)","drill","5.7","1","57","59.54000000000001",,"62.08000000000001","unspecified"
"Aluminum (Metric)","5.8mm Drill 118??","Stub & Jobber Drills (Metric)","drill","5.8","1","58","60.54000000000001",,"63.08000000000001","unspecified"
"Aluminum (Metric)","5.9mm Drill 118??","Stub & Jobber Drills (Metric)","drill","5.9","1","59","61.54000000000001",,"64.08","unspecified"
"Aluminum (Metric)","6mm Drill 118??","Stub & Jobber Drills (Metric)","drill","6","1","60","62.54000000000001",,"65.08","unspecified"
"Aluminum (Metric)","6.1mm Drill 118??","Stub & Jobber Drills (Metric)","drill","6.1","1","61","63.54000000000001",,"66.08","unspecified"
"Aluminum (Metric)","6.2mm Drill 118??","Stub & Jobber Drills (Metric)","drill","6.2","1","62","64.54",,"67.08","unspecified"
"Aluminum (Metric)","6.3mm Drill 118??","Stub & Jobber Drills (Metric)","drill","6.3","1","63","65.54",,"68.08","unspecified"
"Aluminum (Metric)","6.4mm Drill 118??","Stub & Jobber Drills (Metric)","drill","6.4","1","64","66.54",,"69.08","unspecified"
"Aluminum (Metric)","6.5mm Drill 118??","Stub & Jobber Drills (Metric)","drill","6.5","1","65","67.54",,"70.08000000000001","unspecified"
"Aluminum (Metric)","6.6mm Drill 118??","Stub & Jobber Drills (Metric)","drill","6.6","1","66","68.54",,"71.08000000000001","unspecified"
"Aluminum (Metric)","6.7mm Drill 118??","Stub & Jobber Drills (Metric)","drill","6.7","1","67","69.54000000000002",,"72.08000000000001","unspecified"
"Aluminum (Metric)","6.8mm Drill 118??","Stub & Jobber Drills (Metric)","drill","6.8","1","68","70.54000000000002",,"73.08000000000001","unspecified"
"Aluminum (Metric)","6.9mm Drill 118??","Stub & Jobber Drills (Metric)","drill","6.9","1","69","71.54000000000002",,"74.08000000000001","unspecified"
"Aluminum (Metric)","7mm Drill 118??","Stub & Jobber Drills (Metric)","drill","7","1","70","72.54",,"75.08000000000001","unspecified"
"Aluminum (Metric)","7.1mm Drill 118??","Stub & Jobber Drills (Metric)","drill","7.1","1","71","73.54",,"76.08000000000001","unspecified"
"Aluminum (Metric)","7.2mm Drill 118??","Stub & Jobber Drills (Metric)","drill","7.2","1","72","74.54",,"77.08000000000001","unspecified"
"Aluminum (Metric)","7.3mm Drill 118??","Stub & Jobber Drills (Metric)","drill","7.3","1","73","75.54",,"78.08000000000001","unspecified"
"Aluminum (Metric)","7.4mm Drill 118??","Stub & Jobber Drills (Metric)","drill","7.4","1","74","76.54",,"79.08000000000001","unspecified"
"Aluminum (Metric)","7.5mm Drill 118??","Stub & Jobber Drills (Metric)","drill","7.5","1","75","77.54",,"80.08000000000001","unspecified"
"Aluminum (Metric)","7.6mm Drill 118??","Stub & Jobber Drills (Metric)","drill","7.6","1","76","78.54",,"81.08000000000001","unspecified"
"Aluminum (Metric)","7.7mm Drill 118??","Stub & Jobber Drills (Metric)","drill","7.7","1","77","79.54",,"82.08000000000001","unspecified"
"Aluminum (Metric)","7.8mm Drill 118??","Stub & Jobber Drills (Metric)","drill","7.8","1","78","80.54",,"83.08000000000001","unspecified"
"Aluminum (Metric)","7.9mm Drill 118??","Stub & Jobber Drills (Metric)","drill","7.9","1","79","81.54",,"84.08000000000001","unspecified"
"Aluminum (Metric)","8mm Drill 118??","Stub & Jobber Drills (Metric)","drill","8","1","80","82.54",,"85.08000000000001","unspecified"
"Aluminum (Metric)","8.1mm Drill 118??","Stub & Jobber Drills (Metric)","drill","8.1","1","81","83.54",,"86.08000000000001","unspecified"
"Aluminum (Metric)","8.2mm Drill 118??","Stub & Jobber Drills (Metric)","drill","8.2","1","82","84.54",,"87.08000000000001","unspecified"
"Aluminum (Metric)","8.3mm Drill 118??","Stub & Jobber Drills (Metric)","drill","8.3","1","83","85.54",,"88.08000000000001","unspecified"
"Aluminum (Metric)","8.4mm Drill 118??","Stub & Jobber Drills (Metric)","drill","8.4","1","84","86.54",,"89.08000000000001","unspecified"
"Aluminum (Metric)","8.5mm Drill 118??","Stub & Jobber Drills (Metric)","drill","8.5","1","85","87.54",,"90.08","unspecified"
"Aluminum (Metric)","8.6mm Drill 118??","Stub & Jobber Drills (Metric)","drill","8.6","1","86","88.54",,"91.08","unspecified"
"Aluminum (Metric)","8.7mm Drill 118??","Stub & Jobber Drills (Metric)","drill","8.7","1","87","89.54",,"92.08","unspecified"
"Aluminum (Metric)","8.8mm Drill 118??","Stub & Jobber Drills (Metric)","drill","8.8","1","88","90.54",,"93.08","unspecified"
"Aluminum (Metric)","8.9mm Drill 118??","Stub & Jobber Drills (Metric)","drill","8.9","1","89","91.54",,"94.08","unspecified"
"Aluminum (Metric)","9mm Drill 118??","Stub & Jobber Drills (Metric)","drill","9","1","90","92.54",,"95.08","unspecified"
"Aluminum (Metric)","9.1mm Drill 118??","Stub & Jobber Drills (Metric)","drill","9.1","1","91","93.54",,"96.08","unspecified"
"Aluminum (Metric)","9.2mm Drill 118??","Stub & Jobber Drills (Metric)","drill","9.2","1","92","94.54",,"97.08","unspecified"
"Aluminum (Metric)","9.3mm Drill 118??","Stub & Jobber Drills (Metric)","drill","9.3","1","93","95.54",,"98.08","unspecified"
"Aluminum (Metric)","9.4mm Drill 118??","Stub & Jobber Drills (Metric)","drill","9.4","1","94","96.54",,"99.08","unspecified"
"Aluminum (Metric)","9.5mm Drill 118??","Stub & Jobber Drills (Metric)","drill","9.5","1","95","97.54",,"100.08","unspecified"
"Aluminum (Metric)","9.6mm Drill 118??","Stub & Jobber Drills (Metric)","drill","9.6","1","96","98.54",,"101.08","unspecified"
"Aluminum (Metric)","9.7mm Drill 118??","Stub & Jobber Drills (Metric)","drill","9.7","1","97","99.54",,"102.08","unspecified"
"Aluminum (Metric)","9.8mm Drill 118??","Stub & Jobber Drills (Metric)","drill","9.8","1","98","100.54",,"103.08","unspecified"
"Aluminum (Metric)","9.9mm Drill 118??","Stub & Jobber Drills (Metric)","drill","9.9","1","99","101.54",,"104.08","unspecified"
"Aluminum (Metric)","10mm Drill 118??","Stub & Jobber Drills (Metric)","drill","10","1","100","102.54",,"105.08","unspecified"
"Aluminum (Metric)","10mm Drill 118??","Stub & Jobber Drills (Metric)","drill","10.2","1","102","104.54",,"107.08","unspecified"
"Aluminum (Metric)","11mm Drill 118??","Stub & Jobber Drills (Metric)","drill","10.5","1","105","107.54",,"110.08","unspecified"
"Aluminum (Metric)","11mm Drill 118??","Stub & Jobber Drills (Metric)","drill","10.8","1","108","110.54",,"113.08","unspecified"
"Aluminum (Metric)","11mm Drill 118??","Stub & Jobber Drills (Metric)","drill","11","1","110","112.54",,"115.08","unspecified"
"Aluminum (Metric)","11mm Drill 118??","Stub & Jobber Drills (Metric)","drill","11.2","1","112","114.54",,"117.08","unspecified"
"Aluminum (Metric)","12mm Drill 118??","Stub & Jobber Drills (Metric)","drill","11.5","1","115","117.54",,"120.08","unspecified"
"Aluminum (Metric)","12mm Drill 118??","Stub & Jobber Drills (Metric)","drill","11.8","1","118","120.54",,"123.08","unspecified"
"Aluminum (Metric)","12mm Drill 118??","Stub & Jobber Drills (Metric)","drill","12","1","120","122.54",,"125.08","unspecified"
"Aluminum (Metric)","12mm Drill 118??","Stub & Jobber Drills (Metric)","drill","12.2","1","122","124.54",,"127.08","unspecified"
"Aluminum (Metric)","13mm Drill 118??","Stub & Jobber Drills (Metric)","drill","12.5","1","125","127.54",,"130.08","unspecified"
"Aluminum (Metric)","13mm Drill 118??","Stub & Jobber Drills (Metric)","drill","12.8","1","128","130.54",,"133.08","unspecified"
"Aluminum (Metric)","13mm Drill 118??","Stub & Jobber Drills (Metric)","drill","13","1","130","132.54",,"135.08","unspecified"
"Aluminum (Metric)","13mm Drill 118??","Stub & Jobber Drills (Metric)","drill","13.2","1","132","134.54",,"137.08","unspecified"
"Aluminum (Metric)","14mm Drill 118??","Stub & Jobber Drills (Metric)","drill","13.5","1","135","137.54",,"140.08","unspecified"
"Aluminum (Metric)","14mm Drill 118??","Stub & Jobber Drills (Metric)","drill","13.8","1","138","140.54",,"143.08","unspecified"
"Aluminum (Metric)","14mm Drill 118??","Stub & Jobber Drills (Metric)","drill","14","1","140","142.54",,"145.08","unspecified"
"Aluminum (Metric)","14mm Drill 118??","Stub & Jobber Drills (Metric)","drill","14.25","1","142.5","145.04",,"147.58","unspecified"
"Aluminum (Metric)","15mm Drill 118??","Stub & Jobber Drills (Metric)","drill","14.5","1","145","147.54",,"150.08","unspecified"
"Aluminum (Metric)","15mm Drill 118??","Stub & Jobber Drills (Metric)","drill","14.75","1","147.5","150.04",,"152.58","unspecified"
"Aluminum (Metric)","15mm Drill 118??","Stub & Jobber Drills (Metric)","drill","15","1","150","152.54",,"155.08","unspecified"
"Aluminum (Metric)","15mm Drill 118??","Stub & Jobber Drills (Metric)","drill","15.25","1","152.5","155.04",,"157.58","unspecified"
"Aluminum (Metric)","16mm Drill 118??","Stub & Jobber Drills (Metric)","drill","15.5","1","155","157.54",,"160.08","unspecified"
"Aluminum (Metric)","16mm Drill 118??","Stub & Jobber Drills (Metric)","drill","15.75","1","157.5","160.04",,"162.58","unspecified"
"Aluminum (Metric)","16mm Drill 118??","Stub & Jobber Drills (Metric)","drill","16","1","160","162.54",,"165.08","unspecified"
"Aluminum (Metric)","16mm Drill 118??","Stub & Jobber Drills (Metric)","drill","16.25","1","162.5","165.04",,"167.58","unspecified"
"Aluminum (Metric)","17mm Drill 118??","Stub & Jobber Drills (Metric)","drill","16.5","1","165","167.54",,"170.08","unspecified"
"Aluminum (Metric)","17mm Drill 118??","Stub & Jobber Drills (Metric)","drill","16.75","1","167.5","170.04",,"172.58","unspecified"
"Aluminum (Metric)","17mm Drill 118??","Stub & Jobber Drills (Metric)","drill","17","1","170","172.54",,"175.08","unspecified"
"Aluminum (Metric)","17mm Drill 118??","Stub & Jobber Drills (Metric)","drill","17.25","1","172.5","175.04",,"177.58","unspecified"
"Aluminum (Metric)","18mm Drill 118??","Stub & Jobber Drills (Metric)","drill","17.5","1","175","177.54",,"180.08","unspecified"
"Aluminum (Metric)","18mm Drill 118??","Stub & Jobber Drills (Metric)","drill","18","1","180","182.54",,"185.08","unspecified"
"Aluminum (Metric)","19mm Drill 118??","Stub & Jobber Drills (Metric)","drill","18.5","1","185","187.54",,"190.08","unspecified"
"Aluminum (Metric)","19mm Drill 118??","Stub & Jobber Drills (Metric)","drill","19","1","190","192.54",,"195.08","unspecified"
"Aluminum (Metric)","20mm Drill 118??","Stub & Jobber Drills (Metric)","drill","19.5","1","195","197.54",,"200.08","unspecified"
"Aluminum (Metric)","20mm Drill 118??","Stub & Jobber Drills (Metric)","drill","20","1","200","202.54",,"205.08","unspecified"
"Aluminum (Metric)","21mm Drill 118??","Stub & Jobber Drills (Metric)","drill","20.5","1","205","207.54",,"210.08","unspecified"
"Aluminum (Metric)","21mm Drill 118??","Stub & Jobber Drills (Metric)","drill","21","1","210","212.54",,"215.08","unspecified"
"Aluminum (Metric)","22mm Drill 118??","Stub & Jobber Drills (Metric)","drill","21.5","1","215","217.54",,"220.08","unspecified"
"Aluminum (Metric)","22mm Drill 118??","Stub & Jobber Drills (Metric)","drill","22","1","220","222.54",,"225.08","unspecified"
"Aluminum (Metric)","23mm Drill 118??","Stub & Jobber Drills (Metric)","drill","22.5","1","225","227.54",,"230.08","unspecified"
"Aluminum (Metric)","23mm Drill 118??","Stub & Jobber Drills (Metric)","drill","23","1","230","232.54",,"235.08","unspecified"
"Aluminum (Metric)","24mm Drill 118??","Stub & Jobber Drills (Metric)","drill","23.5","1","235","237.54",,"240.08","unspecified"
"Aluminum (Metric)","24mm Drill 118??","Stub & Jobber Drills (Metric)","drill","24","1","240","242.54",,"245.08","unspecified"
"Aluminum (Metric)","25mm Drill 118??","Stub & Jobber Drills (Metric)","drill","24.5","1","245","247.54",,"250.08","unspecified"
"Aluminum (Metric)","25mm Drill 118??","Stub & Jobber Drills (Metric)","drill","25","1","250","252.54",,"255.08","unspecified"
"Aluminum (Metric)","26mm Drill 118??","Stub & Jobber Drills (Metric)","drill","25.5","1","255","257.54",,"260.08","unspecified"
"Aluminum (Metric)","0.15mm Drill 135??","Stub & Jobber Drills (Metric)","drill","0.15","1","0.75","3.29",,"5.83","unspecified"
"Aluminum (Metric)","0.16mm Drill 135??","Stub & Jobber Drills (Metric)","drill","0.16","1","0.8","3.340000000000001",,"5.880000000000001","unspecified"
"Aluminum (Metric)","0.17mm Drill 135??","Stub & Jobber Drills (Metric)","drill","0.17","1","0.8500000000000001","3.390000000000001",,"5.930000000000001","unspecified"
"Aluminum (Metric)","0.18mm Drill 135??","Stub & Jobber Drills (Metric)","drill","0.18","1","0.8999999999999999","3.44",,"5.98","unspecified"
"Aluminum (Metric)","0.19mm Drill 135??","Stub & Jobber Drills (Metric)","drill","0.19","1","0.95","3.49",,"6.03","unspecified"
"Aluminum (Metric)","0.2mm Drill 135??","Stub & Jobber Drills (Metric)","drill","0.2","1","1","3.54",,"6.080000000000001","unspecified"
"Aluminum (Metric)","0.22mm Drill 135??","Stub & Jobber Drills (Metric)","drill","0.22","1","1.1","3.64",,"6.18","unspecified"
"Aluminum (Metric)","0.25mm Drill 135??","Stub & Jobber Drills (Metric)","drill","0.25","1","1.25","3.79",,"6.330000000000001","unspecified"
"Aluminum (Metric)","0.28mm Drill 135??","Stub & Jobber Drills (Metric)","drill","0.28","1","1.4","3.940000000000001",,"6.480000000000001","unspecified"
"Aluminum (Metric)","0.3mm Drill 135??","Stub & Jobber Drills (Metric)","drill","0.3","1","1.5","4.04",,"6.58","unspecified"
"Aluminum (Metric)","0.32mm Drill 135??","Stub & Jobber Drills (Metric)","drill","0.32","1","1.6","4.140000000000001",,"6.68","unspecified"
"Aluminum (Metric)","0.35mm Drill 135??","Stub & Jobber Drills (Metric)","drill","0.35","1","1.75","4.29",,"6.83","unspecified"
"Aluminum (Metric)","0.38mm Drill 135??","Stub & Jobber Drills (Metric)","drill","0.38","1","1.9","4.440000000000001",,"6.980000000000002","unspecified"
"Aluminum (Metric)","0.4mm Drill 135??","Stub & Jobber Drills (Metric)","drill","0.4","1","2","4.540000000000001",,"7.08","unspecified"
"Aluminum (Metric)","0.42mm Drill 135??","Stub & Jobber Drills (Metric)","drill","0.42","1","2.1","4.640000000000001",,"7.18","unspecified"
"Aluminum (Metric)","0.45mm Drill 135??","Stub & Jobber Drills (Metric)","drill","0.45","1","2.25","4.790000000000001",,"7.33","unspecified"
"Aluminum (Metric)","0.48mm Drill 135??","Stub & Jobber Drills (Metric)","drill","0.48","1","2.4","4.94",,"7.479999999999999","unspecified"
"Aluminum (Metric)","0.5mm Drill 135??","Stub & Jobber Drills (Metric)","drill","0.5","1","2.5","5.040000000000001",,"7.58","unspecified"
"Aluminum (Metric)","0.55mm Drill 135??","Stub & Jobber Drills (Metric)","drill","0.55","1","2.75","5.290000000000001",,"7.83","unspecified"
"Aluminum (Metric)","0.6mm Drill 135??","Stub & Jobber Drills (Metric)","drill","0.6","1","3","5.540000000000001",,"8.08","unspecified"
"Aluminum (Metric)","0.65mm Drill 135??","Stub & Jobber Drills (Metric)","drill","0.65","1","3.25","5.789999999999998",,"8.329999999999998","unspecified"
"Aluminum (Metric)","0.7mm Drill 135??","Stub & Jobber Drills (Metric)","drill","0.7","1","3.5","6.039999999999999",,"8.58","unspecified"
"Aluminum (Metric)","0.75mm Drill 135??","Stub & Jobber Drills (Metric)","drill","0.75","1","3.75","6.289999999999998",,"8.830000000000002","unspecified"
"Aluminum (Metric)","0.8mm Drill 135??","Stub & Jobber Drills (Metric)","drill","0.8","1","4","6.539999999999999",,"9.080000000000002","unspecified"
"Aluminum (Metric)","0.85mm Drill 135??","Stub & Jobber Drills (Metric)","drill","0.85","1","4.25","6.789999999999999",,"9.330000000000002","unspecified"
"Aluminum (Metric)","0.9mm Drill 135??","Stub & Jobber Drills (Metric)","drill","0.9","1","4.5","7.039999999999999",,"9.580000000000002","unspecified"
"Aluminum (Metric)","0.95mm Drill 135??","Stub & Jobber Drills (Metric)","drill","0.95","1","4.75","7.289999999999999",,"9.830000000000002","unspecified"
"Aluminum (Metric)","1mm Drill 135??","Stub & Jobber Drills (Metric)","drill","1","1","5","7.539999999999999",,"10.08","unspecified"
"Aluminum (Metric)","1.1mm Drill 135??","Stub & Jobber Drills (Metric)","drill","1.05","1","5.25","7.789999999999999",,"10.33","unspecified"
"Aluminum (Metric)","1.1mm Drill 135??","Stub & Jobber Drills (Metric)","drill","1.1","1","5.5","8.04",,"10.58","unspecified"
"Aluminum (Metric)","1.1mm Drill 135??","Stub & Jobber Drills (Metric)","drill","1.15","1","5.75","8.289999999999997",,"10.83","unspecified"
"Aluminum (Metric)","1.2mm Drill 135??","Stub & Jobber Drills (Metric)","drill","1.2","1","6","8.54",,"11.08","unspecified"
"Aluminum (Metric)","1.3mm Drill 135??","Stub & Jobber Drills (Metric)","drill","1.25","1","6.25","8.789999999999997",,"11.33","unspecified"
"Aluminum (Metric)","1.3mm Drill 135??","Stub & Jobber Drills (Metric)","drill","1.3","1","6.5","9.04",,"11.58","unspecified"
"Aluminum (Metric)","1.4mm Drill 135??","Stub & Jobber Drills (Metric)","drill","1.35","1","6.75","9.29",,"11.83","unspecified"
"Aluminum (Metric)","1.4mm Drill 135??","Stub & Jobber Drills (Metric)","drill","1.4","1","7","9.540000000000004",,"12.08","unspecified"
"Aluminum (Metric)","1.4mm Drill 135??","Stub & Jobber Drills (Metric)","drill","1.45","1","7.25","9.79",,"12.33","unspecified"
"Aluminum (Metric)","1.5mm Drill 135??","Stub & Jobber Drills (Metric)","drill","1.5","1","7.5","10.04",,"12.58","unspecified"
"Aluminum (Metric)","1.6mm Drill 135??","Stub & Jobber Drills (Metric)","drill","1.55","1","7.75","10.29",,"12.83","unspecified"
"Aluminum (Metric)","1.6mm Drill 135??","Stub & Jobber Drills (Metric)","drill","1.6","1","8","10.54",,"13.08","unspecified"
"Aluminum (Metric)","1.6mm Drill 135??","Stub & Jobber Drills (Metric)","drill","1.65","1","8.25","10.79",,"13.33","unspecified"
"Aluminum (Metric)","1.7mm Drill 135??","Stub & Jobber Drills (Metric)","drill","1.7","1","8.5","11.04",,"13.58","unspecified"
"Aluminum (Metric)","1.8mm Drill 135??","Stub & Jobber Drills (Metric)","drill","1.75","1","8.75","11.29",,"13.83","unspecified"
"Aluminum (Metric)","1.8mm Drill 135??","Stub & Jobber Drills (Metric)","drill","1.8","1","9","11.54",,"14.08","unspecified"
"Aluminum (Metric)","1.9mm Drill 135??","Stub & Jobber Drills (Metric)","drill","1.85","1","9.25","11.79",,"14.33","unspecified"
"Aluminum (Metric)","1.9mm Drill 135??","Stub & Jobber Drills (Metric)","drill","1.9","1","9.5","12.04",,"14.58","unspecified"
"Aluminum (Metric)","1.9mm Drill 135??","Stub & Jobber Drills (Metric)","drill","1.95","1","9.75","12.29",,"14.83","unspecified"
"Aluminum (Metric)","2mm Drill 135??","Stub & Jobber Drills (Metric)","drill","2","1","10","12.54",,"15.08","unspecified"
"Aluminum (Metric)","2mm Drill 135??","Stub & Jobber Drills (Metric)","drill","2.05","1","10.25","12.79",,"15.33","unspecified"
"Aluminum (Metric)","2.1mm Drill 135??","Stub & Jobber Drills (Metric)","drill","2.1","1","10.5","13.04",,"15.58","unspecified"
"Aluminum (Metric)","2.1mm Drill 135??","Stub & Jobber Drills (Metric)","drill","2.15","1","10.75","13.29",,"15.83","unspecified"
"Aluminum (Metric)","2.2mm Drill 135??","Stub & Jobber Drills (Metric)","drill","2.2","1","11","13.54",,"16.08","unspecified"
"Aluminum (Metric)","2.3mm Drill 135??","Stub & Jobber Drills (Metric)","drill","2.25","1","11.25","13.79",,"16.33","unspecified"
"Aluminum (Metric)","2.3mm Drill 135??","Stub & Jobber Drills (Metric)","drill","2.3","1","11.5","14.04",,"16.58","unspecified"
"Aluminum (Metric)","2.4mm Drill 135??","Stub & Jobber Drills (Metric)","drill","2.35","1","11.75","14.29",,"16.82999999999999","unspecified"
"Aluminum (Metric)","2.4mm Drill 135??","Stub & Jobber Drills (Metric)","drill","2.4","1","12","14.54",,"17.08","unspecified"
"Aluminum (Metric)","2.5mm Drill 135??","Stub & Jobber Drills (Metric)","drill","2.45","1","12.25","14.79",,"17.32999999999999","unspecified"
"Aluminum (Metric)","2.5mm Drill 135??","Stub & Jobber Drills (Metric)","drill","2.5","1","12.5","15.04",,"17.58","unspecified"
"Aluminum (Metric)","2.6mm Drill 135??","Stub & Jobber Drills (Metric)","drill","2.6","1","13","15.54",,"18.08","unspecified"
"Aluminum (Metric)","2.7mm Drill 135??","Stub & Jobber Drills (Metric)","drill","2.7","1","13.5","16.04",,"18.58000000000001","unspecified"
"Aluminum (Metric)","2.8mm Drill 135??","Stub & Jobber Drills (Metric)","drill","2.8","1","14","16.54",,"19.08000000000001","unspecified"
"Aluminum (Metric)","2.9mm Drill 135??","Stub & Jobber Drills (Metric)","drill","2.9","1","14.5","17.04",,"19.58000000000001","unspecified"
"Aluminum (Metric)","3mm Drill 135??","Stub & Jobber Drills (Metric)","drill","3","1","15","17.54",,"20.08000000000001","unspecified"
"Aluminum (Metric)","3.1mm Drill 135??","Stub & Jobber Drills (Metric)","drill","3.1","1","15.5","18.04",,"20.58000000000001","unspecified"
"Aluminum (Metric)","3.2mm Drill 135??","Stub & Jobber Drills (Metric)","drill","3.2","1","16","18.54",,"21.08000000000001","unspecified"
"Aluminum (Metric)","3.3mm Drill 135??","Stub & Jobber Drills (Metric)","drill","3.3","1","16.5","19.04000000000001",,"21.58000000000001","unspecified"
"Aluminum (Metric)","3.4mm Drill 135??","Stub & Jobber Drills (Metric)","drill","3.4","1","17","19.54000000000001",,"22.08000000000001","unspecified"
"Aluminum (Metric)","3.5mm Drill 135??","Stub & Jobber Drills (Metric)","drill","3.5","1","17.5","20.04000000000001",,"22.58000000000001","unspecified"
"Aluminum (Metric)","3.6mm Drill 135??","Stub & Jobber Drills (Metric)","drill","3.6","1","18","20.54000000000001",,"23.08000000000001","unspecified"
"Aluminum (Metric)","3.7mm Drill 135??","Stub & Jobber Drills (Metric)","drill","3.7","1","18.5","21.04000000000001",,"23.58000000000001","unspecified"
"Aluminum (Metric)","3.8mm Drill 135??","Stub & Jobber Drills (Metric)","drill","3.8","1","19","21.54000000000001",,"24.08000000000001","unspecified"
"Aluminum (Metric)","3.9mm Drill 135??","Stub & Jobber Drills (Metric)","drill","3.9","1","19.5","22.04000000000001",,"24.58000000000001","unspecified"
"Aluminum (Metric)","4mm Drill 135??","Stub & Jobber Drills (Metric)","drill","4","1","20","22.54000000000001",,"25.08000000000001","unspecified"
"Aluminum (Metric)","4.1mm Drill 135??","Stub & Jobber Drills (Metric)","drill","4.1","1","20.5","23.04000000000001",,"25.58000000000001","unspecified"
"Aluminum (Metric)","4.2mm Drill 135??","Stub & Jobber Drills (Metric)","drill","4.2","1","21","23.54000000000001",,"26.08000000000001","unspecified"
"Aluminum (Metric)","4.3mm Drill 135??","Stub & Jobber Drills (Metric)","drill","4.3","1","21.5","24.04000000000001",,"26.58000000000001","unspecified"
"Aluminum (Metric)","4.4mm Drill 135??","Stub & Jobber Drills (Metric)","drill","4.4","1","22","24.54000000000001",,"27.08000000000001","unspecified"
"Aluminum (Metric)","4.5mm Drill 135??","Stub & Jobber Drills (Metric)","drill","4.5","1","22.5","25.04000000000001",,"27.58000000000001","unspecified"
"Aluminum (Metric)","4.6mm Drill 135??","Stub & Jobber Drills (Metric)","drill","4.6","1","23","25.54000000000001",,"28.08000000000001","unspecified"
"Aluminum (Metric)","4.7mm Drill 135??","Stub & Jobber Drills (Metric)","drill","4.7","1","23.5","26.04000000000001",,"28.58000000000001","unspecified"
"Aluminum (Metric)","4.8mm Drill 135??","Stub & Jobber Drills (Metric)","drill","4.8","1","24","26.54000000000001",,"29.08000000000001","unspecified"
"Aluminum (Metric)","4.9mm Drill 135??","Stub & Jobber Drills (Metric)","drill","4.9","1","24.5","27.04000000000001",,"29.58000000000001","unspecified"
"Aluminum (Metric)","5mm Drill 135??","Stub & Jobber Drills (Metric)","drill","5","1","25","27.54000000000001",,"30.08000000000001","unspecified"
"Aluminum (Metric)","5.1mm Drill 135??","Stub & Jobber Drills (Metric)","drill","5.1","1","25.5","28.04000000000001",,"30.58000000000001","unspecified"
"Aluminum (Metric)","5.2mm Drill 135??","Stub & Jobber Drills (Metric)","drill","5.2","1","26","28.54000000000001",,"31.08000000000001","unspecified"
"Aluminum (Metric)","5.3mm Drill 135??","Stub & Jobber Drills (Metric)","drill","5.3","1","26.5","29.04000000000001",,"31.58000000000001","unspecified"
"Aluminum (Metric)","5.4mm Drill 135??","Stub & Jobber Drills (Metric)","drill","5.4","1","27","29.54000000000001",,"32.08000000000001","unspecified"
"Aluminum (Metric)","5.5mm Drill 135??","Stub & Jobber Drills (Metric)","drill","5.5","1","27.5","30.04000000000001",,"32.58000000000001","unspecified"
"Aluminum (Metric)","5.6mm Drill 135??","Stub & Jobber Drills (Metric)","drill","5.6","1","28","30.54000000000001",,"33.08000000000001","unspecified"
"Aluminum (Metric)","5.7mm Drill 135??","Stub & Jobber Drills (Metric)","drill","5.7","1","28.5","31.04000000000001",,"33.58000000000001","unspecified"
"Aluminum (Metric)","5.8mm Drill 135??","Stub & Jobber Drills (Metric)","drill","5.8","1","29","31.54000000000001",,"34.08000000000001","unspecified"
"Aluminum (Metric)","5.9mm Drill 135??","Stub & Jobber Drills (Metric)","drill","5.9","1","29.5","32.04000000000001",,"34.58","unspecified"
"Aluminum (Metric)","6mm Drill 135??","Stub & Jobber Drills (Metric)","drill","6","1","30","32.54000000000001",,"35.08","unspecified"
"Aluminum (Metric)","6.1mm Drill 135??","Stub & Jobber Drills (Metric)","drill","6.1","1","30.5","33.04000000000001",,"35.58","unspecified"
"Aluminum (Metric)","6.2mm Drill 135??","Stub & Jobber Drills (Metric)","drill","6.2","1","31","33.54000000000001",,"36.08","unspecified"
"Aluminum (Metric)","6.3mm Drill 135??","Stub & Jobber Drills (Metric)","drill","6.3","1","31.5","34.04000000000001",,"36.58","unspecified"
"Aluminum (Metric)","6.4mm Drill 135??","Stub & Jobber Drills (Metric)","drill","6.4","1","32","34.54000000000001",,"37.08","unspecified"
"Aluminum (Metric)","6.5mm Drill 135??","Stub & Jobber Drills (Metric)","drill","6.5","1","32.5","35.04000000000001",,"37.58000000000001","unspecified"
"Aluminum (Metric)","6.6mm Drill 135??","Stub & Jobber Drills (Metric)","drill","6.6","1","33","35.54000000000001",,"38.08000000000001","unspecified"
"Aluminum (Metric)","6.7mm Drill 135??","Stub & Jobber Drills (Metric)","drill","6.7","1","33.5","36.04000000000002",,"38.58000000000001","unspecified"
"Aluminum (Metric)","6.8mm Drill 135??","Stub & Jobber Drills (Metric)","drill","6.8","1","34","36.54000000000002",,"39.08000000000001","unspecified"
"Aluminum (Metric)","6.9mm Drill 135??","Stub & Jobber Drills (Metric)","drill","6.9","1","34.5","37.04000000000002",,"39.58000000000001","unspecified"
"Aluminum (Metric)","7mm Drill 135??","Stub & Jobber Drills (Metric)","drill","7","1","35","37.54000000000001",,"40.08000000000001","unspecified"
"Aluminum (Metric)","7.1mm Drill 135??","Stub & Jobber Drills (Metric)","drill","7.1","1","35.5","38.04000000000001",,"40.58000000000001","unspecified"
"Aluminum (Metric)","7.2mm Drill 135??","Stub & Jobber Drills (Metric)","drill","7.2","1","36","38.54000000000001",,"41.08000000000001","unspecified"
"Aluminum (Metric)","7.3mm Drill 135??","Stub & Jobber Drills (Metric)","drill","7.3","1","36.5","39.04000000000001",,"41.58000000000001","unspecified"
"Aluminum (Metric)","7.4mm Drill 135??","Stub & Jobber Drills (Metric)","drill","7.4","1","37","39.54000000000001",,"42.08000000000001","unspecified"
"Aluminum (Metric)","7.5mm Drill 135??","Stub & Jobber Drills (Metric)","drill","7.5","1","37.5","40.04000000000001",,"42.58000000000001","unspecified"
"Aluminum (Metric)","7.6mm Drill 135??","Stub & Jobber Drills (Metric)","drill","7.6","1","38","40.54000000000001",,"43.08000000000001","unspecified"
"Aluminum (Metric)","7.7mm Drill 135??","Stub & Jobber Drills (Metric)","drill","7.7","1","38.5","41.04000000000001",,"43.58000000000001","unspecified"
"Aluminum (Metric)","7.8mm Drill 135??","Stub & Jobber Drills (Metric)","drill","7.8","1","39","41.54000000000001",,"44.08000000000001","unspecified"
"Aluminum (Metric)","7.9mm Drill 135??","Stub & Jobber Drills (Metric)","drill","7.9","1","39.5","42.04000000000001",,"44.58000000000001","unspecified"
"Aluminum (Metric)","8mm Drill 135??","Stub & Jobber Drills (Metric)","drill","8","1","40","42.54000000000001",,"45.08000000000001","unspecified"
"Aluminum (Metric)","8.1mm Drill 135??","Stub & Jobber Drills (Metric)","drill","8.1","1","40.5","43.04000000000001",,"45.58000000000001","unspecified"
"Aluminum (Metric)","8.2mm Drill 135??","Stub & Jobber Drills (Metric)","drill","8.2","1","41","43.54000000000001",,"46.08000000000001","unspecified"
"Aluminum (Metric)","8.3mm Drill 135??","Stub & Jobber Drills (Metric)","drill","8.3","1","41.5","44.04000000000001",,"46.58000000000001","unspecified"
"Aluminum (Metric)","8.4mm Drill 135??","Stub & Jobber Drills (Metric)","drill","8.4","1","42","44.54000000000001",,"47.08000000000001","unspecified"
"Aluminum (Metric)","8.5mm Drill 135??","Stub & Jobber Drills (Metric)","drill","8.5","1","42.5","45.04000000000001",,"47.58","unspecified"
"Aluminum (Metric)","8.6mm Drill 135??","Stub & Jobber Drills (Metric)","drill","8.6","1","43","45.54000000000001",,"48.08","unspecified"
"Aluminum (Metric)","8.7mm Drill 135??","Stub & Jobber Drills (Metric)","drill","8.7","1","43.5","46.04000000000001",,"48.58","unspecified"
"Aluminum (Metric)","8.8mm Drill 135??","Stub & Jobber Drills (Metric)","drill","8.8","1","44","46.54000000000001",,"49.08","unspecified"
"Aluminum (Metric)","8.9mm Drill 135??","Stub & Jobber Drills (Metric)","drill","8.9","1","44.5","47.04000000000001",,"49.58","unspecified"
"Aluminum (Metric)","9mm Drill 135??","Stub & Jobber Drills (Metric)","drill","9","1","45","47.54000000000001",,"50.08","unspecified"
"Aluminum (Metric)","9.1mm Drill 135??","Stub & Jobber Drills (Metric)","drill","9.1","1","45.5","48.04000000000001",,"50.58","unspecified"
"Aluminum (Metric)","9.2mm Drill 135??","Stub & Jobber Drills (Metric)","drill","9.2","1","46","48.54000000000001",,"51.08","unspecified"
"Aluminum (Metric)","9.3mm Drill 135??","Stub & Jobber Drills (Metric)","drill","9.3","1","46.5","49.04000000000001",,"51.58","unspecified"
"Aluminum (Metric)","9.4mm Drill 135??","Stub & Jobber Drills (Metric)","drill","9.4","1","47","49.54000000000001",,"52.08","unspecified"
"Aluminum (Metric)","9.5mm Drill 135??","Stub & Jobber Drills (Metric)","drill","9.5","1","47.5","50.04000000000001",,"52.58","unspecified"
"Aluminum (Metric)","9.6mm Drill 135??","Stub & Jobber Drills (Metric)","drill","9.6","1","48","50.54000000000001",,"53.08","unspecified"
"Aluminum (Metric)","9.7mm Drill 135??","Stub & Jobber Drills (Metric)","drill","9.7","1","48.5","51.04000000000001",,"53.58","unspecified"
"Aluminum (Metric)","9.8mm Drill 135??","Stub & Jobber Drills (Metric)","drill","9.8","1","49","51.54000000000001",,"54.08","unspecified"
"Aluminum (Metric)","9.9mm Drill 135??","Stub & Jobber Drills (Metric)","drill","9.9","1","49.5","52.04000000000001",,"54.58","unspecified"
"Aluminum (Metric)","10mm Drill 135??","Stub & Jobber Drills (Metric)","drill","10","1","50","52.54000000000001",,"55.08","unspecified"
"Aluminum (Metric)","10mm Drill 135??","Stub & Jobber Drills (Metric)","drill","10.2","1","51","53.54000000000001",,"56.08","unspecified"
"Aluminum (Metric)","11mm Drill 135??","Stub & Jobber Drills (Metric)","drill","10.5","1","52.5","55.04000000000001",,"57.58","unspecified"
"Aluminum (Metric)","11mm Drill 135??","Stub & Jobber Drills (Metric)","drill","10.8","1","54","56.54000000000001",,"59.08","unspecified"
"Aluminum (Metric)","11mm Drill 135??","Stub & Jobber Drills (Metric)","drill","11","1","55","57.54000000000001",,"60.08","unspecified"
"Aluminum (Metric)","11mm Drill 135??","Stub & Jobber Drills (Metric)","drill","11.2","1","56","58.54000000000001",,"61.08","unspecified"
"Aluminum (Metric)","12mm Drill 135??","Stub & Jobber Drills (Metric)","drill","11.5","1","57.5","60.04000000000001",,"62.58","unspecified"
"Aluminum (Metric)","12mm Drill 135??","Stub & Jobber Drills (Metric)","drill","11.8","1","59","61.54000000000001",,"64.08","unspecified"
"Aluminum (Metric)","12mm Drill 135??","Stub & Jobber Drills (Metric)","drill","12","1","60","62.54000000000001",,"65.08","unspecified"
"Aluminum (Metric)","12mm Drill 135??","Stub & Jobber Drills (Metric)","drill","12.2","1","61","63.54000000000001",,"66.08","unspecified"
"Aluminum (Metric)","13mm Drill 135??","Stub & Jobber Drills (Metric)","drill","12.5","1","62.5","65.04",,"67.58000000000001","unspecified"
"Aluminum (Metric)","13mm Drill 135??","Stub & Jobber Drills (Metric)","drill","12.8","1","64","66.54000000000002",,"69.08000000000001","unspecified"
"Aluminum (Metric)","13mm Drill 135??","Stub & Jobber Drills (Metric)","drill","13","1","65","67.54000000000002",,"70.08000000000001","unspecified"
"Aluminum (Metric)","13mm Drill 135??","Stub & Jobber Drills (Metric)","drill","13.2","1","66","68.54000000000002",,"71.08000000000001","unspecified"
"Aluminum (Metric)","14mm Drill 135??","Stub & Jobber Drills (Metric)","drill","13.5","1","67.5","70.04000000000002",,"72.58000000000001","unspecified"
"Aluminum (Metric)","14mm Drill 135??","Stub & Jobber Drills (Metric)","drill","13.8","1","69","71.54000000000002",,"74.08000000000001","unspecified"
"Aluminum (Metric)","14mm Drill 135??","Stub & Jobber Drills (Metric)","drill","14","1","70","72.54000000000002",,"75.08000000000001","unspecified"
"Aluminum (Metric)","14mm Drill 135??","Stub & Jobber Drills (Metric)","drill","14.25","1","71.25","73.79000000000002",,"76.33000000000001","unspecified"
"Aluminum (Metric)","15mm Drill 135??","Stub & Jobber Drills (Metric)","drill","14.5","1","72.5","75.04000000000002",,"77.58000000000001","unspecified"
"Aluminum (Metric)","15mm Drill 135??","Stub & Jobber Drills (Metric)","drill","14.75","1","73.75","76.29000000000002",,"78.83000000000001","unspecified"
"Aluminum (Metric)","15mm Drill 135??","Stub & Jobber Drills (Metric)","drill","15","1","75","77.54000000000002",,"80.08000000000001","unspecified"
"Aluminum (Metric)","15mm Drill 135??","Stub & Jobber Drills (Metric)","drill","15.25","1","76.25","78.79000000000002",,"81.33000000000001","unspecified"
"Aluminum (Metric)","16mm Drill 135??","Stub & Jobber Drills (Metric)","drill","15.5","1","77.5","80.04000000000002",,"82.58000000000001","unspecified"
"Aluminum (Metric)","16mm Drill 135??","Stub & Jobber Drills (Metric)","drill","15.75","1","78.75","81.29000000000002",,"83.83000000000001","unspecified"
"Aluminum (Metric)","16mm Drill 135??","Stub & Jobber Drills (Metric)","drill","16","1","80","82.54000000000002",,"85.08000000000001","unspecified"
"Aluminum (Metric)","16mm Drill 135??","Stub & Jobber Drills (Metric)","drill","16.25","1","81.25","83.79000000000002",,"86.33000000000001","unspecified"
"Aluminum (Metric)","17mm Drill 135??","Stub & Jobber Drills (Metric)","drill","16.5","1","82.5","85.04000000000002",,"87.58000000000001","unspecified"
"Aluminum (Metric)","17mm Drill 135??","Stub & Jobber Drills (Metric)","drill","16.75","1","83.75","86.29000000000002",,"88.83000000000001","unspecified"
"Aluminum (Metric)","17mm Drill 135??","Stub & Jobber Drills (Metric)","drill","17","1","85","87.54000000000002",,"90.08","unspecified"
"Aluminum (Metric)","17mm Drill 135??","Stub & Jobber Drills (Metric)","drill","17.25","1","86.25","88.79000000000002",,"91.33","unspecified"
"Aluminum (Metric)","18mm Drill 135??","Stub & Jobber Drills (Metric)","drill","17.5","1","87.5","90.04000000000002",,"92.58","unspecified"
"Aluminum (Metric)","18mm Drill 135??","Stub & Jobber Drills (Metric)","drill","18","1","90","92.54",,"95.08","unspecified"
"Aluminum (Metric)","19mm Drill 135??","Stub & Jobber Drills (Metric)","drill","18.5","1","92.5","95.04",,"97.58","unspecified"
"Aluminum (Metric)","19mm Drill 135??","Stub & Jobber Drills (Metric)","drill","19","1","95","97.54",,"100.08","unspecified"
"Aluminum (Metric)","20mm Drill 135??","Stub & Jobber Drills (Metric)","drill","19.5","1","97.5","100.04",,"102.58","unspecified"
"Aluminum (Metric)","20mm Drill 135??","Stub & Jobber Drills (Metric)","drill","20","1","100","102.54",,"105.08","unspecified"
"Aluminum (Metric)","21mm Drill 135??","Stub & Jobber Drills (Metric)","drill","20.5","1","102.5","105.04",,"107.58","unspecified"
"Aluminum (Metric)","21mm Drill 135??","Stub & Jobber Drills (Metric)","drill","21","1","105","107.54",,"110.08","unspecified"
"Aluminum (Metric)","22mm Drill 135??","Stub & Jobber Drills (Metric)","drill","21.5","1","107.5","110.04",,"112.58","unspecified"
"Aluminum (Metric)","22mm Drill 135??","Stub & Jobber Drills (Metric)","drill","22","1","110","112.54",,"115.08","unspecified"
"Aluminum (Metric)","23mm Drill 135??","Stub & Jobber Drills (Metric)","drill","22.5","1","112.5","115.04",,"117.58","unspecified"
"Aluminum (Metric)","23mm Drill 135??","Stub & Jobber Drills (Metric)","drill","23","1","115","117.54",,"120.08","unspecified"
"Aluminum (Metric)","24mm Drill 135??","Stub & Jobber Drills (Metric)","drill","23.5","1","117.5","120.04",,"122.58","unspecified"
"Aluminum (Metric)","24mm Drill 135??","Stub & Jobber Drills (Metric)","drill","24","1","120","122.54",,"125.08","unspecified"
"Aluminum (Metric)","25mm Drill 135??","Stub & Jobber Drills (Metric)","drill","24.5","1","122.5","125.04",,"127.58","unspecified"
"Aluminum (Metric)","25mm Drill 135??","Stub & Jobber Drills (Metric)","drill","25","1","125","127.54",,"130.08","unspecified"
"Aluminum (Metric)","26mm Drill 135??","Stub & Jobber Drills (Metric)","drill","25.5","1","127.5","130.04",,"132.58","unspecified"
"Aluminum (Metric)","M1.2x0.25 Tap RH","Cut Taps (Metric)","tap right hand","1.2","2","8","21",,"41","unspecified"
"Aluminum (Metric)","M1.6x0.35 Tap RH","Cut Taps (Metric)","tap right hand","1.6","2","8","21",,"41","unspecified"
"Aluminum (Metric)","M2x0.4 Tap RH","Cut Taps (Metric)","tap right hand","2","2","8","21",,"41","unspecified"
"Aluminum (Metric)","M2.2x0.45 Tap RH","Cut Taps (Metric)","tap right hand","2.2","2","9.5","24.5",,"44.5","unspecified"
"Aluminum (Metric)","M2.5x0.45 Tap RH","Cut Taps (Metric)","tap right hand","2.5","2","9.5","24.5",,"44.5","unspecified"
"Aluminum (Metric)","M3x0.5 Tap RH","Cut Taps (Metric)","tap right hand","3","2","11","28",,"48","unspecified"
"Aluminum (Metric)","M3.5x0.6 Tap RH","Cut Taps (Metric)","tap right hand","3.5","2","11","28",,"48","unspecified"
"Aluminum (Metric)","M4x0.7 Tap RH","Cut Taps (Metric)","tap right hand","4","2","13","33",,"53","unspecified"
"Aluminum (Metric)","M5x0.8 Tap RH","Cut Taps (Metric)","tap right hand","5","2","16","38",,"58","unspecified"
"Aluminum (Metric)","M6x1 Tap RH","Cut Taps (Metric)","tap right hand","6","2","19","46",,"66","unspecified"
"Aluminum (Metric)","M7x1 Tap RH","Cut Taps (Metric)","tap right hand","7","2","19","46",,"66","unspecified"
"Aluminum (Metric)","M8x1.25 Tap RH","Cut Taps (Metric)","tap right hand","8","2","22","52",,"72","unspecified"
"Aluminum (Metric)","M8x1 Tap RH","Cut Taps (Metric)","tap right hand","8","2","22","52",,"72","unspecified"
"Aluminum (Metric)","M10x1.5 Tap RH","Cut Taps (Metric)","tap right hand","10","2","24","60",,"80","unspecified"
"Aluminum (Metric)","M10x1 Tap RH","Cut Taps (Metric)","tap right hand","10","2","24","60",,"80","unspecified"
"Aluminum (Metric)","M10x1.25 Tap RH","Cut Taps (Metric)","tap right hand","10","2","24","60",,"80","unspecified"
"Aluminum (Metric)","M12x1.75 Tap RH","Cut Taps (Metric)","tap right hand","12","2","29","69",,"89","unspecified"
"Aluminum (Metric)","M12x1.25 Tap RH","Cut Taps (Metric)","tap right hand","12","2","29","69",,"89","unspecified"
"Aluminum (Metric)","M12x1.5 Tap RH","Cut Taps (Metric)","tap right hand","12","2","29","69",,"89","unspecified"
"Aluminum (Metric)","M14x2 Tap RH","Cut Taps (Metric)","tap right hand","14","2","30","75",,"95","unspecified"
"Aluminum (Metric)","M14x1.5 Tap RH","Cut Taps (Metric)","tap right hand","14","2","30","75",,"95","unspecified"
"Aluminum (Metric)","M16x2 Tap RH","Cut Taps (Metric)","tap right hand","16","2","32","82",,"102","unspecified"
"Aluminum (Metric)","M16x1.5 Tap RH","Cut Taps (Metric)","tap right hand","16","2","32","82",,"102","unspecified"
"Aluminum (Metric)","M18x2.5 Tap RH","Cut Taps (Metric)","tap right hand","18","2","37","92",,"112","unspecified"
"Aluminum (Metric)","M18x1.5 Tap RH","Cut Taps (Metric)","tap right hand","18","2","37","92",,"112","unspecified"
"Aluminum (Metric)","M18x2 Tap RH","Cut Taps (Metric)","tap right hand","18","2","37","92",,"112","unspecified"
"Aluminum (Metric)","M20x2.5 Tap RH","Cut Taps (Metric)","tap right hand","20","2","37","92",,"112","unspecified"
"Aluminum (Metric)","M20x1.5 Tap RH","Cut Taps (Metric)","tap right hand","20","2","37","92",,"112","unspecified"
"Aluminum (Metric)","M20x2 Tap RH","Cut Taps (Metric)","tap right hand","20","2","37","92",,"112","unspecified"
"Aluminum (Metric)","M22x2.5 Tap RH","Cut Taps (Metric)","tap right hand","22","2","38","98",,"118","unspecified"
"Aluminum (Metric)","M22x1.5 Tap RH","Cut Taps (Metric)","tap right hand","22","2","38","98",,"118","unspecified"
"Aluminum (Metric)","M22x2 Tap RH","Cut Taps (Metric)","tap right hand","22","2","38","98",,"118","unspecified"
"Aluminum (Metric)","M24x3 Tap RH","Cut Taps (Metric)","tap right hand","24","2","45","110",,"130","unspecified"
"Aluminum (Metric)","M24x2 Tap RH","Cut Taps (Metric)","tap right hand","24","2","45","110",,"130","unspecified"
"Aluminum (Metric)","M27x3 Tap RH","Cut Taps (Metric)","tap right hand","27","2","45","115",,"135","unspecified"
"Aluminum (Metric)","M27x2 Tap RH","Cut Taps (Metric)","tap right hand","27","2","45","115",,"135","unspecified"
"Aluminum (Metric)","M30x3.5 Tap RH","Cut Taps (Metric)","tap right hand","30","2","48","118",,"138","unspecified"
"Aluminum (Metric)","M30x2 Tap RH","Cut Taps (Metric)","tap right hand","30","2","48","118",,"138","unspecified"
"Aluminum (Metric)","M33x2 Tap RH","Cut Taps (Metric)","tap right hand","33","2","51","131",,"151","unspecified"
"Aluminum (Metric)","M33x3.5 Tap RH","Cut Taps (Metric)","tap right hand","33","2","51","131",,"151","unspecified"
"Aluminum (Metric)","M36x4 Tap RH","Cut Taps (Metric)","tap right hand","36","2","57","142",,"162","unspecified"
"Aluminum (Metric)","M36x2 Tap RH","Cut Taps (Metric)","tap right hand","36","2","57","142",,"162","unspecified"
"Aluminum (Metric)","M36x3 Tap RH","Cut Taps (Metric)","tap right hand","36","2","57","142",,"162","unspecified"
"Aluminum (Metric)","M39x2 Tap RH","Cut Taps (Metric)","tap right hand","39","2","60","150",,"170","unspecified"
"Aluminum (Metric)","M39x3 Tap RH","Cut Taps (Metric)","tap right hand","39","2","60","150",,"170","unspecified"
"Aluminum (Metric)","M39x4 Tap RH","Cut Taps (Metric)","tap right hand","39","2","60","150",,"170","unspecified"
"Aluminum (Metric)","M42x4.5 Tap RH","Cut Taps (Metric)","tap right hand","42","2","60","150",,"170","unspecified"
"Aluminum (Metric)","M42x3 Tap RH","Cut Taps (Metric)","tap right hand","42","2","60","150",,"170","unspecified"
"Aluminum (Metric)","M45x1.5 Tap RH","Cut Taps (Metric)","tap right hand","45","2","67","167",,"187","unspecified"
"Aluminum (Metric)","M45x4.5 Tap RH","Cut Taps (Metric)","tap right hand","45","2","67","167",,"187","unspecified"
"Aluminum (Metric)","M48x5 Tap RH","Cut Taps (Metric)","tap right hand","48","2","67","167",,"187","unspecified"
"Aluminum (Metric)","M48x3 Tap RH","Cut Taps (Metric)","tap right hand","48","2","67","167",,"187","unspecified"
"Aluminum (Metric)","M52x5 Tap RH","Cut Taps (Metric)","tap right hand","52","2","70","180",,"200","unspecified"
"Aluminum (Metric)","M56x5.5 Tap RH","Cut Taps (Metric)","tap right hand","56","2","70","180",,"200","unspecified"
"Aluminum (Metric)","M56x4 Tap RH","Cut Taps (Metric)","tap right hand","56","2","70","180",,"200","unspecified"
"Aluminum (Metric)","M60x1.5 Tap RH","Cut Taps (Metric)","tap right hand","60","2","76","201",,"221","unspecified"
"Aluminum (Metric)","M60x5.5 Tap RH","Cut Taps (Metric)","tap right hand","60","2","76","201",,"221","unspecified"
"Aluminum (Metric)","M64x6 Tap RH","Cut Taps (Metric)","tap right hand","64","2","79","214",,"234","unspecified"
"Aluminum (Metric)","M64x4 Tap RH","Cut Taps (Metric)","tap right hand","64","2","79","214",,"234","unspecified"
"Aluminum (Metric)","M68x6 Tap RH","Cut Taps (Metric)","tap right hand","68","2","79","214",,"234","unspecified"
"Aluminum (Metric)","#0-80 Tap RH (0.06"")","Cut Taps (Inch)","tap right hand","0.06","2","0.24","0.6",,"2.6","hss"
"Aluminum (Metric)","#1-64 Tap RH (0.073"")","Cut Taps (Inch)","tap right hand","0.073","2","0.292","0.73",,"2.73","hss"
"Aluminum (Metric)","#1-72 Tap RH (0.073"")","Cut Taps (Inch)","tap right hand","0.073","2","0.292","0.73",,"2.73","hss"
"Aluminum (Metric)","#2-64 Tap RH (0.086"")","Cut Taps (Inch)","tap right hand","0.086","2","0.344","0.86",,"2.86","hss"
"Aluminum (Metric)","#2-56 Tap RH (0.086"")","Cut Taps (Inch)","tap right hand","0.086","2","0.344","0.86",,"2.86","hss"
"Aluminum (Metric)","#3-48 Tap RH (0.099"")","Cut Taps (Inch)","tap right hand","0.099","2","0.396","0.99",,"2.99","hss"
"Aluminum (Metric)","#3-56 Tap RH (0.099"")","Cut Taps (Inch)","tap right hand","0.099","2","0.396","0.99",,"2.99","hss"
"Aluminum (Metric)","#4-48 Tap RH (0.112"")","Cut Taps (Inch)","tap right hand","0.112","2","0.448","1.12",,"3.12","hss"
"Aluminum (Metric)","#4-40 Tap RH (0.112"")","Cut Taps (Inch)","tap right hand","0.112","2","0.448","1.12",,"3.12","hss"
"Aluminum (Metric)","#5-44 Tap RH (1/8"")","Cut Taps (Inch)","tap right hand","0.125","2","0.5","1.25",,"3.25","hss"
"Aluminum (Metric)","#5-40 Tap RH (1/8"")","Cut Taps (Inch)","tap right hand","0.125","2","0.5","1.25",,"3.25","hss"
"Aluminum (Metric)","#6-40 Tap RH (0.138"")","Cut Taps (Inch)","tap right hand","0.138","2","0.552","1.38",,"3.38","hss"
"Aluminum (Metric)","#6-32 Tap RH (0.138"")","Cut Taps (Inch)","tap right hand","0.138","2","0.552","1.38",,"3.38","hss"
"Aluminum (Metric)","#8-36 Tap RH (0.164"")","Cut Taps (Inch)","tap right hand","0.164","2","0.656","1.64",,"3.64","hss"
"Aluminum (Metric)","#8-32 Tap RH (0.164"")","Cut Taps (Inch)","tap right hand","0.164","2","0.656","1.64",,"3.64","hss"
"Aluminum (Metric)","#10-24 Tap RH (0.19"")","Cut Taps (Inch)","tap right hand","0.19","2","0.76","1.9",,"3.9","hss"
"Aluminum (Metric)","#10-32 Tap RH (0.19"")","Cut Taps (Inch)","tap right hand","0.19","2","0.76","1.9",,"3.9","hss"
"Aluminum (Metric)","#12-32 Tap RH (0.216"")","Cut Taps (Inch)","tap right hand","0.216","2","0.864","2.16",,"4.16","hss"
"Aluminum (Metric)","#12-24 Tap RH (0.216"")","Cut Taps (Inch)","tap right hand","0.216","2","0.864","2.16",,"4.16","hss"
"Aluminum (Metric)","#12-28 Tap RH (0.216"")","Cut Taps (Inch)","tap right hand","0.216","2","0.864","2.16",,"4.16","hss"
"Aluminum (Metric)","0.25""-28 Tap RH","Cut Taps (Inch)","tap right hand","0.25","2","1","2.5",,"4.5","hss"
"Aluminum (Metric)","0.25""-32 Tap RH","Cut Taps (Inch)","tap right hand","0.25","2","1","2.5",,"4.5","hss"
"Aluminum (Metric)","0.25""-20 Tap RH","Cut Taps (Inch)","tap right hand","0.25","2","1","2.5",,"4.5","hss"
"Aluminum (Metric)","5/16""-18 Tap RH","Cut Taps (Inch)","tap right hand","0.3125","2","1.25","3.125",,"5.125","hss"
"Aluminum (Metric)","5/16""-24 Tap RH","Cut Taps (Inch)","tap right hand","0.3125","2","1.25","3.125",,"5.125","hss"
"Aluminum (Metric)","5/16""-32 Tap RH","Cut Taps (Inch)","tap right hand","0.3125","2","1.25","3.125",,"5.125","hss"
"Aluminum (Metric)","3/8""-24 Tap RH","Cut Taps (Inch)","tap right hand","0.375","2","1.5","3.75",,"5.750000000000001","hss"
"Aluminum (Metric)","3/8""-16 Tap RH","Cut Taps (Inch)","tap right hand","0.375","2","1.5","3.75",,"5.750000000000001","hss"
"Aluminum (Metric)","3/8""-32 Tap RH","Cut Taps (Inch)","tap right hand","0.375","2","1.5","3.75",,"5.750000000000001","hss"
"Aluminum (Metric)","7/16""-20 Tap RH","Cut Taps (Inch)","tap right hand","0.4375","2","1.75","4.375",,"6.375000000000001","hss"
"Aluminum (Metric)","7/16""-28 Tap RH","Cut Taps (Inch)","tap right hand","0.4375","2","1.75","4.375",,"6.375000000000001","hss"
"Aluminum (Metric)","7/16""-14 Tap RH","Cut Taps (Inch)","tap right hand","0.4375","2","1.75","4.375",,"6.375000000000001","hss"
"Aluminum (Metric)","1/2""-20 Tap RH","Cut Taps (Inch)","tap right hand","0.5","2","2","5",,"7","hss"
"Aluminum (Metric)","1/2""-13 Tap RH","Cut Taps (Inch)","tap right hand","0.5","2","2","5",,"7","hss"
"Aluminum (Metric)","1/2""-28 Tap RH","Cut Taps (Inch)","tap right hand","0.5","2","2","5",,"7","hss"
"Aluminum (Metric)","9/16""-12 Tap RH","Cut Taps (Inch)","tap right hand","0.5625","2","2.25","5.625",,"7.625000000000001","hss"
"Aluminum (Metric)","9/16""-18 Tap RH","Cut Taps (Inch)","tap right hand","0.5625","2","2.25","5.625",,"7.625000000000001","hss"
"Aluminum (Metric)","9/16""-24 Tap RH","Cut Taps (Inch)","tap right hand","0.5625","2","2.25","5.625",,"7.625000000000001","hss"
"Aluminum (Metric)","5/8""-18 Tap RH","Cut Taps (Inch)","tap right hand","0.625","2","2.5","6.250000000000001",,"8.25","hss"
"Aluminum (Metric)","5/8""-24 Tap RH","Cut Taps (Inch)","tap right hand","0.625","2","2.5","6.250000000000001",,"8.25","hss"
"Aluminum (Metric)","5/8""-11 Tap RH","Cut Taps (Inch)","tap right hand","0.625","2","2.5","6.250000000000001",,"8.25","hss"
"Aluminum (Metric)","11/16""-24 Tap RH","Cut Taps (Inch)","tap right hand","0.6875","2","2.75","6.875000000000001",,"8.875","hss"
"Aluminum (Metric)","3/4""-10 Tap RH","Cut Taps (Inch)","tap right hand","0.75","2","3","7.500000000000001",,"9.5","hss"
"Aluminum (Metric)","3/4""-16 Tap RH","Cut Taps (Inch)","tap right hand","0.75","2","3","7.500000000000001",,"9.5","hss"
"Aluminum (Metric)","3/4""-20 Tap RH","Cut Taps (Inch)","tap right hand","0.75","2","3","7.500000000000001",,"9.5","hss"
"Aluminum (Metric)","13/16""-20 Tap RH","Cut Taps (Inch)","tap right hand","0.8125","2","3.25","8.125",,"10.125","hss"
"Aluminum (Metric)","7/8""-14 Tap RH","Cut Taps (Inch)","tap right hand","0.875","2","3.5","8.75",,"10.75","hss"
"Aluminum (Metric)","7/8""-9 Tap RH","Cut Taps (Inch)","tap right hand","0.875","2","3.5","8.75",,"10.75","hss"
"Aluminum (Metric)","7/8""-20 Tap RH","Cut Taps (Inch)","tap right hand","0.875","2","3.5","8.75",,"10.75","hss"
"Aluminum (Metric)","15/16""-20 Tap RH","Cut Taps (Inch)","tap right hand","0.9375","2","3.75","9.375",,"11.375","hss"
"Aluminum (Metric)","1""-20 Tap RH","Cut Taps (Inch)","tap right hand","1","2","4","10",,"12","hss"
"Aluminum (Metric)","1""-8 Tap RH","Cut Taps (Inch)","tap right hand","1","2","4","10",,"12","hss"
"Aluminum (Metric)","1""-12 Tap RH","Cut Taps (Inch)","tap right hand","1","2","4","10",,"12","hss"
"Aluminum (Metric)","Kennametal 0.25"" 3F Flat","Kennametal Endmills 3 Flute (Inch)","flat end mill","0.25","3","0.5","1.5",,"2.5","carbide"
"Aluminum (Metric)","Kennametal 0.25"" 3F Bull R0.03","Kennametal Endmills 3 Flute (Inch)","bull nose end mill","0.25","3","0.5","1.5","0.03","2.5","carbide"
"Aluminum (Metric)","Kennametal 3/8"" 3F Flat","Kennametal Endmills 3 Flute (Inch)","flat end mill","0.375","3","0.75","1.5",,"2.5","carbide"
"Aluminum (Metric)","Kennametal 1/2"" 3F Flat","Kennametal Endmills 3 Flute (Inch)","flat end mill","0.5","3","1.25","1.75",,"3","carbide"
"Aluminum (Metric)","Kennametal 1/2"" 3F Bull R0.03","Kennametal Endmills 3 Flute (Inch)","bull nose end mill","0.5","3","1.25","1.75","0.03","3","carbide"
"Aluminum (Metric)","Kennametal 1/2"" 3F Bull R0.06","Kennametal Endmills 3 Flute (Inch)","bull nose end mill","0.5","3","1.25","1.75","0.06","3","carbide"
"Aluminum (Metric)","Kennametal 5/8"" 3F Flat","Kennametal Endmills 3 Flute (Inch)","flat end mill","0.625","3","1.25","1.9375",,"3.5","carbide"
"Aluminum (Metric)","Kennametal 3/4"" 3F Flat","Kennametal Endmills 3 Flute (Inch)","flat end mill","0.75","3","1.5","2.125",,"4","carbide"
"Aluminum (Metric)","Kennametal 3/8"" 3F Flat","Kennametal Endmills 3 Flute (Inch)","flat end mill","0.375","3","0.5","3",,"4","carbide"
"Aluminum (Metric)","Kennametal 3/8"" 3F Bull R0.03","Kennametal Endmills 3 Flute (Inch)","bull nose end mill","0.375","3","0.5","3","0.03","4","carbide"
"Aluminum (Metric)","Kennametal 1/2"" 3F Flat","Kennametal Endmills 3 Flute (Inch)","flat end mill","0.5","3","0.625","2.75",,"4","carbide"
"Aluminum (Metric)","Kennametal 1/2"" 3F Bull R0.12","Kennametal Endmills 3 Flute (Inch)","bull nose end mill","0.5","3","0.625","2.75","0.12","4","carbide"
"Aluminum (Metric)","Kennametal 1/2"" 3F Flat","Kennametal Endmills 3 Flute (Inch)","flat end mill","0.5","3","0.625","4.75",,"6","carbide"
"Aluminum (Metric)","Kennametal 5/16"" 3F Flat","Kennametal Endmills 3 Flute (Inch)","flat end mill","0.31252","3","0.625","1.5",,"2.5","carbide"
"Aluminum (Metric)","Kennametal 0.0313"" 3F Flat","Kennametal Endmills 3 Flute (Inch)","flat end mill","0.03126","3","0.07811","0.5",,"1.5","carbide"
"Aluminum (Metric)","Kennametal 0.0469"" 3F Flat","Kennametal Endmills 3 Flute (Inch)","flat end mill","0.04689","3","0.10937","0.5",,"1.5","carbide"
"Aluminum (Metric)","Kennametal 1/16"" 3F Flat","Kennametal Endmills 3 Flute (Inch)","flat end mill","0.06252","3","0.18748","0.5",,"1.5","carbide"
"Aluminum (Metric)","Kennametal 3/32"" 3F Flat","Kennametal Endmills 3 Flute (Inch)","flat end mill","0.09374","3","0.375","0.5",,"1.5","carbide"
"Aluminum (Metric)","Kennametal 0.109"" 3F Flat","Kennametal Endmills 3 Flute (Inch)","flat end mill","0.10937","3","0.375","0.775591",,"1.5","carbide"
"Aluminum (Metric)","Kennametal 1/8"" 3F Flat","Kennametal Endmills 3 Flute (Inch)","flat end mill","0.125","3","0.25","0.5",,"1.5","carbide"
"Aluminum (Metric)","Kennametal 1/8"" 3F Flat","Kennametal Endmills 3 Flute (Inch)","flat end mill","0.125","3","0.5","1.5",,"2.5","carbide"
"Aluminum (Metric)","Kennametal 5/32"" 3F Flat","Kennametal Endmills 3 Flute (Inch)","flat end mill","0.15626","3","0.56252","1",,"2","carbide"
"Aluminum (Metric)","Kennametal 3/16"" 3F Flat","Kennametal Endmills 3 Flute (Inch)","flat end mill","0.18752","3","0.56252","1",,"2","carbide"
"Aluminum (Metric)","Kennametal 3/16"" 3F Flat","Kennametal Endmills 3 Flute (Inch)","flat end mill","0.18752","3","0.625","2",,"3","carbide"
"Aluminum (Metric)","Kennametal 7/32"" 3F Flat","Kennametal Endmills 3 Flute (Inch)","flat end mill","0.21874","3","0.625","1.5",,"2.5","carbide"
"Aluminum (Metric)","Kennametal 0.25"" 3F Flat","Kennametal Endmills 3 Flute (Inch)","flat end mill","0.25","3","0.5","1",,"2","carbide"
"Aluminum (Metric)","Kennametal 0.25"" 3F Flat","Kennametal Endmills 3 Flute (Inch)","flat end mill","0.25","3","0.75","1.5",,"2.5","carbide"
"Aluminum (Metric)","Kennametal 0.25"" 3F Flat","Kennametal Endmills 3 Flute (Inch)","flat end mill","0.25","3","1","2",,"3","carbide"
"Aluminum (Metric)","Kennametal 5/16"" 3F Flat","Kennametal Endmills 3 Flute (Inch)","flat end mill","0.31252","3","0.5","1",,"2","carbide"
"Aluminum (Metric)","Kennametal 5/16"" 3F Flat","Kennametal Endmills 3 Flute (Inch)","flat end mill","0.31252","3","0.81252","1.5",,"2.5","carbide"
"Aluminum (Metric)","Kennametal 3/8"" 3F Flat","Kennametal Endmills 3 Flute (Inch)","flat end mill","0.375","3","0.5","1",,"2","carbide"
"Aluminum (Metric)","Kennametal 3/8"" 3F Flat","Kennametal Endmills 3 Flute (Inch)","flat end mill","0.375","3","1","1.5",,"2.5","carbide"
"Aluminum (Metric)","Kennametal 1/2"" 3F Flat","Kennametal Endmills 3 Flute (Inch)","flat end mill","0.5","3","1","1.75",,"3","carbide"
"Aluminum (Metric)","Kennametal 1/2"" 3F Flat","Kennametal Endmills 3 Flute (Inch)","flat end mill","0.5","3","2","2.75",,"4","carbide"
"Aluminum (Metric)","Kennametal 5/8"" 3F Flat","Kennametal Endmills 3 Flute (Inch)","flat end mill","0.625","3","1.25","1.9375",,"3.5","carbide"
"Aluminum (Metric)","Kennametal 3/4"" 3F Flat","Kennametal Endmills 3 Flute (Inch)","flat end mill","0.75","3","1.5","2.125",,"4","carbide"
"Aluminum (Metric)","Kennametal 1"" 3F Flat","Kennametal Endmills 3 Flute (Inch)","flat end mill","1","3","1.5","2",,"4","carbide"
"Aluminum (Metric)","Kennametal 0.25"" 3F Flat","Kennametal Endmills 3 Flute (Inch)","flat end mill","0.25","3","0.375","1",,"2","carbide"
"Aluminum (Metric)","Kennametal 0.25"" 3F Flat","Kennametal Endmills 3 Flute (Inch)","flat end mill","0.25","3","0.75","1.5",,"2.5","carbide"
"Mild Steel (Metric)","16mm Countersink 82??","Countersinks (Metric)","counter sink","16","3","6","25",,"50","carbide"
"Mild Steel (Metric)","16mm Countersink 90??","Countersinks (Metric)","counter sink","16","3","6","25",,"50","carbide"
"Mild Steel (Metric)","14mm Countersink 90??","Countersinks (Metric)","counter sink","14","4","7","25",,"50","carbide"
"Mild Steel (Metric)","14mm Countersink 90??","Countersinks (Metric)","counter sink","14","3","5","25",,"50","carbide"
"Mild Steel (Metric)","12mm Countersink 82??","Countersinks (Metric)","counter sink","12","4","4","25",,"50","carbide"
"Mild Steel (Metric)","12mm Countersink 90??","Countersinks (Metric)","counter sink","12","3","4","25",,"50","carbide"
"Mild Steel (Metric)","12mm Countersink 120??","Countersinks (Metric)","counter sink","12","4","3.4","25",,"50","carbide"
"Mild Steel (Metric)","10mm Countersink 90??","Countersinks (Metric)","counter sink","10","4","5","25",,"50","carbide"
"Mild Steel (Metric)","10mm Countersink 90??","Countersinks (Metric)","counter sink","10","3","3","25",,"50","carbide"
"Mild Steel (Metric)","10mm Countersink 82??","Countersinks (Metric)","counter sink","10","4","5","25",,"50","carbide"
"Mild Steel (Metric)","10mm Countersink 120??","Countersinks (Metric)","counter sink","10","4","2.8","25",,"50","carbide"
"Mild Steel (Metric)","8mm Countersink 90??","Countersinks (Metric)","counter sink","8","4","4","25",,"50","carbide"
"Mild Steel (Metric)","8mm Countersink 120??","Countersinks (Metric)","counter sink","8","4","2.3","25",,"50","carbide"
"Mild Steel (Metric)","6mm Countersink 90??","Countersinks (Metric)","counter sink","6","4","3","25",,"50","carbide"
"Mild Steel (Metric)","6mm Countersink 82??","Countersinks (Metric)","counter sink","6","4","3","25",,"50","carbide"
"Mild Steel (Metric)","6mm Countersink 120??","Countersinks (Metric)","counter sink","6","4","1.7","25",,"50","carbide"
"Mild Steel (Metric)","3mm Countersink 90??","Countersinks (Metric)","counter sink","3","4","1.5","15",,"40","carbide"
"Mild Steel (Metric)","3mm Countersink 82??","Countersinks (Metric)","counter sink","3","4","2.5","15",,"40","carbide"
"Mild Steel (Metric)","40mm 6F Face","Steel / Stainless Metric Tools","face mill","40","6","6","50","0","130","carbide"
"Mild Steel (Metric)","12mm 5F Bull  R0.75","Steel / Stainless Metric Tools","bull nose end mill","12","5","25","45","0.75","70","carbide"
"Mild Steel (Metric)","12mm 5F Flat","Steel / Stainless Metric Tools","flat end mill","12","5","50","60",,"102","carbide"
"Mild Steel (Metric)","8mm 5F Bull  R0.5","Steel / Stainless Metric Tools","bull nose end mill","8","5","22","35","0.5","70","carbide"
"Mild Steel (Metric)","8mm 5F Flat","Steel / Stainless Metric Tools","flat end mill","8","5","20","35",,"70","carbide"
"Mild Steel (Metric)","5mm 5F Bull  R0.25","Steel / Stainless Metric Tools","bull nose end mill","5","5","12","20","0.25","50","carbide"
"Mild Steel (Metric)","5mm 4F Flat","Steel / Stainless Metric Tools","flat end mill","5","4","16","25",,"50","carbide"
"Mild Steel (Metric)","3mm 4F Flat","Steel / Stainless Metric Tools","flat end mill","3","4","8","15",,"35","carbide"
"Mild Steel (Metric)","1.5mm 4F Flat","Steel / Stainless Metric Tools","flat end mill","1.5","4","3","10",,"40","carbide"
"Mild Steel (Metric)","10mm 4F Ball","Steel / Stainless Metric Tools","ball end mill","10","4","20","40",,"70","carbide"
"Mild Steel (Metric)","6mm 4F Ball","Steel / Stainless Metric Tools","ball end mill","6","4","12","25",,"42","carbide"
"Mild Steel (Metric)","3mm 3F Ball","Steel / Stainless Metric Tools","ball end mill","3","3","5","15",,"31","carbide"
"Mild Steel (Metric)","6mm 4F Chamfer  41??","Steel / Stainless Metric Tools","chamfer mill","6","4","3","18",,"55","ti coated"
"Mild Steel (Metric)","8mm 4F Chamfer  45??","Steel / Stainless Metric Tools","chamfer mill","8","4","4","20",,"55","ti coated"
"Mild Steel (Metric)","0.15mm Drill 118??","Stub & Jobber Drills (Metric)","drill","0.15","1","1.5","4.04",,"6.58","unspecified"
"Mild Steel (Metric)","0.16mm Drill 118??","Stub & Jobber Drills (Metric)","drill","0.16","1","1.6","4.140000000000001",,"6.680000000000001","unspecified"
"Mild Steel (Metric)","0.17mm Drill 118??","Stub & Jobber Drills (Metric)","drill","0.17","1","1.7","4.24",,"6.78","unspecified"
"Mild Steel (Metric)","0.18mm Drill 118??","Stub & Jobber Drills (Metric)","drill","0.18","1","1.8","4.340000000000001",,"6.880000000000001","unspecified"
"Mild Steel (Metric)","0.19mm Drill 118??","Stub & Jobber Drills (Metric)","drill","0.19","1","1.9","4.44",,"6.98","unspecified"
"Mild Steel (Metric)","0.2mm Drill 118??","Stub & Jobber Drills (Metric)","drill","0.2","1","2","4.54",,"7.080000000000001","unspecified"
"Mild Steel (Metric)","0.22mm Drill 118??","Stub & Jobber Drills (Metric)","drill","0.22","1","2.2","4.74",,"7.28","unspecified"
"Mild Steel (Metric)","0.25mm Drill 118??","Stub & Jobber Drills (Metric)","drill","0.25","1","2.5","5.04",,"7.580000000000001","unspecified"
"Mild Steel (Metric)","0.28mm Drill 118??","Stub & Jobber Drills (Metric)","drill","0.28","1","2.8","5.340000000000001",,"7.880000000000001","unspecified"
"Mild Steel (Metric)","0.3mm Drill 118??","Stub & Jobber Drills (Metric)","drill","0.3","1","3","5.54",,"8.08","unspecified"
"Mild Steel (Metric)","0.32mm Drill 118??","Stub & Jobber Drills (Metric)","drill","0.32","1","3.2","5.74",,"8.28","unspecified"
"Mild Steel (Metric)","0.35mm Drill 118??","Stub & Jobber Drills (Metric)","drill","0.35","1","3.5","6.04",,"8.58","unspecified"
"Mild Steel (Metric)","0.38mm Drill 118??","Stub & Jobber Drills (Metric)","drill","0.38","1","3.8","6.340000000000001",,"8.880000000000003","unspecified"
"Mild Steel (Metric)","0.4mm Drill 118??","Stub & Jobber Drills (Metric)","drill","0.4","1","4","6.540000000000001",,"9.08","unspecified"
"Mild Steel (Metric)","0.42mm Drill 118??","Stub & Jobber Drills (Metric)","drill","0.42","1","4.2","6.74",,"9.28","unspecified"
"Mild Steel (Metric)","0.45mm Drill 118??","Stub & Jobber Drills (Metric)","drill","0.45","1","4.5","7.040000000000001",,"9.58","unspecified"
"Mild Steel (Metric)","0.48mm Drill 118??","Stub & Jobber Drills (Metric)","drill","0.48","1","4.800000000000002","7.340000000000001",,"9.88","unspecified"
"Mild Steel (Metric)","0.5mm Drill 118??","Stub & Jobber Drills (Metric)","drill","0.5","1","5","7.540000000000001",,"10.08","unspecified"
"Mild Steel (Metric)","0.55mm Drill 118??","Stub & Jobber Drills (Metric)","drill","0.55","1","5.5","8.040000000000001",,"10.58","unspecified"
"Mild Steel (Metric)","0.6mm Drill 118??","Stub & Jobber Drills (Metric)","drill","0.6","1","6","8.540000000000001",,"11.08","unspecified"
"Mild Steel (Metric)","0.65mm Drill 118??","Stub & Jobber Drills (Metric)","drill","0.65","1","6.500000000000001","9.04",,"11.58","unspecified"
"Mild Steel (Metric)","0.7mm Drill 118??","Stub & Jobber Drills (Metric)","drill","0.7","1","7","9.54",,"12.08","unspecified"
"Mild Steel (Metric)","0.75mm Drill 118??","Stub & Jobber Drills (Metric)","drill","0.75","1","7.500000000000001","10.04",,"12.58","unspecified"
"Mild Steel (Metric)","0.8mm Drill 118??","Stub & Jobber Drills (Metric)","drill","0.8","1","8","10.54",,"13.08","unspecified"
"Mild Steel (Metric)","0.85mm Drill 118??","Stub & Jobber Drills (Metric)","drill","0.85","1","8.5","11.04",,"13.58","unspecified"
"Mild Steel (Metric)","0.9mm Drill 118??","Stub & Jobber Drills (Metric)","drill","0.9","1","9","11.54",,"14.08","unspecified"
"Mild Steel (Metric)","0.95mm Drill 118??","Stub & Jobber Drills (Metric)","drill","0.95","1","9.5","12.04",,"14.58","unspecified"
"Mild Steel (Metric)","1mm Drill 118??","Stub & Jobber Drills (Metric)","drill","1","1","10","12.54",,"15.08","unspecified"
"Mild Steel (Metric)","1.1mm Drill 118??","Stub & Jobber Drills (Metric)","drill","1.05","1","10.5","13.04",,"15.58","unspecified"
"Mild Steel (Metric)","1.1mm Drill 118??","Stub & Jobber Drills (Metric)","drill","1.1","1","11","13.54",,"16.08","unspecified"
"Mild Steel (Metric)","1.1mm Drill 118??","Stub & Jobber Drills (Metric)","drill","1.15","1","11.5","14.04",,"16.58","unspecified"
"Mild Steel (Metric)","1.2mm Drill 118??","Stub & Jobber Drills (Metric)","drill","1.2","1","12","14.54",,"17.08","unspecified"
"Mild Steel (Metric)","1.3mm Drill 118??","Stub & Jobber Drills (Metric)","drill","1.25","1","12.5","15.04",,"17.58","unspecified"
"Mild Steel (Metric)","1.3mm Drill 118??","Stub & Jobber Drills (Metric)","drill","1.3","1","13","15.54",,"18.08","unspecified"
"Mild Steel (Metric)","1.4mm Drill 118??","Stub & Jobber Drills (Metric)","drill","1.35","1","13.5","16.04",,"18.58","unspecified"
"Mild Steel (Metric)","1.4mm Drill 118??","Stub & Jobber Drills (Metric)","drill","1.4","1","14","16.54",,"19.08","unspecified"
"Mild Steel (Metric)","1.4mm Drill 118??","Stub & Jobber Drills (Metric)","drill","1.45","1","14.5","17.04",,"19.58","unspecified"
"Mild Steel (Metric)","1.5mm Drill 118??","Stub & Jobber Drills (Metric)","drill","1.5","1","15","17.54",,"20.08","unspecified"
"Mild Steel (Metric)","1.6mm Drill 118??","Stub & Jobber Drills (Metric)","drill","1.55","1","15.5","18.04",,"20.58","unspecified"
"Mild Steel (Metric)","1.6mm Drill 118??","Stub & Jobber Drills (Metric)","drill","1.6","1","16","18.54",,"21.08","unspecified"
"Mild Steel (Metric)","1.6mm Drill 118??","Stub & Jobber Drills (Metric)","drill","1.65","1","16.5","19.04",,"21.58","unspecified"
"Mild Steel (Metric)","1.7mm Drill 118??","Stub & Jobber Drills (Metric)","drill","1.7","1","17","19.54",,"22.08","unspecified"
"Mild Steel (Metric)","1.8mm Drill 118??","Stub & Jobber Drills (Metric)","drill","1.75","1","17.5","20.04",,"22.58","unspecified"
"Mild Steel (Metric)","1.8mm Drill 118??","Stub & Jobber Drills (Metric)","drill","1.8","1","18","20.54",,"23.08","unspecified"
"Mild Steel (Metric)","1.9mm Drill 118??","Stub & Jobber Drills (Metric)","drill","1.85","1","18.5","21.04",,"23.58","unspecified"
"Mild Steel (Metric)","1.9mm Drill 118??","Stub & Jobber Drills (Metric)","drill","1.9","1","19","21.54",,"24.08","unspecified"
"Mild Steel (Metric)","1.9mm Drill 118??","Stub & Jobber Drills (Metric)","drill","1.95","1","19.5","22.04",,"24.58","unspecified"
"Mild Steel (Metric)","2mm Drill 118??","Stub & Jobber Drills (Metric)","drill","2","1","20","22.54",,"25.08","unspecified"
"Mild Steel (Metric)","2mm Drill 118??","Stub & Jobber Drills (Metric)","drill","2.05","1","20.5","23.04",,"25.58","unspecified"
"Mild Steel (Metric)","2.1mm Drill 118??","Stub & Jobber Drills (Metric)","drill","2.1","1","21","23.54",,"26.08","unspecified"
"Mild Steel (Metric)","2.1mm Drill 118??","Stub & Jobber Drills (Metric)","drill","2.15","1","21.5","24.04",,"26.58","unspecified"
"Mild Steel (Metric)","2.2mm Drill 118??","Stub & Jobber Drills (Metric)","drill","2.2","1","22","24.54",,"27.08","unspecified"
"Mild Steel (Metric)","2.3mm Drill 118??","Stub & Jobber Drills (Metric)","drill","2.25","1","22.5","25.04",,"27.58","unspecified"
"Mild Steel (Metric)","2.3mm Drill 118??","Stub & Jobber Drills (Metric)","drill","2.3","1","23","25.54",,"28.08","unspecified"
"Mild Steel (Metric)","2.4mm Drill 118??","Stub & Jobber Drills (Metric)","drill","2.35","1","23.5","26.04",,"28.58","unspecified"
"Mild Steel (Metric)","2.4mm Drill 118??","Stub & Jobber Drills (Metric)","drill","2.4","1","24","26.54",,"29.08","unspecified"
"Mild Steel (Metric)","2.5mm Drill 118??","Stub & Jobber Drills (Metric)","drill","2.45","1","24.5","27.04",,"29.58","unspecified"
"Mild Steel (Metric)","2.5mm Drill 118??","Stub & Jobber Drills (Metric)","drill","2.5","1","25","27.54",,"30.08","unspecified"
"Mild Steel (Metric)","2.6mm Drill 118??","Stub & Jobber Drills (Metric)","drill","2.6","1","26","28.54",,"31.08","unspecified"
"Mild Steel (Metric)","2.7mm Drill 118??","Stub & Jobber Drills (Metric)","drill","2.7","1","27","29.54",,"32.08000000000001","unspecified"
"Mild Steel (Metric)","2.8mm Drill 118??","Stub & Jobber Drills (Metric)","drill","2.8","1","28","30.54",,"33.08000000000001","unspecified"
"Mild Steel (Metric)","2.9mm Drill 118??","Stub & Jobber Drills (Metric)","drill","2.9","1","29","31.54",,"34.08000000000001","unspecified"
"Mild Steel (Metric)","3mm Drill 118??","Stub & Jobber Drills (Metric)","drill","3","1","30","32.54",,"35.08000000000001","unspecified"
"Mild Steel (Metric)","3.1mm Drill 118??","Stub & Jobber Drills (Metric)","drill","3.1","1","31","33.54",,"36.08000000000001","unspecified"
"Mild Steel (Metric)","3.2mm Drill 118??","Stub & Jobber Drills (Metric)","drill","3.2","1","32","34.54",,"37.08000000000001","unspecified"
"Mild Steel (Metric)","3.3mm Drill 118??","Stub & Jobber Drills (Metric)","drill","3.3","1","33","35.54000000000001",,"38.08000000000001","unspecified"
"Mild Steel (Metric)","3.4mm Drill 118??","Stub & Jobber Drills (Metric)","drill","3.4","1","34","36.54000000000001",,"39.08000000000001","unspecified"
"Mild Steel (Metric)","3.5mm Drill 118??","Stub & Jobber Drills (Metric)","drill","3.5","1","35","37.54000000000001",,"40.08000000000001","unspecified"
"Mild Steel (Metric)","3.6mm Drill 118??","Stub & Jobber Drills (Metric)","drill","3.6","1","36","38.54000000000001",,"41.08000000000001","unspecified"
"Mild Steel (Metric)","3.7mm Drill 118??","Stub & Jobber Drills (Metric)","drill","3.7","1","37","39.54000000000001",,"42.08000000000001","unspecified"
"Mild Steel (Metric)","3.8mm Drill 118??","Stub & Jobber Drills (Metric)","drill","3.8","1","38","40.54000000000001",,"43.08000000000001","unspecified"
"Mild Steel (Metric)","3.9mm Drill 118??","Stub & Jobber Drills (Metric)","drill","3.9","1","39","41.54000000000001",,"44.08000000000001","unspecified"
"Mild Steel (Metric)","4mm Drill 118??","Stub & Jobber Drills (Metric)","drill","4","1","40","42.54000000000001",,"45.08000000000001","unspecified"
"Mild Steel (Metric)","4.1mm Drill 118??","Stub & Jobber Drills (Metric)","drill","4.1","1","41","43.54000000000001",,"46.08000000000001","unspecified"
"Mild Steel (Metric)","4.2mm Drill 118??","Stub & Jobber Drills (Metric)","drill","4.2","1","42","44.54000000000001",,"47.08000000000001","unspecified"
"Mild Steel (Metric)","4.3mm Drill 118??","Stub & Jobber Drills (Metric)","drill","4.3","1","43","45.54000000000001",,"48.08000000000001","unspecified"
"Mild Steel (Metric)","4.4mm Drill 118??","Stub & Jobber Drills (Metric)","drill","4.4","1","44","46.54000000000001",,"49.08000000000001","unspecified"
"Mild Steel (Metric)","4.5mm Drill 118??","Stub & Jobber Drills (Metric)","drill","4.5","1","45","47.54000000000001",,"50.08000000000001","unspecified"
"Mild Steel (Metric)","4.6mm Drill 118??","Stub & Jobber Drills (Metric)","drill","4.6","1","46","48.54000000000001",,"51.08000000000001","unspecified"
"Mild Steel (Metric)","4.7mm Drill 118??","Stub & Jobber Drills (Metric)","drill","4.7","1","47","49.54000000000001",,"52.08000000000001","unspecified"
"Mild Steel (Metric)","4.8mm Drill 118??","Stub & Jobber Drills (Metric)","drill","4.8","1","48","50.54000000000001",,"53.08000000000001","unspecified"
"Mild Steel (Metric)","4.9mm Drill 118??","Stub & Jobber Drills (Metric)","drill","4.9","1","49","51.54000000000001",,"54.08000000000001","unspecified"
"Mild Steel (Metric)","5mm Drill 118??","Stub & Jobber Drills (Metric)","drill","5","1","50","52.54000000000001",,"55.08000000000001","unspecified"
"Mild Steel (Metric)","5.1mm Drill 118??","Stub & Jobber Drills (Metric)","drill","5.1","1","51","53.54000000000001",,"56.08000000000001","unspecified"
"Mild Steel (Metric)","5.2mm Drill 118??","Stub & Jobber Drills (Metric)","drill","5.2","1","52","54.54000000000001",,"57.08000000000001","unspecified"
"Mild Steel (Metric)","5.3mm Drill 118??","Stub & Jobber Drills (Metric)","drill","5.3","1","53","55.54000000000001",,"58.08000000000001","unspecified"
"Mild Steel (Metric)","5.4mm Drill 118??","Stub & Jobber Drills (Metric)","drill","5.4","1","54","56.54000000000001",,"59.08000000000001","unspecified"
"Mild Steel (Metric)","5.5mm Drill 118??","Stub & Jobber Drills (Metric)","drill","5.5","1","55","57.54000000000001",,"60.08000000000001","unspecified"
"Mild Steel (Metric)","5.6mm Drill 118??","Stub & Jobber Drills (Metric)","drill","5.6","1","56","58.54000000000001",,"61.08000000000001","unspecified"
"Mild Steel (Metric)","5.7mm Drill 118??","Stub & Jobber Drills (Metric)","drill","5.7","1","57","59.54000000000001",,"62.08000000000001","unspecified"
"Mild Steel (Metric)","5.8mm Drill 118??","Stub & Jobber Drills (Metric)","drill","5.8","1","58","60.54000000000001",,"63.08000000000001","unspecified"
"Mild Steel (Metric)","5.9mm Drill 118??","Stub & Jobber Drills (Metric)","drill","5.9","1","59","61.54000000000001",,"64.08","unspecified"
"Mild Steel (Metric)","6mm Drill 118??","Stub & Jobber Drills (Metric)","drill","6","1","60","62.54000000000001",,"65.08","unspecified"
"Mild Steel (Metric)","6.1mm Drill 118??","Stub & Jobber Drills (Metric)","drill","6.1","1","61","63.54000000000001",,"66.08","unspecified"
"Mild Steel (Metric)","6.2mm Drill 118??","Stub & Jobber Drills (Metric)","drill","6.2","1","62","64.54",,"67.08","unspecified"
"Mild Steel (Metric)","6.3mm Drill 118??","Stub & Jobber Drills (Metric)","drill","6.3","1","63","65.54",,"68.08","unspecified"
"Mild Steel (Metric)","6.4mm Drill 118??","Stub & Jobber Drills (Metric)","drill","6.4","1","64","66.54",,"69.08","unspecified"
"Mild Steel (Metric)","6.5mm Drill 118??","Stub & Jobber Drills (Metric)","drill","6.5","1","65","67.54",,"70.08000000000001","unspecified"
"Mild Steel (Metric)","6.6mm Drill 118??","Stub & Jobber Drills (Metric)","drill","6.6","1","66","68.54",,"71.08000000000001","unspecified"
"Mild Steel (Metric)","6.7mm Drill 118??","Stub & Jobber Drills (Metric)","drill","6.7","1","67","69.54000000000002",,"72.08000000000001","unspecified"
"Mild Steel (Metric)","6.8mm Drill 118??","Stub & Jobber Drills (Metric)","drill","6.8","1","68","70.54000000000002",,"73.08000000000001","unspecified"
"Mild Steel (Metric)","6.9mm Drill 118??","Stub & Jobber Drills (Metric)","drill","6.9","1","69","71.54000000000002",,"74.08000000000001","unspecified"
"Mild Steel (Metric)","7mm Drill 118??","Stub & Jobber Drills (Metric)","drill","7","1","70","72.54",,"75.08000000000001","unspecified"
"Mild Steel (Metric)","7.1mm Drill 118??","Stub & Jobber Drills (Metric)","drill","7.1","1","71","73.54",,"76.08000000000001","unspecified"
"Mild Steel (Metric)","7.2mm Drill 118??","Stub & Jobber Drills (Metric)","drill","7.2","1","72","74.54",,"77.08000000000001","unspecified"
"Mild Steel (Metric)","7.3mm Drill 118??","Stub & Jobber Drills (Metric)","drill","7.3","1","73","75.54",,"78.08000000000001","unspecified"
"Mild Steel (Metric)","7.4mm Drill 118??","Stub & Jobber Drills (Metric)","drill","7.4","1","74","76.54",,"79.08000000000001","unspecified"
"Mild Steel (Metric)","7.5mm Drill 118??","Stub & Jobber Drills (Metric)","drill","7.5","1","75","77.54",,"80.08000000000001","unspecified"
"Mild Steel (Metric)","7.6mm Drill 118??","Stub & Jobber Drills (Metric)","drill","7.6","1","76","78.54",,"81.08000000000001","unspecified"
"Mild Steel (Metric)","7.7mm Drill 118??","Stub & Jobber Drills (Metric)","drill","7.7","1","77","79.54",,"82.08000000000001","unspecified"
"Mild Steel (Metric)","7.8mm Drill 118??","Stub & Jobber Drills (Metric)","drill","7.8","1","78","80.54",,"83.08000000000001","unspecified"
"Mild Steel (Metric)","7.9mm Drill 118??","Stub & Jobber Drills (Metric)","drill","7.9","1","79","81.54",,"84.08000000000001","unspecified"
"Mild Steel (Metric)","8mm Drill 118??","Stub & Jobber Drills (Metric)","drill","8","1","80","82.54",,"85.08000000000001","unspecified"
"Mild Steel (Metric)","8.1mm Drill 118??","Stub & Jobber Drills (Metric)","drill","8.1","1","81","83.54",,"86.08000000000001","unspecified"
"Mild Steel (Metric)","8.2mm Drill 118??","Stub & Jobber Drills (Metric)","drill","8.2","1","82","84.54",,"87.08000000000001","unspecified"
"Mild Steel (Metric)","8.3mm Drill 118??","Stub & Jobber Drills (Metric)","drill","8.3","1","83","85.54",,"88.08000000000001","unspecified"
"Mild Steel (Metric)","8.4mm Drill 118??","Stub & Jobber Drills (Metric)","drill","8.4","1","84","86.54",,"89.08000000000001","unspecified"
"Mild Steel (Metric)","8.5mm Drill 118??","Stub & Jobber Drills (Metric)","drill","8.5","1","85","87.54",,"90.08","unspecified"
"Mild Steel (Metric)","8.6mm Drill 118??","Stub & Jobber Drills (Metric)","drill","8.6","1","86","88.54",,"91.08","unspecified"
"Mild Steel (Metric)","8.7mm Drill 118??","Stub & Jobber Drills (Metric)","drill","8.7","1","87","89.54",,"92.08","unspecified"
"Mild Steel (Metric)","8.8mm Drill 118??","Stub & Jobber Drills (Metric)","drill","8.8","1","88","90.54",,"93.08","unspecified"
"Mild Steel (Metric)","8.9mm Drill 118??","Stub & Jobber Drills (Metric)","drill","8.9","1","89","91.54",,"94.08","unspecified"
"Mild Steel (Metric)","9mm Drill 118??","Stub & Jobber Drills (Metric)","drill","9","1","90","92.54",,"95.08","unspecified"
"Mild Steel (Metric)","9.1mm Drill 118??","Stub & Jobber Drills (Metric)","drill","9.1","1","91","93.54",,"96.08","unspecified"
"Mild Steel (Metric)","9.2mm Drill 118??","Stub & Jobber Drills (Metric)","drill","9.2","1","92","94.54",,"97.08","unspecified"
"Mild Steel (Metric)","9.3mm Drill 118??","Stub & Jobber Drills (Metric)","drill","9.3","1","93","95.54",,"98.08","unspecified"
"Mild Steel (Metric)","9.4mm Drill 118??","Stub & Jobber Drills (Metric)","drill","9.4","1","94","96.54",,"99.08","unspecified"
"Mild Steel (Metric)","9.5mm Drill 118??","Stub & Jobber Drills (Metric)","drill","9.5","1","95","97.54",,"100.08","unspecified"
"Mild Steel (Metric)","9.6mm Drill 118??","Stub & Jobber Drills (Metric)","drill","9.6","1","96","98.54",,"101.08","unspecified"
"Mild Steel (Metric)","9.7mm Drill 118??","Stub & Jobber Drills (Metric)","drill","9.7","1","97","99.54",,"102.08","unspecified"
"Mild Steel (Metric)","9.8mm Drill 118??","Stub & Jobber Drills (Metric)","drill","9.8","1","98","100.54",,"103.08","unspecified"
"Mild Steel (Metric)","9.9mm Drill 118??","Stub & Jobber Drills (Metric)","drill","9.9","1","99","101.54",,"104.08","unspecified"
"Mild Steel (Metric)","10mm Drill 118??","Stub & Jobber Drills (Metric)","drill","10","1","100","102.54",,"105.08","unspecified"
"Mild Steel (Metric)","10mm Drill 118??","Stub & Jobber Drills (Metric)","drill","10.2","1","102","104.54",,"107.08","unspecified"
"Mild Steel (Metric)","11mm Drill 118??","Stub & Jobber Drills (Metric)","drill","10.5","1","105","107.54",,"110.08","unspecified"
"Mild Steel (Metric)","11mm Drill 118??","Stub & Jobber Drills (Metric)","drill","10.8","1","108","110.54",,"113.08","unspecified"
"Mild Steel (Metric)","11mm Drill 118??","Stub & Jobber Drills (Metric)","drill","11","1","110","112.54",,"115.08","unspecified"
"Mild Steel (Metric)","11mm Drill 118??","Stub & Jobber Drills (Metric)","drill","11.2","1","112","114.54",,"117.08","unspecified"
"Mild Steel (Metric)","12mm Drill 118??","Stub & Jobber Drills (Metric)","drill","11.5","1","115","117.54",,"120.08","unspecified"
"Mild Steel (Metric)","12mm Drill 118??","Stub & Jobber Drills (Metric)","drill","11.8","1","118","120.54",,"123.08","unspecified"
"Mild Steel (Metric)","12mm Drill 118??","Stub & Jobber Drills (Metric)","drill","12","1","120","122.54",,"125.08","unspecified"
"Mild Steel (Metric)","12mm Drill 118??","Stub & Jobber Drills (Metric)","drill","12.2","1","122","124.54",,"127.08","unspecified"
"Mild Steel (Metric)","13mm Drill 118??","Stub & Jobber Drills (Metric)","drill","12.5","1","125","127.54",,"130.08","unspecified"
"Mild Steel (Metric)","13mm Drill 118??","Stub & Jobber Drills (Metric)","drill","12.8","1","128","130.54",,"133.08","unspecified"
"Mild Steel (Metric)","13mm Drill 118??","Stub & Jobber Drills (Metric)","drill","13","1","130","132.54",,"135.08","unspecified"
"Mild Steel (Metric)","13mm Drill 118??","Stub & Jobber Drills (Metric)","drill","13.2","1","132","134.54",,"137.08","unspecified"
"Mild Steel (Metric)","14mm Drill 118??","Stub & Jobber Drills (Metric)","drill","13.5","1","135","137.54",,"140.08","unspecified"
"Mild Steel (Metric)","14mm Drill 118??","Stub & Jobber Drills (Metric)","drill","13.8","1","138","140.54",,"143.08","unspecified"
"Mild Steel (Metric)","14mm Drill 118??","Stub & Jobber Drills (Metric)","drill","14","1","140","142.54",,"145.08","unspecified"
"Mild Steel (Metric)","14mm Drill 118??","Stub & Jobber Drills (Metric)","drill","14.25","1","142.5","145.04",,"147.58","unspecified"
"Mild Steel (Metric)","15mm Drill 118??","Stub & Jobber Drills (Metric)","drill","14.5","1","145","147.54",,"150.08","unspecified"
"Mild Steel (Metric)","15mm Drill 118??","Stub & Jobber Drills (Metric)","drill","14.75","1","147.5","150.04",,"152.58","unspecified"
"Mild Steel (Metric)","15mm Drill 118??","Stub & Jobber Drills (Metric)","drill","15","1","150","152.54",,"155.08","unspecified"
"Mild Steel (Metric)","15mm Drill 118??","Stub & Jobber Drills (Metric)","drill","15.25","1","152.5","155.04",,"157.58","unspecified"
"Mild Steel (Metric)","16mm Drill 118??","Stub & Jobber Drills (Metric)","drill","15.5","1","155","157.54",,"160.08","unspecified"
"Mild Steel (Metric)","16mm Drill 118??","Stub & Jobber Drills (Metric)","drill","15.75","1","157.5","160.04",,"162.58","unspecified"
"Mild Steel (Metric)","16mm Drill 118??","Stub & Jobber Drills (Metric)","drill","16","1","160","162.54",,"165.08","unspecified"
"Mild Steel (Metric)","16mm Drill 118??","Stub & Jobber Drills (Metric)","drill","16.25","1","162.5","165.04",,"167.58","unspecified"
"Mild Steel (Metric)","17mm Drill 118??","Stub & Jobber Drills (Metric)","drill","16.5","1","165","167.54",,"170.08","unspecified"
"Mild Steel (Metric)","17mm Drill 118??","Stub & Jobber Drills (Metric)","drill","16.75","1","167.5","170.04",,"172.58","unspecified"
"Mild Steel (Metric)","17mm Drill 118??","Stub & Jobber Drills (Metric)","drill","17","1","170","172.54",,"175.08","unspecified"
"Mild Steel (Metric)","17mm Drill 118??","Stub & Jobber Drills (Metric)","drill","17.25","1","172.5","175.04",,"177.58","unspecified"
"Mild Steel (Metric)","18mm Drill 118??","Stub & Jobber Drills (Metric)","drill","17.5","1","175","177.54",,"180.08","unspecified"
"Mild Steel (Metric)","18mm Drill 118??","Stub & Jobber Drills (Metric)","drill","18","1","180","182.54",,"185.08","unspecified"
"Mild Steel (Metric)","19mm Drill 118??","Stub & Jobber Drills (Metric)","drill","18.5","1","185","187.54",,"190.08","unspecified"
"Mild Steel (Metric)","19mm Drill 118??","Stub & Jobber Drills (Metric)","drill","19","1","190","192.54",,"195.08","unspecified"
"Mild Steel (Metric)","20mm Drill 118??","Stub & Jobber Drills (Metric)","drill","19.5","1","195","197.54",,"200.08","unspecified"
"Mild Steel (Metric)","20mm Drill 118??","Stub & Jobber Drills (Metric)","drill","20","1","200","202.54",,"205.08","unspecified"
"Mild Steel (Metric)","21mm Drill 118??","Stub & Jobber Drills (Metric)","drill","20.5","1","205","207.54",,"210.08","unspecified"
"Mild Steel (Metric)","21mm Drill 118??","Stub & Jobber Drills (Metric)","drill","21","1","210","212.54",,"215.08","unspecified"
"Mild Steel (Metric)","22mm Drill 118??","Stub & Jobber Drills (Metric)","drill","21.5","1","215","217.54",,"220.08","unspecified"
"Mild Steel (Metric)","22mm Drill 118??","Stub & Jobber Drills (Metric)","drill","22","1","220","222.54",,"225.08","unspecified"
"Mild Steel (Metric)","23mm Drill 118??","Stub & Jobber Drills (Metric)","drill","22.5","1","225","227.54",,"230.08","unspecified"
"Mild Steel (Metric)","23mm Drill 118??","Stub & Jobber Drills (Metric)","drill","23","1","230","232.54",,"235.08","unspecified"
"Mild Steel (Metric)","24mm Drill 118??","Stub & Jobber Drills (Metric)","drill","23.5","1","235","237.54",,"240.08","unspecified"
"Mild Steel (Metric)","24mm Drill 118??","Stub & Jobber Drills (Metric)","drill","24","1","240","242.54",,"245.08","unspecified"
"Mild Steel (Metric)","25mm Drill 118??","Stub & Jobber Drills (Metric)","drill","24.5","1","245","247.54",,"250.08","unspecified"
"Mild Steel (Metric)","25mm Drill 118??","Stub & Jobber Drills (Metric)","drill","25","1","250","252.54",,"255.08","unspecified"
"Mild Steel (Metric)","26mm Drill 118??","Stub & Jobber Drills (Metric)","drill","25.5","1","255","257.54",,"260.08","unspecified"
"Mild Steel (Metric)","0.15mm Drill 135??","Stub & Jobber Drills (Metric)","drill","0.15","1","0.75","3.29",,"5.83","unspecified"
"Mild Steel (Metric)","0.16mm Drill 135??","Stub & Jobber Drills (Metric)","drill","0.16","1","0.8","3.340000000000001",,"5.880000000000001","unspecified"
"Mild Steel (Metric)","0.17mm Drill 135??","Stub & Jobber Drills (Metric)","drill","0.17","1","0.8500000000000001","3.390000000000001",,"5.930000000000001","unspecified"
"Mild Steel (Metric)","0.18mm Drill 135??","Stub & Jobber Drills (Metric)","drill","0.18","1","0.8999999999999999","3.44",,"5.98","unspecified"
"Mild Steel (Metric)","0.19mm Drill 135??","Stub & Jobber Drills (Metric)","drill","0.19","1","0.95","3.49",,"6.03","unspecified"
"Mild Steel (Metric)","0.2mm Drill 135??","Stub & Jobber Drills (Metric)","drill","0.2","1","1","3.54",,"6.080000000000001","unspecified"
"Mild Steel (Metric)","0.22mm Drill 135??","Stub & Jobber Drills (Metric)","drill","0.22","1","1.1","3.64",,"6.18","unspecified"
"Mild Steel (Metric)","0.25mm Drill 135??","Stub & Jobber Drills (Metric)","drill","0.25","1","1.25","3.79",,"6.330000000000001","unspecified"
"Mild Steel (Metric)","0.28mm Drill 135??","Stub & Jobber Drills (Metric)","drill","0.28","1","1.4","3.940000000000001",,"6.480000000000001","unspecified"
"Mild Steel (Metric)","0.3mm Drill 135??","Stub & Jobber Drills (Metric)","drill","0.3","1","1.5","4.04",,"6.58","unspecified"
"Mild Steel (Metric)","0.32mm Drill 135??","Stub & Jobber Drills (Metric)","drill","0.32","1","1.6","4.140000000000001",,"6.68","unspecified"
"Mild Steel (Metric)","0.35mm Drill 135??","Stub & Jobber Drills (Metric)","drill","0.35","1","1.75","4.29",,"6.83","unspecified"
"Mild Steel (Metric)","0.38mm Drill 135??","Stub & Jobber Drills (Metric)","drill","0.38","1","1.9","4.440000000000001",,"6.980000000000002","unspecified"
"Mild Steel (Metric)","0.4mm Drill 135??","Stub & Jobber Drills (Metric)","drill","0.4","1","2","4.540000000000001",,"7.08","unspecified"
"Mild Steel (Metric)","0.42mm Drill 135??","Stub & Jobber Drills (Metric)","drill","0.42","1","2.1","4.640000000000001",,"7.18","unspecified"
"Mild Steel (Metric)","0.45mm Drill 135??","Stub & Jobber Drills (Metric)","drill","0.45","1","2.25","4.790000000000001",,"7.33","unspecified"
"Mild Steel (Metric)","0.48mm Drill 135??","Stub & Jobber Drills (Metric)","drill","0.48","1","2.4","4.94",,"7.479999999999999","unspecified"
"Mild Steel (Metric)","0.5mm Drill 135??","Stub & Jobber Drills (Metric)","drill","0.5","1","2.5","5.040000000000001",,"7.58","unspecified"
"Mild Steel (Metric)","0.55mm Drill 135??","Stub & Jobber Drills (Metric)","drill","0.55","1","2.75","5.290000000000001",,"7.83","unspecified"
"Mild Steel (Metric)","0.6mm Drill 135??","Stub & Jobber Drills (Metric)","drill","0.6","1","3","5.540000000000001",,"8.08","unspecified"
"Mild Steel (Metric)","0.65mm Drill 135??","Stub & Jobber Drills (Metric)","drill","0.65","1","3.25","5.789999999999998",,"8.329999999999998","unspecified"
"Mild Steel (Metric)","0.7mm Drill 135??","Stub & Jobber Drills (Metric)","drill","0.7","1","3.5","6.039999999999999",,"8.58","unspecified"
"Mild Steel (Metric)","0.75mm Drill 135??","Stub & Jobber Drills (Metric)","drill","0.75","1","3.75","6.289999999999998",,"8.830000000000002","unspecified"
"Mild Steel (Metric)","0.8mm Drill 135??","Stub & Jobber Drills (Metric)","drill","0.8","1","4","6.539999999999999",,"9.080000000000002","unspecified"
"Mild Steel (Metric)","0.85mm Drill 135??","Stub & Jobber Drills (Metric)","drill","0.85","1","4.25","6.789999999999999",,"9.330000000000002","unspecified"
"Mild Steel (Metric)","0.9mm Drill 135??","Stub & Jobber Drills (Metric)","drill","0.9","1","4.5","7.039999999999999",,"9.580000000000002","unspecified"
"Mild Steel (Metric)","0.95mm Drill 135??","Stub & Jobber Drills (Metric)","drill","0.95","1","4.75","7.289999999999999",,"9.830000000000002","unspecified"
"Mild Steel (Metric)","1mm Drill 135??","Stub & Jobber Drills (Metric)","drill","1","1","5","7.539999999999999",,"10.08","unspecified"
"Mild Steel (Metric)","1.1mm Drill 135??","Stub & Jobber Drills (Metric)","drill","1.05","1","5.25","7.789999999999999",,"10.33","unspecified"
"Mild Steel (Metric)","1.1mm Drill 135??","Stub & Jobber Drills (Metric)","drill","1.1","1","5.5","8.04",,"10.58","unspecified"
"Mild Steel (Metric)","1.1mm Drill 135??","Stub & Jobber Drills (Metric)","drill","1.15","1","5.75","8.289999999999997",,"10.83","unspecified"
"Mild Steel (Metric)","1.2mm Drill 135??","Stub & Jobber Drills (Metric)","drill","1.2","1","6","8.54",,"11.08","unspecified"
"Mild Steel (Metric)","1.3mm Drill 135??","Stub & Jobber Drills (Metric)","drill","1.25","1","6.25","8.789999999999997",,"11.33","unspecified"
"Mild Steel (Metric)","1.3mm Drill 135??","Stub & Jobber Drills (Metric)","drill","1.3","1","6.5","9.04",,"11.58","unspecified"
"Mild Steel (Metric)","1.4mm Drill 135??","Stub & Jobber Drills (Metric)","drill","1.35","1","6.75","9.29",,"11.83","unspecified"
"Mild Steel (Metric)","1.4mm Drill 135??","Stub & Jobber Drills (Metric)","drill","1.4","1","7","9.540000000000004",,"12.08","unspecified"
"Mild Steel (Metric)","1.4mm Drill 135??","Stub & Jobber Drills (Metric)","drill","1.45","1","7.25","9.79",,"12.33","unspecified"
"Mild Steel (Metric)","1.5mm Drill 135??","Stub & Jobber Drills (Metric)","drill","1.5","1","7.5","10.04",,"12.58","unspecified"
"Mild Steel (Metric)","1.6mm Drill 135??","Stub & Jobber Drills (Metric)","drill","1.55","1","7.75","10.29",,"12.83","unspecified"
"Mild Steel (Metric)","1.6mm Drill 135??","Stub & Jobber Drills (Metric)","drill","1.6","1","8","10.54",,"13.08","unspecified"
"Mild Steel (Metric)","1.6mm Drill 135??","Stub & Jobber Drills (Metric)","drill","1.65","1","8.25","10.79",,"13.33","unspecified"
"Mild Steel (Metric)","1.7mm Drill 135??","Stub & Jobber Drills (Metric)","drill","1.7","1","8.5","11.04",,"13.58","unspecified"
"Mild Steel (Metric)","1.8mm Drill 135??","Stub & Jobber Drills (Metric)","drill","1.75","1","8.75","11.29",,"13.83","unspecified"
"Mild Steel (Metric)","1.8mm Drill 135??","Stub & Jobber Drills (Metric)","drill","1.8","1","9","11.54",,"14.08","unspecified"
"Mild Steel (Metric)","1.9mm Drill 135??","Stub & Jobber Drills (Metric)","drill","1.85","1","9.25","11.79",,"14.33","unspecified"
"Mild Steel (Metric)","1.9mm Drill 135??","Stub & Jobber Drills (Metric)","drill","1.9","1","9.5","12.04",,"14.58","unspecified"
"Mild Steel (Metric)","1.9mm Drill 135??","Stub & Jobber Drills (Metric)","drill","1.95","1","9.75","12.29",,"14.83","unspecified"
"Mild Steel (Metric)","2mm Drill 135??","Stub & Jobber Drills (Metric)","drill","2","1","10","12.54",,"15.08","unspecified"
"Mild Steel (Metric)","2mm Drill 135??","Stub & Jobber Drills (Metric)","drill","2.05","1","10.25","12.79",,"15.33","unspecified"
"Mild Steel (Metric)","2.1mm Drill 135??","Stub & Jobber Drills (Metric)","drill","2.1","1","10.5","13.04",,"15.58","unspecified"
"Mild Steel (Metric)","2.1mm Drill 135??","Stub & Jobber Drills (Metric)","drill","2.15","1","10.75","13.29",,"15.83","unspecified"
"Mild Steel (Metric)","2.2mm Drill 135??","Stub & Jobber Drills (Metric)","drill","2.2","1","11","13.54",,"16.08","unspecified"
"Mild Steel (Metric)","2.3mm Drill 135??","Stub & Jobber Drills (Metric)","drill","2.25","1","11.25","13.79",,"16.33","unspecified"
"Mild Steel (Metric)","2.3mm Drill 135??","Stub & Jobber Drills (Metric)","drill","2.3","1","11.5","14.04",,"16.58","unspecified"
"Mild Steel (Metric)","2.4mm Drill 135??","Stub & Jobber Drills (Metric)","drill","2.35","1","11.75","14.29",,"16.82999999999999","unspecified"
"Mild Steel (Metric)","2.4mm Drill 135??","Stub & Jobber Drills (Metric)","drill","2.4","1","12","14.54",,"17.08","unspecified"
"Mild Steel (Metric)","2.5mm Drill 135??","Stub & Jobber Drills (Metric)","drill","2.45","1","12.25","14.79",,"17.32999999999999","unspecified"
"Mild Steel (Metric)","2.5mm Drill 135??","Stub & Jobber Drills (Metric)","drill","2.5","1","12.5","15.04",,"17.58","unspecified"
"Mild Steel (Metric)","2.6mm Drill 135??","Stub & Jobber Drills (Metric)","drill","2.6","1","13","15.54",,"18.08","unspecified"
"Mild Steel (Metric)","2.7mm Drill 135??","Stub & Jobber Drills (Metric)","drill","2.7","1","13.5","16.04",,"18.58000000000001","unspecified"
"Mild Steel (Metric)","2.8mm Drill 135??","Stub & Jobber Drills (Metric)","drill","2.8","1","14","16.54",,"19.08000000000001","unspecified"
"Mild Steel (Metric)","2.9mm Drill 135??","Stub & Jobber Drills (Metric)","drill","2.9","1","14.5","17.04",,"19.58000000000001","unspecified"
"Mild Steel (Metric)","3mm Drill 135??","Stub & Jobber Drills (Metric)","drill","3","1","15","17.54",,"20.08000000000001","unspecified"
"Mild Steel (Metric)","3.1mm Drill 135??","Stub & Jobber Drills (Metric)","drill","3.1","1","15.5","18.04",,"20.58000000000001","unspecified"
"Mild Steel (Metric)","3.2mm Drill 135??","Stub & Jobber Drills (Metric)","drill","3.2","1","16","18.54",,"21.08000000000001","unspecified"
"Mild Steel (Metric)","3.3mm Drill 135??","Stub & Jobber Drills (Metric)","drill","3.3","1","16.5","19.04000000000001",,"21.58000000000001","unspecified"
"Mild Steel (Metric)","3.4mm Drill 135??","Stub & Jobber Drills (Metric)","drill","3.4","1","17","19.54000000000001",,"22.08000000000001","unspecified"
"Mild Steel (Metric)","3.5mm Drill 135??","Stub & Jobber Drills (Metric)","drill","3.5","1","17.5","20.04000000000001",,"22.58000000000001","unspecified"
"Mild Steel (Metric)","3.6mm Drill 135??","Stub & Jobber Drills (Metric)","drill","3.6","1","18","20.54000000000001",,"23.08000000000001","unspecified"
"Mild Steel (Metric)","3.7mm Drill 135??","Stub & Jobber Drills (Metric)","drill","3.7","1","18.5","21.04000000000001",,"23.58000000000001","unspecified"
"Mild Steel (Metric)","3.8mm Drill 135??","Stub & Jobber Drills (Metric)","drill","3.8","1","19","21.54000000000001",,"24.08000000000001","unspecified"
"Mild Steel (Metric)","3.9mm Drill 135??","Stub & Jobber Drills (Metric)","drill","3.9","1","19.5","22.04000000000001",,"24.58000000000001","unspecified"
"Mild Steel (Metric)","4mm Drill 135??","Stub & Jobber Drills (Metric)","drill","4","1","20","22.54000000000001",,"25.08000000000001","unspecified"
"Mild Steel (Metric)","4.1mm Drill 135??","Stub & Jobber Drills (Metric)","drill","4.1","1","20.5","23.04000000000001",,"25.58000000000001","unspecified"
"Mild Steel (Metric)","4.2mm Drill 135??","Stub & Jobber Drills (Metric)","drill","4.2","1","21","23.54000000000001",,"26.08000000000001","unspecified"
"Mild Steel (Metric)","4.3mm Drill 135??","Stub & Jobber Drills (Metric)","drill","4.3","1","21.5","24.04000000000001",,"26.58000000000001","unspecified"
"Mild Steel (Metric)","4.4mm Drill 135??","Stub & Jobber Drills (Metric)","drill","4.4","1","22","24.54000000000001",,"27.08000000000001","unspecified"
"Mild Steel (Metric)","4.5mm Drill 135??","Stub & Jobber Drills (Metric)","drill","4.5","1","22.5","25.04000000000001",,"27.58000000000001","unspecified"
"Mild Steel (Metric)","4.6mm Drill 135??","Stub & Jobber Drills (Metric)","drill","4.6","1","23","25.54000000000001",,"28.08000000000001","unspecified"
"Mild Steel (Metric)","4.7mm Drill 135??","Stub & Jobber Drills (Metric)","drill","4.7","1","23.5","26.04000000000001",,"28.58000000000001","unspecified"
"Mild Steel (Metric)","4.8mm Drill 135??","Stub & Jobber Drills (Metric)","drill","4.8","1","24","26.54000000000001",,"29.08000000000001","unspecified"
"Mild Steel (Metric)","4.9mm Drill 135??","Stub & Jobber Drills (Metric)","drill","4.9","1","24.5","27.04000000000001",,"29.58000000000001","unspecified"
"Mild Steel (Metric)","5mm Drill 135??","Stub & Jobber Drills (Metric)","drill","5","1","25","27.54000000000001",,"30.08000000000001","unspecified"
"Mild Steel (Metric)","5.1mm Drill 135??","Stub & Jobber Drills (Metric)","drill","5.1","1","25.5","28.04000000000001",,"30.58000000000001","unspecified"
"Mild Steel (Metric)","5.2mm Drill 135??","Stub & Jobber Drills (Metric)","drill","5.2","1","26","28.54000000000001",,"31.08000000000001","unspecified"
"Mild Steel (Metric)","5.3mm Drill 135??","Stub & Jobber Drills (Metric)","drill","5.3","1","26.5","29.04000000000001",,"31.58000000000001","unspecified"
"Mild Steel (Metric)","5.4mm Drill 135??","Stub & Jobber Drills (Metric)","drill","5.4","1","27","29.54000000000001",,"32.08000000000001","unspecified"
"Mild Steel (Metric)","5.5mm Drill 135??","Stub & Jobber Drills (Metric)","drill","5.5","1","27.5","30.04000000000001",,"32.58000000000001","unspecified"
"Mild Steel (Metric)","5.6mm Drill 135??","Stub & Jobber Drills (Metric)","drill","5.6","1","28","30.54000000000001",,"33.08000000000001","unspecified"
"Mild Steel (Metric)","5.7mm Drill 135??","Stub & Jobber Drills (Metric)","drill","5.7","1","28.5","31.04000000000001",,"33.58000000000001","unspecified"
"Mild Steel (Metric)","5.8mm Drill 135??","Stub & Jobber Drills (Metric)","drill","5.8","1","29","31.54000000000001",,"34.08000000000001","unspecified"
"Mild Steel (Metric)","5.9mm Drill 135??","Stub & Jobber Drills (Metric)","drill","5.9","1","29.5","32.04000000000001",,"34.58","unspecified"
"Mild Steel (Metric)","6mm Drill 135??","Stub & Jobber Drills (Metric)","drill","6","1","30","32.54000000000001",,"35.08","unspecified"
"Mild Steel (Metric)","6.1mm Drill 135??","Stub & Jobber Drills (Metric)","drill","6.1","1","30.5","33.04000000000001",,"35.58","unspecified"
"Mild Steel (Metric)","6.2mm Drill 135??","Stub & Jobber Drills (Metric)","drill","6.2","1","31","33.54000000000001",,"36.08","unspecified"
"Mild Steel (Metric)","6.3mm Drill 135??","Stub & Jobber Drills (Metric)","drill","6.3","1","31.5","34.04000000000001",,"36.58","unspecified"
"Mild Steel (Metric)","6.4mm Drill 135??","Stub & Jobber Drills (Metric)","drill","6.4","1","32","34.54000000000001",,"37.08","unspecified"
"Mild Steel (Metric)","6.5mm Drill 135??","Stub & Jobber Drills (Metric)","drill","6.5","1","32.5","35.04000000000001",,"37.58000000000001","unspecified"
"Mild Steel (Metric)","6.6mm Drill 135??","Stub & Jobber Drills (Metric)","drill","6.6","1","33","35.54000000000001",,"38.08000000000001","unspecified"
"Mild Steel (Metric)","6.7mm Drill 135??","Stub & Jobber Drills (Metric)","drill","6.7","1","33.5","36.04000000000002",,"38.58000000000001","unspecified"
"Mild Steel (Metric)","6.8mm Drill 135??","Stub & Jobber Drills (Metric)","drill","6.8","1","34","36.54000000000002",,"39.08000000000001","unspecified"
"Mild Steel (Metric)","6.9mm Drill 135??","Stub & Jobber Drills (Metric)","drill","6.9","1","34.5","37.04000000000002",,"39.58000000000001","unspecified"
"Mild Steel (Metric)","7mm Drill 135??","Stub & Jobber Drills (Metric)","drill","7","1","35","37.54000000000001",,"40.08000000000001","unspecified"
"Mild Steel (Metric)","7.1mm Drill 135??","Stub & Jobber Drills (Metric)","drill","7.1","1","35.5","38.04000000000001",,"40.58000000000001","unspecified"
"Mild Steel (Metric)","7.2mm Drill 135??","Stub & Jobber Drills (Metric)","drill","7.2","1","36","38.54000000000001",,"41.08000000000001","unspecified"
"Mild Steel (Metric)","7.3mm Drill 135??","Stub & Jobber Drills (Metric)","drill","7.3","1","36.5","39.04000000000001",,"41.58000000000001","unspecified"
"Mild Steel (Metric)","7.4mm Drill 135??","Stub & Jobber Drills (Metric)","drill","7.4","1","37","39.54000000000001",,"42.08000000000001","unspecified"
"Mild Steel (Metric)","7.5mm Drill 135??","Stub & Jobber Drills (Metric)","drill","7.5","1","37.5","40.04000000000001",,"42.58000000000001","unspecified"
"Mild Steel (Metric)","7.6mm Drill 135??","Stub & Jobber Drills (Metric)","drill","7.6","1","38","40.54000000000001",,"43.08000000000001","unspecified"
"Mild Steel (Metric)","7.7mm Drill 135??","Stub & Jobber Drills (Metric)","drill","7.7","1","38.5","41.04000000000001",,"43.58000000000001","unspecified"
"Mild Steel (Metric)","7.8mm Drill 135??","Stub & Jobber Drills (Metric)","drill","7.8","1","39","41.54000000000001",,"44.08000000000001","unspecified"
"Mild Steel (Metric)","7.9mm Drill 135??","Stub & Jobber Drills (Metric)","drill","7.9","1","39.5","42.04000000000001",,"44.58000000000001","unspecified"
"Mild Steel (Metric)","8mm Drill 135??","Stub & Jobber Drills (Metric)","drill","8","1","40","42.54000000000001",,"45.08000000000001","unspecified"
"Mild Steel (Metric)","8.1mm Drill 135??","Stub & Jobber Drills (Metric)","drill","8.1","1","40.5","43.04000000000001",,"45.58000000000001","unspecified"
"Mild Steel (Metric)","8.2mm Drill 135??","Stub & Jobber Drills (Metric)","drill","8.2","1","41","43.54000000000001",,"46.08000000000001","unspecified"
"Mild Steel (Metric)","8.3mm Drill 135??","Stub & Jobber Drills (Metric)","drill","8.3","1","41.5","44.04000000000001",,"46.58000000000001","unspecified"
"Mild Steel (Metric)","8.4mm Drill 135??","Stub & Jobber Drills (Metric)","drill","8.4","1","42","44.54000000000001",,"47.08000000000001","unspecified"
"Mild Steel (Metric)","8.5mm Drill 135??","Stub & Jobber Drills (Metric)","drill","8.5","1","42.5","45.04000000000001",,"47.58","unspecified"
"Mild Steel (Metric)","8.6mm Drill 135??","Stub & Jobber Drills (Metric)","drill","8.6","1","43","45.54000000000001",,"48.08","unspecified"
"Mild Steel (Metric)","8.7mm Drill 135??","Stub & Jobber Drills (Metric)","drill","8.7","1","43.5","46.04000000000001",,"48.58","unspecified"
"Mild Steel (Metric)","8.8mm Drill 135??","Stub & Jobber Drills (Metric)","drill","8.8","1","44","46.54000000000001",,"49.08","unspecified"
"Mild Steel (Metric)","8.9mm Drill 135??","Stub & Jobber Drills (Metric)","drill","8.9","1","44.5","47.04000000000001",,"49.58","unspecified"
"Mild Steel (Metric)","9mm Drill 135??","Stub & Jobber Drills (Metric)","drill","9","1","45","47.54000000000001",,"50.08","unspecified"
"Mild Steel (Metric)","9.1mm Drill 135??","Stub & Jobber Drills (Metric)","drill","9.1","1","45.5","48.04000000000001",,"50.58","unspecified"
"Mild Steel (Metric)","9.2mm Drill 135??","Stub & Jobber Drills (Metric)","drill","9.2","1","46","48.54000000000001",,"51.08","unspecified"
"Mild Steel (Metric)","9.3mm Drill 135??","Stub & Jobber Drills (Metric)","drill","9.3","1","46.5","49.04000000000001",,"51.58","unspecified"
"Mild Steel (Metric)","9.4mm Drill 135??","Stub & Jobber Drills (Metric)","drill","9.4","1","47","49.54000000000001",,"52.08","unspecified"
"Mild Steel (Metric)","9.5mm Drill 135??","Stub & Jobber Drills (Metric)","drill","9.5","1","47.5","50.04000000000001",,"52.58","unspecified"
"Mild Steel (Metric)","9.6mm Drill 135??","Stub & Jobber Drills (Metric)","drill","9.6","1","48","50.54000000000001",,"53.08","unspecified"
"Mild Steel (Metric)","9.7mm Drill 135??","Stub & Jobber Drills (Metric)","drill","9.7","1","48.5","51.04000000000001",,"53.58","unspecified"
"Mild Steel (Metric)","9.8mm Drill 135??","Stub & Jobber Drills (Metric)","drill","9.8","1","49","51.54000000000001",,"54.08","unspecified"
"Mild Steel (Metric)","9.9mm Drill 135??","Stub & Jobber Drills (Metric)","drill","9.9","1","49.5","52.04000000000001",,"54.58","unspecified"
"Mild Steel (Metric)","10mm Drill 135??","Stub & Jobber Drills (Metric)","drill","10","1","50","52.54000000000001",,"55.08","unspecified"
"Mild Steel (Metric)","10mm Drill 135??","Stub & Jobber Drills (Metric)","drill","10.2","1","51","53.54000000000001",,"56.08","unspecified"
"Mild Steel (Metric)","11mm Drill 135??","Stub & Jobber Drills (Metric)","drill","10.5","1","52.5","55.04000000000001",,"57.58","unspecified"
"Mild Steel (Metric)","11mm Drill 135??","Stub & Jobber Drills (Metric)","drill","10.8","1","54","56.54000000000001",,"59.08","unspecified"
"Mild Steel (Metric)","11mm Drill 135??","Stub & Jobber Drills (Metric)","drill","11","1","55","57.54000000000001",,"60.08","unspecified"
"Mild Steel (Metric)","11mm Drill 135??","Stub & Jobber Drills (Metric)","drill","11.2","1","56","58.54000000000001",,"61.08","unspecified"
"Mild Steel (Metric)","12mm Drill 135??","Stub & Jobber Drills (Metric)","drill","11.5","1","57.5","60.04000000000001",,"62.58","unspecified"
"Mild Steel (Metric)","12mm Drill 135??","Stub & Jobber Drills (Metric)","drill","11.8","1","59","61.54000000000001",,"64.08","unspecified"
"Mild Steel (Metric)","12mm Drill 135??","Stub & Jobber Drills (Metric)","drill","12","1","60","62.54000000000001",,"65.08","unspecified"
"Mild Steel (Metric)","12mm Drill 135??","Stub & Jobber Drills (Metric)","drill","12.2","1","61","63.54000000000001",,"66.08","unspecified"
"Mild Steel (Metric)","13mm Drill 135??","Stub & Jobber Drills (Metric)","drill","12.5","1","62.5","65.04",,"67.58000000000001","unspecified"
"Mild Steel (Metric)","13mm Drill 135??","Stub & Jobber Drills (Metric)","drill","12.8","1","64","66.54000000000002",,"69.08000000000001","unspecified"
"Mild Steel (Metric)","13mm Drill 135??","Stub & Jobber Drills (Metric)","drill","13","1","65","67.54000000000002",,"70.08000000000001","unspecified"
"Mild Steel (Metric)","13mm Drill 135??","Stub & Jobber Drills (Metric)","drill","13.2","1","66","68.54000000000002",,"71.08000000000001","unspecified"
"Mild Steel (Metric)","14mm Drill 135??","Stub & Jobber Drills (Metric)","drill","13.5","1","67.5","70.04000000000002",,"72.58000000000001","unspecified"
"Mild Steel (Metric)","14mm Drill 135??","Stub & Jobber Drills (Metric)","drill","13.8","1","69","71.54000000000002",,"74.08000000000001","unspecified"
"Mild Steel (Metric)","14mm Drill 135??","Stub & Jobber Drills (Metric)","drill","14","1","70","72.54000000000002",,"75.08000000000001","unspecified"
"Mild Steel (Metric)","14mm Drill 135??","Stub & Jobber Drills (Metric)","drill","14.25","1","71.25","73.79000000000002",,"76.33000000000001","unspecified"
"Mild Steel (Metric)","15mm Drill 135??","Stub & Jobber Drills (Metric)","drill","14.5","1","72.5","75.04000000000002",,"77.58000000000001","unspecified"
"Mild Steel (Metric)","15mm Drill 135??","Stub & Jobber Drills (Metric)","drill","14.75","1","73.75","76.29000000000002",,"78.83000000000001","unspecified"
"Mild Steel (Metric)","15mm Drill 135??","Stub & Jobber Drills (Metric)","drill","15","1","75","77.54000000000002",,"80.08000000000001","unspecified"
"Mild Steel (Metric)","15mm Drill 135??","Stub & Jobber Drills (Metric)","drill","15.25","1","76.25","78.79000000000002",,"81.33000000000001","unspecified"
"Mild Steel (Metric)","16mm Drill 135??","Stub & Jobber Drills (Metric)","drill","15.5","1","77.5","80.04000000000002",,"82.58000000000001","unspecified"
"Mild Steel (Metric)","16mm Drill 135??","Stub & Jobber Drills (Metric)","drill","15.75","1","78.75","81.29000000000002",,"83.83000000000001","unspecified"
"Mild Steel (Metric)","16mm Drill 135??","Stub & Jobber Drills (Metric)","drill","16","1","80","82.54000000000002",,"85.08000000000001","unspecified"
"Mild Steel (Metric)","16mm Drill 135??","Stub & Jobber Drills (Metric)","drill","16.25","1","81.25","83.79000000000002",,"86.33000000000001","unspecified"
"Mild Steel (Metric)","17mm Drill 135??","Stub & Jobber Drills (Metric)","drill","16.5","1","82.5","85.04000000000002",,"87.58000000000001","unspecified"
"Mild Steel (Metric)","17mm Drill 135??","Stub & Jobber Drills (Metric)","drill","16.75","1","83.75","86.29000000000002",,"88.83000000000001","unspecified"
"Mild Steel (Metric)","17mm Drill 135??","Stub & Jobber Drills (Metric)","drill","17","1","85","87.54000000000002",,"90.08","unspecified"
"Mild Steel (Metric)","17mm Drill 135??","Stub & Jobber Drills (Metric)","drill","17.25","1","86.25","88.79000000000002",,"91.33","unspecified"
"Mild Steel (Metric)","18mm Drill 135??","Stub & Jobber Drills (Metric)","drill","17.5","1","87.5","90.04000000000002",,"92.58","unspecified"
"Mild Steel (Metric)","18mm Drill 135??","Stub & Jobber Drills (Metric)","drill","18","1","90","92.54",,"95.08","unspecified"
"Mild Steel (Metric)","19mm Drill 135??","Stub & Jobber Drills (Metric)","drill","18.5","1","92.5","95.04",,"97.58","unspecified"
"Mild Steel (Metric)","19mm Drill 135??","Stub & Jobber Drills (Metric)","drill","19","1","95","97.54",,"100.08","unspecified"
"Mild Steel (Metric)","20mm Drill 135??","Stub & Jobber Drills (Metric)","drill","19.5","1","97.5","100.04",,"102.58","unspecified"
"Mild Steel (Metric)","20mm Drill 135??","Stub & Jobber Drills (Metric)","drill","20","1","100","102.54",,"105.08","unspecified"
"Mild Steel (Metric)","21mm Drill 135??","Stub & Jobber Drills (Metric)","drill","20.5","1","102.5","105.04",,"107.58","unspecified"
"Mild Steel (Metric)","21mm Drill 135??","Stub & Jobber Drills (Metric)","drill","21","1","105","107.54",,"110.08","unspecified"
"Mild Steel (Metric)","22mm Drill 135??","Stub & Jobber Drills (Metric)","drill","21.5","1","107.5","110.04",,"112.58","unspecified"
"Mild Steel (Metric)","22mm Drill 135??","Stub & Jobber Drills (Metric)","drill","22","1","110","112.54",,"115.08","unspecified"
"Mild Steel (Metric)","23mm Drill 135??","Stub & Jobber Drills (Metric)","drill","22.5","1","112.5","115.04",,"117.58","unspecified"
"Mild Steel (Metric)","23mm Drill 135??","Stub & Jobber Drills (Metric)","drill","23","1","115","117.54",,"120.08","unspecified"
"Mild Steel (Metric)","24mm Drill 135??","Stub & Jobber Drills (Metric)","drill","23.5","1","117.5","120.04",,"122.58","unspecified"
"Mild Steel (Metric)","24mm Drill 135??","Stub & Jobber Drills (Metric)","drill","24","1","120","122.54",,"125.08","unspecified"
"Mild Steel (Metric)","25mm Drill 135??","Stub & Jobber Drills (Metric)","drill","24.5","1","122.5","125.04",,"127.58","unspecified"
"Mild Steel (Metric)","25mm Drill 135??","Stub & Jobber Drills (Metric)","drill","25","1","125","127.54",,"130.08","unspecified"
"Mild Steel (Metric)","26mm Drill 135??","Stub & Jobber Drills (Metric)","drill","25.5","1","127.5","130.04",,"132.58","unspecified"
"Mild Steel (Metric)","M1.2x0.25 Tap RH","Cut Taps (Metric)","tap right hand","1.2","2","8","21",,"41","unspecified"
"Mild Steel (Metric)","M1.6x0.35 Tap RH","Cut Taps (Metric)","tap right hand","1.6","2","8","21",,"41","unspecified"
"Mild Steel (Metric)","M2x0.4 Tap RH","Cut Taps (Metric)","tap right hand","2","2","8","21",,"41","unspecified"
"Mild Steel (Metric)","M2.2x0.45 Tap RH","Cut Taps (Metric)","tap right hand","2.2","2","9.5","24.5",,"44.5","unspecified"
"Mild Steel (Metric)","M2.5x0.45 Tap RH","Cut Taps (Metric)","tap right hand","2.5","2","9.5","24.5",,"44.5","unspecified"
"Mild Steel (Metric)","M3x0.5 Tap RH","Cut Taps (Metric)","tap right hand","3","2","11","28",,"48","unspecified"
"Mild Steel (Metric)","M3.5x0.6 Tap RH","Cut Taps (Metric)","tap right hand","3.5","2","11","28",,"48","unspecified"
"Mild Steel (Metric)","M4x0.7 Tap RH","Cut Taps (Metric)","tap right hand","4","2","13","33",,"53","unspecified"
"Mild Steel (Metric)","M5x0.8 Tap RH","Cut Taps (Metric)","tap right hand","5","2","16","38",,"58","unspecified"
"Mild Steel (Metric)","M6x1 Tap RH","Cut Taps (Metric)","tap right hand","6","2","19","46",,"66","unspecified"
"Mild Steel (Metric)","M7x1 Tap RH","Cut Taps (Metric)","tap right hand","7","2","19","46",,"66","unspecified"
"Mild Steel (Metric)","M8x1.25 Tap RH","Cut Taps (Metric)","tap right hand","8","2","22","52",,"72","unspecified"
"Mild Steel (Metric)","M8x1 Tap RH","Cut Taps (Metric)","tap right hand","8","2","22","52",,"72","unspecified"
"Mild Steel (Metric)","M10x1.5 Tap RH","Cut Taps (Metric)","tap right hand","10","2","24","60",,"80","unspecified"
"Mild Steel (Metric)","M10x1 Tap RH","Cut Taps (Metric)","tap right hand","10","2","24","60",,"80","unspecified"
"Mild Steel (Metric)","M10x1.25 Tap RH","Cut Taps (Metric)","tap right hand","10","2","24","60",,"80","unspecified"
"Mild Steel (Metric)","M12x1.75 Tap RH","Cut Taps (Metric)","tap right hand","12","2","29","69",,"89","unspecified"
"Mild Steel (Metric)","M12x1.25 Tap RH","Cut Taps (Metric)","tap right hand","12","2","29","69",,"89","unspecified"
"Mild Steel (Metric)","M12x1.5 Tap RH","Cut Taps (Metric)","tap right hand","12","2","29","69",,"89","unspecified"
"Mild Steel (Metric)","M14x2 Tap RH","Cut Taps (Metric)","tap right hand","14","2","30","75",,"95","unspecified"
"Mild Steel (Metric)","M14x1.5 Tap RH","Cut Taps (Metric)","tap right hand","14","2","30","75",,"95","unspecified"
"Mild Steel (Metric)","M16x2 Tap RH","Cut Taps (Metric)","tap right hand","16","2","32","82",,"102","unspecified"
"Mild Steel (Metric)","M16x1.5 Tap RH","Cut Taps (Metric)","tap right hand","16","2","32","82",,"102","unspecified"
"Mild Steel (Metric)","M18x2.5 Tap RH","Cut Taps (Metric)","tap right hand","18","2","37","92",,"112","unspecified"
"Mild Steel (Metric)","M18x1.5 Tap RH","Cut Taps (Metric)","tap right hand","18","2","37","92",,"112","unspecified"
"Mild Steel (Metric)","M18x2 Tap RH","Cut Taps (Metric)","tap right hand","18","2","37","92",,"112","unspecified"
"Mild Steel (Metric)","M20x2.5 Tap RH","Cut Taps (Metric)","tap right hand","20","2","37","92",,"112","unspecified"
"Mild Steel (Metric)","M20x1.5 Tap RH","Cut Taps (Metric)","tap right hand","20","2","37","92",,"112","unspecified"
"Mild Steel (Metric)","M20x2 Tap RH","Cut Taps (Metric)","tap right hand","20","2","37","92",,"112","unspecified"
"Mild Steel (Metric)","M22x2.5 Tap RH","Cut Taps (Metric)","tap right hand","22","2","38","98",,"118","unspecified"
"Mild Steel (Metric)","M22x1.5 Tap RH","Cut Taps (Metric)","tap right hand","22","2","38","98",,"118","unspecified"
"Mild Steel (Metric)","M22x2 Tap RH","Cut Taps (Metric)","tap right hand","22","2","38","98",,"118","unspecified"
"Mild Steel (Metric)","M24x3 Tap RH","Cut Taps (Metric)","tap right hand","24","2","45","110",,"130","unspecified"
"Mild Steel (Metric)","M24x2 Tap RH","Cut Taps (Metric)","tap right hand","24","2","45","110",,"130","unspecified"
"Mild Steel (Metric)","M27x3 Tap RH","Cut Taps (Metric)","tap right hand","27","2","45","115",,"135","unspecified"
"Mild Steel (Metric)","M27x2 Tap RH","Cut Taps (Metric)","tap right hand","27","2","45","115",,"135","unspecified"
"Mild Steel (Metric)","M30x3.5 Tap RH","Cut Taps (Metric)","tap right hand","30","2","48","118",,"138","unspecified"
"Mild Steel (Metric)","M30x2 Tap RH","Cut Taps (Metric)","tap right hand","30","2","48","118",,"138","unspecified"
"Mild Steel (Metric)","M33x2 Tap RH","Cut Taps (Metric)","tap right hand","33","2","51","131",,"151","unspecified"
"Mild Steel (Metric)","M33x3.5 Tap RH","Cut Taps (Metric)","tap right hand","33","2","51","131",,"151","unspecified"
"Mild Steel (Metric)","M36x4 Tap RH","Cut Taps (Metric)","tap right hand","36","2","57","142",,"162","unspecified"
"Mild Steel (Metric)","M36x2 Tap RH","Cut Taps (Metric)","tap right hand","36","2","57","142",,"162","unspecified"
"Mild Steel (Metric)","M36x3 Tap RH","Cut Taps (Metric)","tap right hand","36","2","57","142",,"162","unspecified"
"Mild Steel (Metric)","M39x2 Tap RH","Cut Taps (Metric)","tap right hand","39","2","60","150",,"170","unspecified"
"Mild Steel (Metric)","M39x3 Tap RH","Cut Taps (Metric)","tap right hand","39","2","60","150",,"170","unspecified"
"Mild Steel (Metric)","M39x4 Tap RH","Cut Taps (Metric)","tap right hand","39","2","60","150",,"170","unspecified"
"Mild Steel (Metric)","M42x4.5 Tap RH","Cut Taps (Metric)","tap right hand","42","2","60","150",,"170","unspecified"
"Mild Steel (Metric)","M42x3 Tap RH","Cut Taps (Metric)","tap right hand","42","2","60","150",,"170","unspecified"
"Mild Steel (Metric)","M45x1.5 Tap RH","Cut Taps (Metric)","tap right hand","45","2","67","167",,"187","unspecified"
"Mild Steel (Metric)","M45x4.5 Tap RH","Cut Taps (Metric)","tap right hand","45","2","67","167",,"187","unspecified"
"Mild Steel (Metric)","M48x5 Tap RH","Cut Taps (Metric)","tap right hand","48","2","67","167",,"187","unspecified"
"Mild Steel (Metric)","M48x3 Tap RH","Cut Taps (Metric)","tap right hand","48","2","67","167",,"187","unspecified"
"Mild Steel (Metric)","M52x5 Tap RH","Cut Taps (Metric)","tap right hand","52","2","70","180",,"200","unspecified"
"Mild Steel (Metric)","M56x5.5 Tap RH","Cut Taps (Metric)","tap right hand","56","2","70","180",,"200","unspecified"
"Mild Steel (Metric)","M56x4 Tap RH","Cut Taps (Metric)","tap right hand","56","2","70","180",,"200","unspecified"
"Mild Steel (Metric)","M60x1.5 Tap RH","Cut Taps (Metric)","tap right hand","60","2","76","201",,"221","unspecified"
"Mild Steel (Metric)","M60x5.5 Tap RH","Cut Taps (Metric)","tap right hand","60","2","76","201",,"221","unspecified"
"Mild Steel (Metric)","M64x6 Tap RH","Cut Taps (Metric)","tap right hand","64","2","79","214",,"234","unspecified"
"Mild Steel (Metric)","M64x4 Tap RH","Cut Taps (Metric)","tap right hand","64","2","79","214",,"234","unspecified"
"Mild Steel (Metric)","M68x6 Tap RH","Cut Taps (Metric)","tap right hand","68","2","79","214",,"234","unspecified"
"Mild Steel (Metric)","#0-80 Tap RH (0.06"")","Cut Taps (Inch)","tap right hand","0.06","2","0.24","0.6",,"2.6","hss"
"Mild Steel (Metric)","#1-64 Tap RH (0.073"")","Cut Taps (Inch)","tap right hand","0.073","2","0.292","0.73",,"2.73","hss"
"Mild Steel (Metric)","#1-72 Tap RH (0.073"")","Cut Taps (Inch)","tap right hand","0.073","2","0.292","0.73",,"2.73","hss"
"Mild Steel (Metric)","#2-64 Tap RH (0.086"")","Cut Taps (Inch)","tap right hand","0.086","2","0.344","0.86",,"2.86","hss"
"Mild Steel (Metric)","#2-56 Tap RH (0.086"")","Cut Taps (Inch)","tap right hand","0.086","2","0.344","0.86",,"2.86","hss"
"Mild Steel (Metric)","#3-48 Tap RH (0.099"")","Cut Taps (Inch)","tap right hand","0.099","2","0.396","0.99",,"2.99","hss"
"Mild Steel (Metric)","#3-56 Tap RH (0.099"")","Cut Taps (Inch)","tap right hand","0.099","2","0.396","0.99",,"2.99","hss"
"Mild Steel (Metric)","#4-48 Tap RH (0.112"")","Cut Taps (Inch)","tap right hand","0.112","2","0.448","1.12",,"3.12","hss"
"Mild Steel (Metric)","#4-40 Tap RH (0.112"")","Cut Taps (Inch)","tap right hand","0.112","2","0.448","1.12",,"3.12","hss"
"Mild Steel (Metric)","#5-44 Tap RH (1/8"")","Cut Taps (Inch)","tap right hand","0.125","2","0.5","1.25",,"3.25","hss"
"Mild Steel (Metric)","#5-40 Tap RH (1/8"")","Cut Taps (Inch)","tap right hand","0.125","2","0.5","1.25",,"3.25","hss"
"Mild Steel (Metric)","#6-40 Tap RH (0.138"")","Cut Taps (Inch)","tap right hand","0.138","2","0.552","1.38",,"3.38","hss"
"Mild Steel (Metric)","#6-32 Tap RH (0.138"")","Cut Taps (Inch)","tap right hand","0.138","2","0.552","1.38",,"3.38","hss"
"Mild Steel (Metric)","#8-36 Tap RH (0.164"")","Cut Taps (Inch)","tap right hand","0.164","2","0.656","1.64",,"3.64","hss"
"Mild Steel (Metric)","#8-32 Tap RH (0.164"")","Cut Taps (Inch)","tap right hand","0.164","2","0.656","1.64",,"3.64","hss"
"Mild Steel (Metric)","#10-24 Tap RH (0.19"")","Cut Taps (Inch)","tap right hand","0.19","2","0.76","1.9",,"3.9","hss"
"Mild Steel (Metric)","#10-32 Tap RH (0.19"")","Cut Taps (Inch)","tap right hand","0.19","2","0.76","1.9",,"3.9","hss"
"Mild Steel (Metric)","#12-32 Tap RH (0.216"")","Cut Taps (Inch)","tap right hand","0.216","2","0.864","2.16",,"4.16","hss"
"Mild Steel (Metric)","#12-24 Tap RH (0.216"")","Cut Taps (Inch)","tap right hand","0.216","2","0.864","2.16",,"4.16","hss"
"Mild Steel (Metric)","#12-28 Tap RH (0.216"")","Cut Taps (Inch)","tap right hand","0.216","2","0.864","2.16",,"4.16","hss"
"Mild Steel (Metric)","0.25""-28 Tap RH","Cut Taps (Inch)","tap right hand","0.25","2","1","2.5",,"4.5","hss"
"Mild Steel (Metric)","0.25""-32 Tap RH","Cut Taps (Inch)","tap right hand","0.25","2","1","2.5",,"4.5","hss"
"Mild Steel (Metric)","0.25""-20 Tap RH","Cut Taps (Inch)","tap right hand","0.25","2","1","2.5",,"4.5","hss"
"Mild Steel (Metric)","5/16""-18 Tap RH","Cut Taps (Inch)","tap right hand","0.3125","2","1.25","3.125",,"5.125","hss"
"Mild Steel (Metric)","5/16""-24 Tap RH","Cut Taps (Inch)","tap right hand","0.3125","2","1.25","3.125",,"5.125","hss"
"Mild Steel (Metric)","5/16""-32 Tap RH","Cut Taps (Inch)","tap right hand","0.3125","2","1.25","3.125",,"5.125","hss"
"Mild Steel (Metric)","3/8""-24 Tap RH","Cut Taps (Inch)","tap right hand","0.375","2","1.5","3.75",,"5.750000000000001","hss"
"Mild Steel (Metric)","3/8""-16 Tap RH","Cut Taps (Inch)","tap right hand","0.375","2","1.5","3.75",,"5.750000000000001","hss"
"Mild Steel (Metric)","3/8""-32 Tap RH","Cut Taps (Inch)","tap right hand","0.375","2","1.5","3.75",,"5.750000000000001","hss"
"Mild Steel (Metric)","7/16""-20 Tap RH","Cut Taps (Inch)","tap right hand","0.4375","2","1.75","4.375",,"6.375000000000001","hss"
"Mild Steel (Metric)","7/16""-28 Tap RH","Cut Taps (Inch)","tap right hand","0.4375","2","1.75","4.375",,"6.375000000000001","hss"
"Mild Steel (Metric)","7/16""-14 Tap RH","Cut Taps (Inch)","tap right hand","0.4375","2","1.75","4.375",,"6.375000000000001","hss"
"Mild Steel (Metric)","1/2""-20 Tap RH","Cut Taps (Inch)","tap right hand","0.5","2","2","5",,"7","hss"
"Mild Steel (Metric)","1/2""-13 Tap RH","Cut Taps (Inch)","tap right hand","0.5","2","2","5",,"7","hss"
"Mild Steel (Metric)","1/2""-28 Tap RH","Cut Taps (Inch)","tap right hand","0.5","2","2","5",,"7","hss"
"Mild Steel (Metric)","9/16""-12 Tap RH","Cut Taps (Inch)","tap right hand","0.5625","2","2.25","5.625",,"7.625000000000001","hss"
"Mild Steel (Metric)","9/16""-18 Tap RH","Cut Taps (Inch)","tap right hand","0.5625","2","2.25","5.625",,"7.625000000000001","hss"
"Mild Steel (Metric)","9/16""-24 Tap RH","Cut Taps (Inch)","tap right hand","0.5625","2","2.25","5.625",,"7.625000000000001","hss"
"Mild Steel (Metric)","5/8""-18 Tap RH","Cut Taps (Inch)","tap right hand","0.625","2","2.5","6.250000000000001",,"8.25","hss"
"Mild Steel (Metric)","5/8""-24 Tap RH","Cut Taps (Inch)","tap right hand","0.625","2","2.5","6.250000000000001",,"8.25","hss"
"Mild Steel (Metric)","5/8""-11 Tap RH","Cut Taps (Inch)","tap right hand","0.625","2","2.5","6.250000000000001",,"8.25","hss"
"Mild Steel (Metric)","11/16""-24 Tap RH","Cut Taps (Inch)","tap right hand","0.6875","2","2.75","6.875000000000001",,"8.875","hss"
"Mild Steel (Metric)","3/4""-10 Tap RH","Cut Taps (Inch)","tap right hand","0.75","2","3","7.500000000000001",,"9.5","hss"
"Mild Steel (Metric)","3/4""-16 Tap RH","Cut Taps (Inch)","tap right hand","0.75","2","3","7.500000000000001",,"9.5","hss"
"Mild Steel (Metric)","3/4""-20 Tap RH","Cut Taps (Inch)","tap right hand","0.75","2","3","7.500000000000001",,"9.5","hss"
"Mild Steel (Metric)","13/16""-20 Tap RH","Cut Taps (Inch)","tap right hand","0.8125","2","3.25","8.125",,"10.125","hss"
"Mild Steel (Metric)","7/8""-14 Tap RH","Cut Taps (Inch)","tap right hand","0.875","2","3.5","8.75",,"10.75","hss"
"Mild Steel (Metric)","7/8""-9 Tap RH","Cut Taps (Inch)","tap right hand","0.875","2","3.5","8.75",,"10.75","hss"
"Mild Steel (Metric)","7/8""-20 Tap RH","Cut Taps (Inch)","tap right hand","0.875","2","3.5","8.75",,"10.75","hss"
"Mild Steel (Metric)","15/16""-20 Tap RH","Cut Taps (Inch)","tap right hand","0.9375","2","3.75","9.375",,"11.375","hss"
"Mild Steel (Metric)","1""-20 Tap RH","Cut Taps (Inch)","tap right hand","1","2","4","10",,"12","hss"
"Mild Steel (Metric)","1""-8 Tap RH","Cut Taps (Inch)","tap right hand","1","2","4","10",,"12","hss"
"Mild Steel (Metric)","1""-12 Tap RH","Cut Taps (Inch)","tap right hand","1","2","4","10",,"12","hss"
"Mild Steel (Metric)","Kennametal 10mm 5F Flat","Kennametal Endmills 4+ Flute (Metric)","flat end mill","10","5","30","50",,"75","carbide"
"Mild Steel (Metric)","Kennametal 10mm 5F Bull R0.2","Kennametal Endmills 4+ Flute (Metric)","bull nose end mill","10","5","30","50","0.2","75","carbide"
"Mild Steel (Metric)","Kennametal 10mm 5F Bull R0.5","Kennametal Endmills 4+ Flute (Metric)","bull nose end mill","10","5","30","50","0.5","75","carbide"
"Mild Steel (Metric)","Kennametal 10mm 5F Bull R1","Kennametal Endmills 4+ Flute (Metric)","bull nose end mill","10","5","30","50","1","75","carbide"
"Mild Steel (Metric)","Kennametal 12mm 5F Flat","Kennametal Endmills 4+ Flute (Metric)","flat end mill","12","5","36","57",,"87","carbide"
"Mild Steel (Metric)","Kennametal 12mm 5F Bull R0.2","Kennametal Endmills 4+ Flute (Metric)","bull nose end mill","12","5","36","57","0.2","87","carbide"
"Mild Steel (Metric)","Kennametal 12mm 5F Bull R0.5","Kennametal Endmills 4+ Flute (Metric)","bull nose end mill","12","5","36","57","0.5","87","carbide"
"Mild Steel (Metric)","Kennametal 12mm 5F Bull R1.5","Kennametal Endmills 4+ Flute (Metric)","bull nose end mill","12","5","36","57","1.5","87","carbide"
"Mild Steel (Metric)","Kennametal 12mm 5F Bull R2.5","Kennametal Endmills 4+ Flute (Metric)","bull nose end mill","12","5","36","57","2.5","87","carbide"
"Mild Steel (Metric)","Kennametal 16mm 5F Flat","Kennametal Endmills 4+ Flute (Metric)","flat end mill","16","5","48","64",,"104","carbide"
"Mild Steel (Metric)","Kennametal 16mm 5F Bull R0.5","Kennametal Endmills 4+ Flute (Metric)","bull nose end mill","16","5","48","64","0.5","104","carbide"
"Mild Steel (Metric)","Kennametal 16mm 5F Bull R2","Kennametal Endmills 4+ Flute (Metric)","bull nose end mill","16","5","48","64","2","104","carbide"
"Mild Steel (Metric)","Kennametal 16mm 5F Bull R2.5","Kennametal Endmills 4+ Flute (Metric)","bull nose end mill","16","5","48","64","2.5","104","carbide"
"Mild Steel (Metric)","Kennametal 20mm 5F Flat","Kennametal Endmills 4+ Flute (Metric)","flat end mill","20","5","60","70",,"120","carbide"
"Mild Steel (Metric)","Kennametal 20mm 5F Bull R0.5","Kennametal Endmills 4+ Flute (Metric)","bull nose end mill","20","5","60","70","0.5","120","carbide"
"Mild Steel (Metric)","Kennametal 20mm 5F Bull R2.5","Kennametal Endmills 4+ Flute (Metric)","bull nose end mill","20","5","60","70","2.5","120","carbide"
"Mild Steel (Metric)","Kennametal 25mm 5F Flat","Kennametal Endmills 4+ Flute (Metric)","flat end mill","25","5","75","81.5",,"144","carbide"
"Mild Steel (Metric)","Kennametal 25mm 5F Bull R0.5","Kennametal Endmills 4+ Flute (Metric)","bull nose end mill","25","5","75","81.5","0.5","144","carbide"
"Mild Steel (Metric)","Kennametal 25mm 5F Bull R2.5","Kennametal Endmills 4+ Flute (Metric)","bull nose end mill","25","5","75","81.5","2.5","144","carbide"
"Mild Steel (Metric)","Kennametal 10mm 5F Flat","Kennametal Endmills 4+ Flute (Metric)","flat end mill","10","5","30","50",,"75","carbide"
"Mild Steel (Metric)","Kennametal 10mm 5F Bull R0.2","Kennametal Endmills 4+ Flute (Metric)","bull nose end mill","10","5","30","50","0.2","75","carbide"
"Mild Steel (Metric)","Kennametal 10mm 5F Bull R0.5","Kennametal Endmills 4+ Flute (Metric)","bull nose end mill","10","5","30","50","0.5","75","carbide"
"Mild Steel (Metric)","Kennametal 10mm 5F Bull R1","Kennametal Endmills 4+ Flute (Metric)","bull nose end mill","10","5","30","50","1","75","carbide"
"Mild Steel (Metric)","Kennametal 12mm 5F Flat","Kennametal Endmills 4+ Flute (Metric)","flat end mill","12","5","36","57",,"87","carbide"
"Mild Steel (Metric)","Kennametal 12mm 5F Bull R0.2","Kennametal Endmills 4+ Flute (Metric)","bull nose end mill","12","5","36","57","0.2","87","carbide"
"Mild Steel (Metric)","Kennametal 12mm 5F Bull R0.5","Kennametal Endmills 4+ Flute (Metric)","bull nose end mill","12","5","36","57","0.5","87","carbide"
"Mild Steel (Metric)","Kennametal 12mm 5F Bull R1.5","Kennametal Endmills 4+ Flute (Metric)","bull nose end mill","12","5","36","57","1.5","87","carbide"
"Mild Steel (Metric)","Kennametal 12mm 5F Bull R2.5","Kennametal Endmills 4+ Flute (Metric)","bull nose end mill","12","5","36","57","2.5","87","carbide"
"Mild Steel (Metric)","Kennametal 16mm 5F Flat","Kennametal Endmills 4+ Flute (Metric)","flat end mill","16","5","48","64",,"104","carbide"
"Mild Steel (Metric)","Kennametal 16mm 5F Bull R0.5","Kennametal Endmills 4+ Flute (Metric)","bull nose end mill","16","5","48","64","0.5","104","carbide"
"Mild Steel (Metric)","Kennametal 16mm 5F Bull R2","Kennametal Endmills 4+ Flute (Metric)","bull nose end mill","16","5","48","64","2","104","carbide"
"Mild Steel (Metric)","Kennametal 16mm 5F Bull R2.5","Kennametal Endmills 4+ Flute (Metric)","bull nose end mill","16","5","48","64","2.5","104","carbide"
"Mild Steel (Metric)","Kennametal 20mm 5F Flat","Kennametal Endmills 4+ Flute (Metric)","flat end mill","20","5","60","70",,"120","carbide"
"Mild Steel (Metric)","Kennametal 20mm 5F Bull R0.5","Kennametal Endmills 4+ Flute (Metric)","bull nose end mill","20","5","60","70","0.5","120","carbide"
"Mild Steel (Metric)","Kennametal 20mm 5F Bull R2.5","Kennametal Endmills 4+ Flute (Metric)","bull nose end mill","20","5","60","70","2.5","120","carbide"
"Mild Steel (Metric)","Kennametal 25mm 5F Flat","Kennametal Endmills 4+ Flute (Metric)","flat end mill","25","5","75","81.5",,"144","carbide"
"Mild Steel (Metric)","Kennametal 25mm 5F Bull R0.5","Kennametal Endmills 4+ Flute (Metric)","bull nose end mill","25","5","75","81.5","0.5","144","carbide"
"Mild Steel (Metric)","Kennametal 25mm 5F Bull R2.5","Kennametal Endmills 4+ Flute (Metric)","bull nose end mill","25","5","75","81.5","2.5","144","carbide"
"Mild Steel (Metric)","Kennametal 10mm 5F Bull R0.2","Kennametal Endmills 4+ Flute (Metric)","bull nose end mill","10","5","50","75","0.2","100","carbide"
"Mild Steel (Metric)","Kennametal 10mm 5F Bull R0.5","Kennametal Endmills 4+ Flute (Metric)","bull nose end mill","10","5","50","75","0.5","100","carbide"
"Mild Steel (Metric)","Kennametal 10mm 5F Bull R1","Kennametal Endmills 4+ Flute (Metric)","bull nose end mill","10","5","50","75","1","100","carbide"
"Mild Steel (Metric)","Kennametal 10mm 5F Flat","Kennametal Endmills 4+ Flute (Metric)","flat end mill","10","5","50","75",,"100","carbide"
"Mild Steel (Metric)","Kennametal 12mm 5F Bull R0.2","Kennametal Endmills 4+ Flute (Metric)","bull nose end mill","12","5","60","85","0.2","115","carbide"
"Mild Steel (Metric)","Kennametal 12mm 5F Bull R0.5","Kennametal Endmills 4+ Flute (Metric)","bull nose end mill","12","5","60","85","0.5","115","carbide"
"Mild Steel (Metric)","Kennametal 12mm 5F Bull R1.5","Kennametal Endmills 4+ Flute (Metric)","bull nose end mill","12","5","60","85","1.5","115","carbide"
"Mild Steel (Metric)","Kennametal 12mm 5F Bull R2.5","Kennametal Endmills 4+ Flute (Metric)","bull nose end mill","12","5","60","85","2.5","115","carbide"
"Mild Steel (Metric)","Kennametal 12mm 5F Flat","Kennametal Endmills 4+ Flute (Metric)","flat end mill","12","5","60","85",,"115","carbide"
"Mild Steel (Metric)","Kennametal 16mm 5F Bull R0.5","Kennametal Endmills 4+ Flute (Metric)","bull nose end mill","16","5","80","101","0.5","141","carbide"
"Mild Steel (Metric)","Kennametal 16mm 5F Bull R2","Kennametal Endmills 4+ Flute (Metric)","bull nose end mill","16","5","80","101","2","141","carbide"
"Mild Steel (Metric)","Kennametal 16mm 5F Bull R2.5","Kennametal Endmills 4+ Flute (Metric)","bull nose end mill","16","5","80","101","2.5","141","carbide"
"Mild Steel (Metric)","Kennametal 16mm 5F Flat","Kennametal Endmills 4+ Flute (Metric)","flat end mill","16","5","80","101",,"141","carbide"
"Mild Steel (Metric)","Kennametal 20mm 5F Bull R0.5","Kennametal Endmills 4+ Flute (Metric)","bull nose end mill","20","5","100","116","0.5","166","carbide"
"Mild Steel (Metric)","Kennametal 20mm 5F Bull R2.5","Kennametal Endmills 4+ Flute (Metric)","bull nose end mill","20","5","100","116","2.5","166","carbide"
"Mild Steel (Metric)","Kennametal 20mm 5F Flat","Kennametal Endmills 4+ Flute (Metric)","flat end mill","20","5","100","116",,"166","carbide"
"Mild Steel (Metric)","Kennametal 25mm 5F Bull R0.5","Kennametal Endmills 4+ Flute (Metric)","bull nose end mill","25","5","125","137.5","0.5","200","carbide"
"Mild Steel (Metric)","Kennametal 25mm 5F Bull R2.5","Kennametal Endmills 4+ Flute (Metric)","bull nose end mill","25","5","125","137.5","2.5","200","carbide"
"Mild Steel (Metric)","Kennametal 25mm 5F Flat","Kennametal Endmills 4+ Flute (Metric)","flat end mill","25","5","125","137.5",,"200","carbide"
"Mild Steel (Metric)","Kennametal 5mm 4F Flat","Kennametal Endmills 4+ Flute (Metric)","flat end mill","5","4","13","32",,"57","carbide"
"Mild Steel (Metric)","Kennametal 18mm 4F Flat","Kennametal Endmills 4+ Flute (Metric)","flat end mill","18","4","32","47",,"92","carbide"
"Mild Steel (Metric)","Kennametal 14mm 4F Flat","Kennametal Endmills 4+ Flute (Metric)","flat end mill","14","4","26","48",,"83","carbide"
"Mild Steel (Metric)","Kennametal 20mm 4F Flat","Kennametal Endmills 4+ Flute (Metric)","flat end mill","20","4","38","54",,"104","carbide"
"Mild Steel (Metric)","Kennametal 4mm 4F Flat","Kennametal Endmills 4+ Flute (Metric)","flat end mill","4","4","12","30",,"55","carbide"
"Mild Steel (Metric)","Kennametal 6mm 4F Flat","Kennametal Endmills 4+ Flute (Metric)","flat end mill","6","4","13","32",,"57","carbide"
"Mild Steel (Metric)","Kennametal 12mm 4F Flat","Kennametal Endmills 4+ Flute (Metric)","flat end mill","12","4","26","53",,"83","carbide"
"Mild Steel (Metric)","Kennametal 8mm 4F Flat","Kennametal Endmills 4+ Flute (Metric)","flat end mill","8","4","16","38",,"63","carbide"
"Mild Steel (Metric)","Kennametal 16mm 4F Flat","Kennametal Endmills 4+ Flute (Metric)","flat end mill","16","4","32","52",,"92","carbide"
"Mild Steel (Metric)","Kennametal 10mm 4F Flat","Kennametal Endmills 4+ Flute (Metric)","flat end mill","10","4","22","47",,"72","carbide"
"Mild Steel (Metric)","Kennametal 25mm 4F Flat","Kennametal Endmills 4+ Flute (Metric)","flat end mill","25","4","45","58.5",,"121","carbide"
"Mild Steel (Metric)","Kennametal 2mm 4F Flat","Kennametal Endmills 4+ Flute (Metric)","flat end mill","2","4","5","25",,"50","carbide"
"Mild Steel (Metric)","Kennametal 3mm 4F Flat","Kennametal Endmills 4+ Flute (Metric)","flat end mill","3","4","7","29",,"54","carbide"
"Mild Steel (Metric)","Kennametal 2.5mm 4F Flat","Kennametal Endmills 4+ Flute (Metric)","flat end mill","2.5","4","6","25",,"50","carbide"
"Mild Steel (Metric)","Kennametal 3.5mm 4F Flat","Kennametal Endmills 4+ Flute (Metric)","flat end mill","3.5","4","8","29",,"54","carbide"
"Mild Steel (Metric)","Kennametal 10mm 4F Bull R2","Kennametal Endmills 4+ Flute (Metric)","bull nose end mill","10","4","15","51","2","76","carbide"
"Mild Steel (Metric)","Kennametal 12mm 4F Bull R0.5","Kennametal Endmills 4+ Flute (Metric)","bull nose end mill","12","4","18","53","0.5","83","carbide"
"Mild Steel (Metric)","Kennametal 20mm 4F Bull R2","Kennametal Endmills 4+ Flute (Metric)","bull nose end mill","20","4","30","65","2","115","carbide"
"Mild Steel (Metric)","Kennametal 12mm 4F Bull R3","Kennametal Endmills 4+ Flute (Metric)","bull nose end mill","12","4","18","53","3","83","carbide"
"Mild Steel (Metric)","Kennametal 20mm 4F Bull R3","Kennametal Endmills 4+ Flute (Metric)","bull nose end mill","20","4","30","65","3","115","carbide"
"Mild Steel (Metric)","Kennametal 12mm 4F Bull R1","Kennametal Endmills 4+ Flute (Metric)","bull nose end mill","12","4","18","53","1","83","carbide"
"Mild Steel (Metric)","Kennametal 16mm 4F Bull R6","Kennametal Endmills 4+ Flute (Metric)","bull nose end mill","16","4","24","60","6","100","carbide"
"Mild Steel (Metric)","Kennametal 10mm 4F Bull R1","Kennametal Endmills 4+ Flute (Metric)","bull nose end mill","10","4","15","51","1","76","carbide"
"Mild Steel (Metric)","Kennametal 20mm 4F Bull R1","Kennametal Endmills 4+ Flute (Metric)","bull nose end mill","20","4","30","65","1","115","carbide"
"Mild Steel (Metric)","Kennametal 6mm 4F Bull R0.5","Kennametal Endmills 4+ Flute (Metric)","bull nose end mill","6","4","9","38","0.5","63","carbide"
"Mild Steel (Metric)","Kennametal 10mm 4F Bull R3","Kennametal Endmills 4+ Flute (Metric)","bull nose end mill","10","4","15","51","3","76","carbide"
"Mild Steel (Metric)","Kennametal 16mm 4F Bull R1","Kennametal Endmills 4+ Flute (Metric)","bull nose end mill","16","4","24","60","1","100","carbide"
"Mild Steel (Metric)","Kennametal 16mm 4F Bull R3","Kennametal Endmills 4+ Flute (Metric)","bull nose end mill","16","4","24","60","3","100","carbide"
"Mild Steel (Metric)","Kennametal 25mm 4F Bull R1","Kennametal Endmills 4+ Flute (Metric)","bull nose end mill","25","4","37.5","72.5","1","135","carbide"
"Mild Steel (Metric)","Kennametal 25mm 4F Bull R0.5","Kennametal Endmills 4+ Flute (Metric)","bull nose end mill","25","4","37.5","72.5","0.5","135","carbide"
"Mild Steel (Metric)","Kennametal 12mm 4F Bull R4","Kennametal Endmills 4+ Flute (Metric)","bull nose end mill","12","4","18","53","4","83","carbide"
"Mild Steel (Metric)","Kennametal 25mm 4F Bull R3","Kennametal Endmills 4+ Flute (Metric)","bull nose end mill","25","4","37.5","72.5","3","135","carbide"
"Mild Steel (Metric)","Kennametal 25mm 4F Bull R4","Kennametal Endmills 4+ Flute (Metric)","bull nose end mill","25","4","37.5","72.5","4","135","carbide"
"Mild Steel (Metric)","Kennametal 16mm 4F Bull R2","Kennametal Endmills 4+ Flute (Metric)","bull nose end mill","16","4","24","60","2","100","carbide"
"Mild Steel (Metric)","Kennametal 8mm 4F Bull R1","Kennametal Endmills 4+ Flute (Metric)","bull nose end mill","8","4","12","43","1","68","carbide"
"Mild Steel (Metric)","Kennametal 8mm 4F Bull R0.5","Kennametal Endmills 4+ Flute (Metric)","bull nose end mill","8","4","12","43","0.5","68","carbide"
"Mild Steel (Metric)","Kennametal 10mm 4F Bull R0.5","Kennametal Endmills 4+ Flute (Metric)","bull nose end mill","10","4","15","51","0.5","76","carbide"
"Mild Steel (Metric)","Kennametal 20mm 4F Bull R4","Kennametal Endmills 4+ Flute (Metric)","bull nose end mill","20","4","30","65","4","115","carbide"
"Mild Steel (Metric)","Kennametal 16mm 4F Bull R0.5","Kennametal Endmills 4+ Flute (Metric)","bull nose end mill","16","4","24","60","0.5","100","carbide"
"Mild Steel (Metric)","Kennametal 25mm 4F Bull R2","Kennametal Endmills 4+ Flute (Metric)","bull nose end mill","25","4","37.5","72.5","2","135","carbide"
"Mild Steel (Metric)","Kennametal 20mm 4F Bull R0.5","Kennametal Endmills 4+ Flute (Metric)","bull nose end mill","20","4","30","65","0.5","115","carbide"
"Mild Steel (Metric)","Kennametal 25mm 4F Bull R6","Kennametal Endmills 4+ Flute (Metric)","bull nose end mill","25","4","37.5","72.5","6","135","carbide"
"Mild Steel (Metric)","Kennametal 10mm 4F Bull R4","Kennametal Endmills 4+ Flute (Metric)","bull nose end mill","10","4","15","51","4","76","carbide"
"Mild Steel (Metric)","Kennametal 16mm 4F Bull R4","Kennametal Endmills 4+ Flute (Metric)","bull nose end mill","16","4","24","60","4","100","carbide"
"Mild Steel (Metric)","Kennametal 6mm 4F Bull R1","Kennametal Endmills 4+ Flute (Metric)","bull nose end mill","6","4","9","38","1","63","carbide"
"Mild Steel (Metric)","Kennametal 12mm 4F Bull R2","Kennametal Endmills 4+ Flute (Metric)","bull nose end mill","12","4","18","53","2","83","carbide"
"Mild Steel (Metric)","Kennametal 20mm 4F Bull R6","Kennametal Endmills 4+ Flute (Metric)","bull nose end mill","20","4","30","65","6","115","carbide"
"Mild Steel (Metric)","Kennametal 4mm 4F Bull R0.5","Kennametal Endmills 4+ Flute (Metric)","bull nose end mill","4","4","6","32","0.5","57","carbide"
"Mild Steel (Metric)","Kennametal 4mm 4F Bull R0.25","Kennametal Endmills 4+ Flute (Metric)","bull nose end mill","4","4","6","32","0.25","57","carbide"
"Mild Steel (Metric)","Kennametal 12mm 4F Flat","Kennametal Endmills 4+ Flute (Metric)","flat end mill","12","4","26","53",,"83","carbide"
"Mild Steel (Metric)","Kennametal 10mm 4F Flat","Kennametal Endmills 4+ Flute (Metric)","flat end mill","10","4","22","47",,"72","carbide"
"Mild Steel (Metric)","Kennametal 8mm 4F Flat","Kennametal Endmills 4+ Flute (Metric)","flat end mill","8","4","16","38",,"63","carbide"
"Mild Steel (Metric)","Kennametal 25mm 4F Flat","Kennametal Endmills 4+ Flute (Metric)","flat end mill","25","4","45","58.5",,"121","carbide"
"Mild Steel (Metric)","Kennametal 5mm 4F Flat","Kennametal Endmills 4+ Flute (Metric)","flat end mill","5","4","13","32",,"57","carbide"
"Mild Steel (Metric)","Kennametal 14mm 4F Flat","Kennametal Endmills 4+ Flute (Metric)","flat end mill","14","4","26","48",,"83","carbide"
"Mild Steel (Metric)","Kennametal 16mm 4F Flat","Kennametal Endmills 4+ Flute (Metric)","flat end mill","16","4","32","52",,"92","carbide"
"Mild Steel (Metric)","Kennametal 20mm 4F Flat","Kennametal Endmills 4+ Flute (Metric)","flat end mill","20","4","38","54",,"104","carbide"
"Mild Steel (Metric)","Kennametal 6mm 4F Flat","Kennametal Endmills 4+ Flute (Metric)","flat end mill","6","4","13","32",,"57","carbide"
"Mild Steel (Metric)","Kennametal 4mm 4F Flat","Kennametal Endmills 4+ Flute (Metric)","flat end mill","4","4","11","32",,"57","carbide"
"Mild Steel (Metric)","Kennametal 2.5mm 4F Flat","Kennametal Endmills 4+ Flute (Metric)","flat end mill","2.5","4","6","32",,"57","carbide"
"Mild Steel (Metric)","Kennametal 2mm 4F Flat","Kennametal Endmills 4+ Flute (Metric)","flat end mill","2","4","6","32",,"57","carbide"
"Mild Steel (Metric)","Kennametal 3.5mm 4F Flat","Kennametal Endmills 4+ Flute (Metric)","flat end mill","3.5","4","10","32",,"57","carbide"
"Mild Steel (Metric)","Kennametal 3mm 4F Flat","Kennametal Endmills 4+ Flute (Metric)","flat end mill","3","4","8","32",,"57","carbide"
"Mild Steel (Metric)","Kennametal 8mm 4F Flat","Kennametal Endmills 4+ Flute (Metric)","flat end mill","8","4","16","38",,"63","carbide"
"Mild Steel (Metric)","Kennametal 6mm 4F Flat","Kennametal Endmills 4+ Flute (Metric)","flat end mill","6","4","13","32",,"57","carbide"
"Mild Steel (Metric)","Kennametal 25mm 4F Flat","Kennametal Endmills 4+ Flute (Metric)","flat end mill","25","4","45","58.5",,"121","carbide"
"Mild Steel (Metric)","Kennametal 14mm 4F Flat","Kennametal Endmills 4+ Flute (Metric)","flat end mill","14","4","26","48",,"83","carbide"
"Mild Steel (Metric)","Kennametal 4mm 4F Flat","Kennametal Endmills 4+ Flute (Metric)","flat end mill","4","4","12","30",,"55","carbide"
"Mild Steel (Metric)","Kennametal 12mm 4F Flat","Kennametal Endmills 4+ Flute (Metric)","flat end mill","12","4","26","53",,"83","carbide"
"Mild Steel (Metric)","Kennametal 10mm 4F Flat","Kennametal Endmills 4+ Flute (Metric)","flat end mill","10","4","22","47",,"72","carbide"
"Mild Steel (Metric)","Kennametal 5mm 4F Flat","Kennametal Endmills 4+ Flute (Metric)","flat end mill","5","4","13","32",,"57","carbide"
"Mild Steel (Metric)","Kennametal 20mm 4F Flat","Kennametal Endmills 4+ Flute (Metric)","flat end mill","20","4","38","54",,"104","carbide"
"Mild Steel (Metric)","Kennametal 18mm 4F Flat","Kennametal Endmills 4+ Flute (Metric)","flat end mill","18","4","32","47",,"92","carbide"
"Mild Steel (Metric)","Kennametal 16mm 4F Flat","Kennametal Endmills 4+ Flute (Metric)","flat end mill","16","4","32","52",,"92","carbide"
"Mild Steel (Metric)","Kennametal 2.5mm 4F Flat","Kennametal Endmills 4+ Flute (Metric)","flat end mill","2.5","4","6","25",,"50","carbide"
"Mild Steel (Metric)","Kennametal 3.5mm 4F Flat","Kennametal Endmills 4+ Flute (Metric)","flat end mill","3.5","4","8","29",,"54","carbide"
"Mild Steel (Metric)","Kennametal 2mm 4F Flat","Kennametal Endmills 4+ Flute (Metric)","flat end mill","2","4","5","25",,"50","carbide"
"Mild Steel (Metric)","Kennametal 3mm 4F Flat","Kennametal Endmills 4+ Flute (Metric)","flat end mill","3","4","7","29",,"54","carbide"
"Mild Steel (Metric)","Kennametal 8mm 4F Flat","Kennametal Endmills 4+ Flute (Metric)","flat end mill","8","4","16","38",,"63","carbide"
"Mild Steel (Metric)","Kennametal 12mm 4F Flat","Kennametal Endmills 4+ Flute (Metric)","flat end mill","12","4","26","53",,"83","carbide"
"Mild Steel (Metric)","Kennametal 25mm 4F Flat","Kennametal Endmills 4+ Flute (Metric)","flat end mill","25","4","45","58.5",,"121","carbide"
"Mild Steel (Metric)","Kennametal 5mm 4F Flat","Kennametal Endmills 4+ Flute (Metric)","flat end mill","5","4","13","32",,"57","carbide"
"Mild Steel (Metric)","Kennametal 6mm 4F Flat","Kennametal Endmills 4+ Flute (Metric)","flat end mill","6","4","13","32",,"57","carbide"
"Mild Steel (Metric)","Kennametal 16mm 4F Flat","Kennametal Endmills 4+ Flute (Metric)","flat end mill","16","4","32","52",,"92","carbide"
"Mild Steel (Metric)","Kennametal 4mm 4F Flat","Kennametal Endmills 4+ Flute (Metric)","flat end mill","4","4","11","32",,"57","carbide"
"Mild Steel (Metric)","Kennametal 14mm 4F Flat","Kennametal Endmills 4+ Flute (Metric)","flat end mill","14","4","26","48",,"83","carbide"
"Mild Steel (Metric)","Kennametal 20mm 4F Flat","Kennametal Endmills 4+ Flute (Metric)","flat end mill","20","4","38","54",,"104","carbide"
"Mild Steel (Metric)","Kennametal 10mm 4F Flat","Kennametal Endmills 4+ Flute (Metric)","flat end mill","10","4","22","47",,"72","carbide"
"Mild Steel (Metric)","Kennametal 3mm 4F Flat","Kennametal Endmills 4+ Flute (Metric)","flat end mill","3","4","8","32",,"57","carbide"
"Mild Steel (Metric)","Kennametal 2.5mm 4F Flat","Kennametal Endmills 4+ Flute (Metric)","flat end mill","2.5","4","6","32",,"57","carbide"
"Mild Steel (Metric)","Kennametal 2mm 4F Flat","Kennametal Endmills 4+ Flute (Metric)","flat end mill","2","4","6","32",,"57","carbide"
"Mild Steel (Metric)","Kennametal 3.5mm 4F Flat","Kennametal Endmills 4+ Flute (Metric)","flat end mill","3.5","4","10","32",,"57","carbide"
"Mild Steel (Metric)","Kennametal 16mm 4F Bull R0.5","Kennametal Endmills 4+ Flute (Metric)","bull nose end mill","16","4","24","60","0.5","100","carbide"
"Mild Steel (Metric)","Kennametal 25mm 4F Bull R4","Kennametal Endmills 4+ Flute (Metric)","bull nose end mill","25","4","37.5","72.5","4","135","carbide"
"Mild Steel (Metric)","Kennametal 16mm 4F Bull R1","Kennametal Endmills 4+ Flute (Metric)","bull nose end mill","16","4","24","60","1","100","carbide"
"Mild Steel (Metric)","Kennametal 10mm 4F Bull R1","Kennametal Endmills 4+ Flute (Metric)","bull nose end mill","10","4","15","51","1","76","carbide"
"Mild Steel (Metric)","Kennametal 12mm 4F Bull R1","Kennametal Endmills 4+ Flute (Metric)","bull nose end mill","12","4","18","53","1","83","carbide"
"Mild Steel (Metric)","Kennametal 16mm 4F Bull R6","Kennametal Endmills 4+ Flute (Metric)","bull nose end mill","16","4","24","60","6","100","carbide"
"Mild Steel (Metric)","Kennametal 12mm 4F Bull R2","Kennametal Endmills 4+ Flute (Metric)","bull nose end mill","12","4","18","53","2","83","carbide"
"Mild Steel (Metric)","Kennametal 20mm 4F Bull R3","Kennametal Endmills 4+ Flute (Metric)","bull nose end mill","20","4","30","65","3","115","carbide"
"Mild Steel (Metric)","Kennametal 16mm 4F Bull R4","Kennametal Endmills 4+ Flute (Metric)","bull nose end mill","16","4","24","60","4","100","carbide"
"Mild Steel (Metric)","Kennametal 16mm 4F Bull R2","Kennametal Endmills 4+ Flute (Metric)","bull nose end mill","16","4","24","60","2","100","carbide"
"Mild Steel (Metric)","Kennametal 20mm 4F Bull R2","Kennametal Endmills 4+ Flute (Metric)","bull nose end mill","20","4","30","65","2","115","carbide"
"Mild Steel (Metric)","Kennametal 10mm 4F Bull R2","Kennametal Endmills 4+ Flute (Metric)","bull nose end mill","10","4","15","51","2","76","carbide"
"Mild Steel (Metric)","Kennametal 25mm 4F Bull R0.5","Kennametal Endmills 4+ Flute (Metric)","bull nose end mill","25","4","37.5","72.5","0.5","135","carbide"
"Mild Steel (Metric)","Kennametal 20mm 4F Bull R0.5","Kennametal Endmills 4+ Flute (Metric)","bull nose end mill","20","4","30","65","0.5","115","carbide"
"Mild Steel (Metric)","Kennametal 10mm 4F Bull R0.5","Kennametal Endmills 4+ Flute (Metric)","bull nose end mill","10","4","15","51","0.5","76","carbide"
"Mild Steel (Metric)","Kennametal 8mm 4F Bull R1","Kennametal Endmills 4+ Flute (Metric)","bull nose end mill","8","4","12","43","1","68","carbide"
"Mild Steel (Metric)","Kennametal 6mm 4F Bull R0.5","Kennametal Endmills 4+ Flute (Metric)","bull nose end mill","6","4","9","38","0.5","63","carbide"
"Mild Steel (Metric)","Kennametal 8mm 4F Bull R0.5","Kennametal Endmills 4+ Flute (Metric)","bull nose end mill","8","4","12","43","0.5","68","carbide"
"Mild Steel (Metric)","Kennametal 12mm 4F Bull R0.5","Kennametal Endmills 4+ Flute (Metric)","bull nose end mill","12","4","18","53","0.5","83","carbide"
"Mild Steel (Metric)","Kennametal 20mm 4F Bull R1","Kennametal Endmills 4+ Flute (Metric)","bull nose end mill","20","4","30","65","1","115","carbide"
"Mild Steel (Metric)","Kennametal 6mm 4F Bull R1","Kennametal Endmills 4+ Flute (Metric)","bull nose end mill","6","4","9","38","1","63","carbide"
"Mild Steel (Metric)","Kennametal 25mm 4F Bull R6","Kennametal Endmills 4+ Flute (Metric)","bull nose end mill","25","4","37.5","72.5","6","135","carbide"
"Mild Steel (Metric)","Kennametal 10mm 4F Bull R3","Kennametal Endmills 4+ Flute (Metric)","bull nose end mill","10","4","15","51","3","76","carbide"
"Mild Steel (Metric)","Kennametal 12mm 4F Bull R4","Kennametal Endmills 4+ Flute (Metric)","bull nose end mill","12","4","18","53","4","83","carbide"
"Mild Steel (Metric)","Kennametal 12mm 4F Bull R3","Kennametal Endmills 4+ Flute (Metric)","bull nose end mill","12","4","18","53","3","83","carbide"
"Mild Steel (Metric)","Kennametal 16mm 4F Bull R3","Kennametal Endmills 4+ Flute (Metric)","bull nose end mill","16","4","24","60","3","100","carbide"
"Mild Steel (Metric)","Kennametal 20mm 4F Bull R6","Kennametal Endmills 4+ Flute (Metric)","bull nose end mill","20","4","30","65","6","115","carbide"
"Mild Steel (Metric)","Kennametal 25mm 4F Bull R3","Kennametal Endmills 4+ Flute (Metric)","bull nose end mill","25","4","37.5","72.5","3","135","carbide"
"Mild Steel (Metric)","Kennametal 10mm 4F Bull R4","Kennametal Endmills 4+ Flute (Metric)","bull nose end mill","10","4","15","51","4","76","carbide"
"Mild Steel (Metric)","Kennametal 25mm 4F Bull R1","Kennametal Endmills 4+ Flute (Metric)","bull nose end mill","25","4","37.5","72.5","1","135","carbide"
"Mild Steel (Metric)","Kennametal 25mm 4F Bull R2","Kennametal Endmills 4+ Flute (Metric)","bull nose end mill","25","4","37.5","72.5","2","135","carbide"
"Mild Steel (Metric)","Kennametal 20mm 4F Bull R4","Kennametal Endmills 4+ Flute (Metric)","bull nose end mill","20","4","30","65","4","115","carbide"
"Mild Steel (Metric)","Kennametal 4mm 4F Bull R0.25","Kennametal Endmills 4+ Flute (Metric)","bull nose end mill","4","4","6","32","0.25","57","carbide"
"Mild Steel (Metric)","Kennametal 4mm 4F Bull R0.5","Kennametal Endmills 4+ Flute (Metric)","bull nose end mill","4","4","6","32","0.5","57","carbide"
"Mild Steel (Metric)","Kennametal 2.5mm 4F Flat","Kennametal Endmills 4+ Flute (Metric)","flat end mill","2.5","4","5","29",,"54","carbide"
"Mild Steel (Metric)","Kennametal 6mm 4F Flat","Kennametal Endmills 4+ Flute (Metric)","flat end mill","6","4","10","29",,"54","carbide"
"Mild Steel (Metric)","Kennametal 3mm 4F Flat","Kennametal Endmills 4+ Flute (Metric)","flat end mill","3","4","6","29",,"54","carbide"
"Mild Steel (Metric)","Kennametal 14mm 4F Flat","Kennametal Endmills 4+ Flute (Metric)","flat end mill","14","4","18","40",,"75","carbide"
"Mild Steel (Metric)","Kennametal 16mm 4F Flat","Kennametal Endmills 4+ Flute (Metric)","flat end mill","16","4","22","42",,"82","carbide"
"Mild Steel (Metric)","Kennametal 5mm 4F Flat","Kennametal Endmills 4+ Flute (Metric)","flat end mill","5","4","9","29",,"54","carbide"
"Mild Steel (Metric)","Kennametal 2mm 4F Flat","Kennametal Endmills 4+ Flute (Metric)","flat end mill","2","4","4","29",,"54","carbide"
"Mild Steel (Metric)","Kennametal 4mm 4F Flat","Kennametal Endmills 4+ Flute (Metric)","flat end mill","4","4","8","29",,"54","carbide"
"Mild Steel (Metric)","Kennametal 8mm 4F Flat","Kennametal Endmills 4+ Flute (Metric)","flat end mill","8","4","12","33",,"58","carbide"
"Mild Steel (Metric)","Kennametal 12mm 4F Flat","Kennametal Endmills 4+ Flute (Metric)","flat end mill","12","4","16","43",,"73","carbide"
"Mild Steel (Metric)","Kennametal 25mm 4F Flat","Kennametal Endmills 4+ Flute (Metric)","flat end mill","25","4","30","58.5",,"121","carbide"
"Mild Steel (Metric)","Kennametal 3.5mm 4F Flat","Kennametal Endmills 4+ Flute (Metric)","flat end mill","3.5","4","7","29",,"54","carbide"
"Mild Steel (Metric)","Kennametal 10mm 4F Flat","Kennametal Endmills 4+ Flute (Metric)","flat end mill","10","4","14","41",,"66","carbide"
"Mild Steel (Metric)","Kennametal 18mm 4F Flat","Kennametal Endmills 4+ Flute (Metric)","flat end mill","18","4","24","47",,"92","carbide"
"Mild Steel (Metric)","Kennametal 20mm 4F Flat","Kennametal Endmills 4+ Flute (Metric)","flat end mill","20","4","26","42",,"92","carbide"
"Mild Steel (Metric)","Kennametal 2.5mm 4F Flat","Kennametal Endmills 4+ Flute (Metric)","flat end mill","2.5","4","6","32",,"57","carbide"
"Mild Steel (Metric)","Kennametal 8mm 4F Flat","Kennametal Endmills 4+ Flute (Metric)","flat end mill","8","4","16","38",,"63","carbide"
"Mild Steel (Metric)","Kennametal 3mm 4F Flat","Kennametal Endmills 4+ Flute (Metric)","flat end mill","3","4","8","32",,"57","carbide"
"Mild Steel (Metric)","Kennametal 18mm 4F Flat","Kennametal Endmills 4+ Flute (Metric)","flat end mill","18","4","35","47",,"92","carbide"
"Mild Steel (Metric)","Kennametal 25mm 4F Flat","Kennametal Endmills 4+ Flute (Metric)","flat end mill","25","4","45","58.5",,"121","carbide"
"Mild Steel (Metric)","Kennametal 10mm 4F Flat","Kennametal Endmills 4+ Flute (Metric)","flat end mill","10","4","22","47",,"72","carbide"
"Mild Steel (Metric)","Kennametal 6mm 4F Flat","Kennametal Endmills 4+ Flute (Metric)","flat end mill","6","4","13","32",,"57","carbide"
"Mild Steel (Metric)","Kennametal 2mm 4F Flat","Kennametal Endmills 4+ Flute (Metric)","flat end mill","2","4","6","32",,"57","carbide"
"Mild Steel (Metric)","Kennametal 5mm 4F Flat","Kennametal Endmills 4+ Flute (Metric)","flat end mill","5","4","13","32",,"57","carbide"
"Mild Steel (Metric)","Kennametal 3.5mm 4F Flat","Kennametal Endmills 4+ Flute (Metric)","flat end mill","3.5","4","10","32",,"57","carbide"
"Mild Steel (Metric)","Kennametal 16mm 4F Flat","Kennametal Endmills 4+ Flute (Metric)","flat end mill","16","4","32","52",,"92","carbide"
"Mild Steel (Metric)","Kennametal 14mm 4F Flat","Kennametal Endmills 4+ Flute (Metric)","flat end mill","14","4","26","48",,"83","carbide"
"Mild Steel (Metric)","Kennametal 12mm 4F Flat","Kennametal Endmills 4+ Flute (Metric)","flat end mill","12","4","26","53",,"83","carbide"
"Mild Steel (Metric)","Kennametal 4mm 4F Flat","Kennametal Endmills 4+ Flute (Metric)","flat end mill","4","4","11","32",,"57","carbide"
"Mild Steel (Metric)","Kennametal 20mm 4F Flat","Kennametal Endmills 4+ Flute (Metric)","flat end mill","20","4","38","54",,"104","carbide"
"Mild Steel (Metric)","Kennametal 8mm 4F Flat","Kennametal Endmills 4+ Flute (Metric)","flat end mill","8","4","16","38",,"63","carbide"
"Mild Steel (Metric)","Kennametal 4mm 4F Flat","Kennametal Endmills 4+ Flute (Metric)","flat end mill","4","4","11","32",,"57","carbide"
"Mild Steel (Metric)","Kennametal 3.5mm 4F Flat","Kennametal Endmills 4+ Flute (Metric)","flat end mill","3.5","4","10","32",,"57","carbide"
"Mild Steel (Metric)","Kennametal 3mm 4F Flat","Kennametal Endmills 4+ Flute (Metric)","flat end mill","3","4","8","32",,"57","carbide"
"Mild Steel (Metric)","Kennametal 2.5mm 4F Flat","Kennametal Endmills 4+ Flute (Metric)","flat end mill","2.5","4","6","32",,"57","carbide"
"Mild Steel (Metric)","Kennametal 2mm 4F Flat","Kennametal Endmills 4+ Flute (Metric)","flat end mill","2","4","6","32",,"57","carbide"
"Mild Steel (Metric)","Kennametal 14mm 4F Flat","Kennametal Endmills 4+ Flute (Metric)","flat end mill","14","4","26","48",,"83","carbide"
"Mild Steel (Metric)","Kennametal 18mm 4F Flat","Kennametal Endmills 4+ Flute (Metric)","flat end mill","18","4","35","47",,"92","carbide"
"Mild Steel (Metric)","Kennametal 16mm 4F Flat","Kennametal Endmills 4+ Flute (Metric)","flat end mill","16","4","32","52",,"92","carbide"
"Mild Steel (Metric)","Kennametal 6mm 4F Flat","Kennametal Endmills 4+ Flute (Metric)","flat end mill","6","4","13","32",,"57","carbide"
"Mild Steel (Metric)","Kennametal 5mm 4F Flat","Kennametal Endmills 4+ Flute (Metric)","flat end mill","5","4","13","32",,"57","carbide"
"Mild Steel (Metric)","Kennametal 10mm 4F Flat","Kennametal Endmills 4+ Flute (Metric)","flat end mill","10","4","22","47",,"72","carbide"
"Mild Steel (Metric)","Kennametal 12mm 4F Flat","Kennametal Endmills 4+ Flute (Metric)","flat end mill","12","4","26","53",,"83","carbide"
"Mild Steel (Metric)","Kennametal 25mm 4F Flat","Kennametal Endmills 4+ Flute (Metric)","flat end mill","25","4","45","58.5",,"121","carbide"
"Mild Steel (Metric)","Kennametal 20mm 4F Flat","Kennametal Endmills 4+ Flute (Metric)","flat end mill","20","4","38","54",,"104","carbide"
"Mild Steel (Metric)","Kennametal 8mm 4F Flat","Kennametal Endmills 4+ Flute (Metric)","flat end mill","8","4","12","33",,"58","carbide"
"Mild Steel (Metric)","Kennametal 6mm 4F Flat","Kennametal Endmills 4+ Flute (Metric)","flat end mill","6","4","10","29",,"54","carbide"
"Mild Steel (Metric)","Kennametal 20mm 4F Flat","Kennametal Endmills 4+ Flute (Metric)","flat end mill","20","4","26","42",,"92","carbide"
"Mild Steel (Metric)","Kennametal 5mm 4F Flat","Kennametal Endmills 4+ Flute (Metric)","flat end mill","5","4","9","29",,"54","carbide"
"Mild Steel (Metric)","Kennametal 12mm 4F Flat","Kennametal Endmills 4+ Flute (Metric)","flat end mill","12","4","16","43",,"73","carbide"
"Mild Steel (Metric)","Kennametal 14mm 4F Flat","Kennametal Endmills 4+ Flute (Metric)","flat end mill","14","4","18","40",,"75","carbide"
"Mild Steel (Metric)","Kennametal 16mm 4F Flat","Kennametal Endmills 4+ Flute (Metric)","flat end mill","16","4","22","42",,"82","carbide"
"Mild Steel (Metric)","Kennametal 10mm 4F Flat","Kennametal Endmills 4+ Flute (Metric)","flat end mill","10","4","14","41",,"66","carbide"
"Mild Steel (Metric)","Kennametal 25mm 4F Flat","Kennametal Endmills 4+ Flute (Metric)","flat end mill","25","4","30","58.5",,"121","carbide"
"Mild Steel (Metric)","Kennametal 4mm 4F Flat","Kennametal Endmills 4+ Flute (Metric)","flat end mill","4","4","8","29",,"54","carbide"
"Mild Steel (Metric)","Kennametal 18mm 4F Flat","Kennametal Endmills 4+ Flute (Metric)","flat end mill","18","4","24","47",,"92","carbide"
"Mild Steel (Metric)","Kennametal 3.5mm 4F Flat","Kennametal Endmills 4+ Flute (Metric)","flat end mill","3.5","4","7","29",,"54","carbide"
"Mild Steel (Metric)","Kennametal 3mm 4F Flat","Kennametal Endmills 4+ Flute (Metric)","flat end mill","3","4","6","29",,"54","carbide"
"Mild Steel (Metric)","Kennametal 2.5mm 4F Flat","Kennametal Endmills 4+ Flute (Metric)","flat end mill","2.5","4","5","29",,"54","carbide"
"Mild Steel (Metric)","Kennametal 2mm 4F Flat","Kennametal Endmills 4+ Flute (Metric)","flat end mill","2","4","4","29",,"54","carbide"
"Mild Steel (Metric)","Kennametal 16mm 4F Flat","Kennametal Endmills 4+ Flute (Metric)","flat end mill","16","4","22","42",,"82","carbide"
"Mild Steel (Metric)","Kennametal 25mm 4F Flat","Kennametal Endmills 4+ Flute (Metric)","flat end mill","25","4","30","58.5",,"121","carbide"
"Mild Steel (Metric)","Kennametal 20mm 4F Flat","Kennametal Endmills 4+ Flute (Metric)","flat end mill","20","4","26","42",,"92","carbide"
"Mild Steel (Metric)","Kennametal 12mm 4F Flat","Kennametal Endmills 4+ Flute (Metric)","flat end mill","12","4","16","43",,"73","carbide"
"Mild Steel (Metric)","Kennametal 18mm 4F Flat","Kennametal Endmills 4+ Flute (Metric)","flat end mill","18","4","24","47",,"92","carbide"
"Mild Steel (Metric)","Kennametal 14mm 4F Flat","Kennametal Endmills 4+ Flute (Metric)","flat end mill","14","4","18","40",,"75","carbide"
"Mild Steel (Metric)","Kennametal 8mm 4F Flat","Kennametal Endmills 4+ Flute (Metric)","flat end mill","8","4","12","33",,"58","carbide"
"Mild Steel (Metric)","Kennametal 10mm 4F Flat","Kennametal Endmills 4+ Flute (Metric)","flat end mill","10","4","14","41",,"66","carbide"
"Mild Steel (Metric)","Kennametal 6mm 4F Flat","Kennametal Endmills 4+ Flute (Metric)","flat end mill","6","4","10","29",,"54","carbide"
"Mild Steel (Metric)","Kennametal 5mm 4F Flat","Kennametal Endmills 4+ Flute (Metric)","flat end mill","5","4","9","29",,"54","carbide"
"Mild Steel (Metric)","Kennametal 3.5mm 4F Flat","Kennametal Endmills 4+ Flute (Metric)","flat end mill","3.5","4","7","29",,"54","carbide"
"Mild Steel (Metric)","Kennametal 4mm 4F Flat","Kennametal Endmills 4+ Flute (Metric)","flat end mill","4","4","8","29",,"54","carbide"
"Mild Steel (Metric)","Kennametal 2.5mm 4F Flat","Kennametal Endmills 4+ Flute (Metric)","flat end mill","2.5","4","5","29",,"54","carbide"
"Mild Steel (Metric)","Kennametal 2mm 4F Flat","Kennametal Endmills 4+ Flute (Metric)","flat end mill","2","4","4","29",,"54","carbide"
"Mild Steel (Metric)","Kennametal 3mm 4F Flat","Kennametal Endmills 4+ Flute (Metric)","flat end mill","3","4","6","29",,"54","carbide"
"Mild Steel (Metric)","Kennametal 25mm 4F Flat","Kennametal Endmills 4+ Flute (Metric)","flat end mill","25","4","30","58.5",,"121","carbide"
"Mild Steel (Metric)","Kennametal 6mm 4F Flat","Kennametal Endmills 4+ Flute (Metric)","flat end mill","6","4","10","29",,"54","carbide"
"Mild Steel (Metric)","Kennametal 12mm 4F Flat","Kennametal Endmills 4+ Flute (Metric)","flat end mill","12","4","16","43",,"73","carbide"
"Mild Steel (Metric)","Kennametal 8mm 4F Flat","Kennametal Endmills 4+ Flute (Metric)","flat end mill","8","4","12","33",,"58","carbide"
"Mild Steel (Metric)","Kennametal 18mm 4F Flat","Kennametal Endmills 4+ Flute (Metric)","flat end mill","18","4","24","47",,"92","carbide"
"Mild Steel (Metric)","Kennametal 5mm 4F Flat","Kennametal Endmills 4+ Flute (Metric)","flat end mill","5","4","9","29",,"54","carbide"
"Mild Steel (Metric)","Kennametal 20mm 4F Flat","Kennametal Endmills 4+ Flute (Metric)","flat end mill","20","4","26","42",,"92","carbide"
"Mild Steel (Metric)","Kennametal 2.5mm 4F Flat","Kennametal Endmills 4+ Flute (Metric)","flat end mill","2.5","4","5","29",,"54","carbide"
"Mild Steel (Metric)","Kennametal 3.5mm 4F Flat","Kennametal Endmills 4+ Flute (Metric)","flat end mill","3.5","4","7","29",,"54","carbide"
"Mild Steel (Metric)","Kennametal 4mm 4F Flat","Kennametal Endmills 4+ Flute (Metric)","flat end mill","4","4","8","29",,"54","carbide"
"Mild Steel (Metric)","Kennametal 3mm 4F Flat","Kennametal Endmills 4+ Flute (Metric)","flat end mill","3","4","6","29",,"54","carbide"
"Mild Steel (Metric)","Kennametal 14mm 4F Flat","Kennametal Endmills 4+ Flute (Metric)","flat end mill","14","4","18","40",,"75","carbide"
"Mild Steel (Metric)","Kennametal 10mm 4F Flat","Kennametal Endmills 4+ Flute (Metric)","flat end mill","10","4","14","41",,"66","carbide"
"Mild Steel (Metric)","Kennametal 16mm 4F Flat","Kennametal Endmills 4+ Flute (Metric)","flat end mill","16","4","22","42",,"82","carbide"
"Mild Steel (Metric)","Kennametal 2mm 4F Flat","Kennametal Endmills 4+ Flute (Metric)","flat end mill","2","4","4","29",,"54","carbide"
"Mild Steel (Metric)","Kennametal 4mm 4F Ball","Kennametal Endmills 4+ Flute (Metric)","ball end mill","4","4","4","25",,"50","carbide"
"Mild Steel (Metric)","Kennametal 16mm 4F Ball","Kennametal Endmills 4+ Flute (Metric)","ball end mill","16","4","16","110",,"150","carbide"
"Mild Steel (Metric)","Kennametal 2mm 4F Ball","Kennametal Endmills 4+ Flute (Metric)","ball end mill","2","4","2","25",,"50","carbide"
"Mild Steel (Metric)","Kennametal 8mm 4F Ball","Kennametal Endmills 4+ Flute (Metric)","ball end mill","8","4","8","75",,"100","carbide"
"Mild Steel (Metric)","Kennametal 5mm 4F Ball","Kennametal Endmills 4+ Flute (Metric)","ball end mill","5","4","5","38",,"63","carbide"
"Mild Steel (Metric)","Kennametal 6mm 4F Ball","Kennametal Endmills 4+ Flute (Metric)","ball end mill","6","4","6","51",,"76","carbide"
"Mild Steel (Metric)","Kennametal 10mm 4F Ball","Kennametal Endmills 4+ Flute (Metric)","ball end mill","10","4","10","96",,"121","carbide"
"Mild Steel (Metric)","Kennametal 12mm 4F Ball","Kennametal Endmills 4+ Flute (Metric)","ball end mill","12","4","12","95",,"125","carbide"
"Mild Steel (Metric)","Kennametal 20mm 4F Ball","Kennametal Endmills 4+ Flute (Metric)","ball end mill","20","4","20","116",,"166","carbide"
"Mild Steel (Metric)","Kennametal 3mm 4F Ball","Kennametal Endmills 4+ Flute (Metric)","ball end mill","3","4","3","25",,"50","carbide"
"Mild Steel (Metric)","Kennametal 5mm 4F Ball","Kennametal Endmills 4+ Flute (Metric)","ball end mill","5","4","13","30",,"55","carbide"
"Mild Steel (Metric)","Kennametal 6mm 4F Ball","Kennametal Endmills 4+ Flute (Metric)","ball end mill","6","4","15","30",,"55","carbide"
"Mild Steel (Metric)","Kennametal 10mm 4F Ball","Kennametal Endmills 4+ Flute (Metric)","ball end mill","10","4","25","51",,"76","carbide"
"Mild Steel (Metric)","Kennametal 4mm 4F Ball","Kennametal Endmills 4+ Flute (Metric)","ball end mill","4","4","10","25",,"50","carbide"
"Mild Steel (Metric)","Kennametal 3mm 4F Ball","Kennametal Endmills 4+ Flute (Metric)","ball end mill","3","4","8","25",,"50","carbide"
"Mild Steel (Metric)","Kennametal 2mm 4F Ball","Kennametal Endmills 4+ Flute (Metric)","ball end mill","2","4","5","25",,"50","carbide"
"Mild Steel (Metric)","Kennametal 16mm 4F Ball","Kennametal Endmills 4+ Flute (Metric)","ball end mill","16","4","40","70",,"110","carbide"
"Mild Steel (Metric)","Kennametal 8mm 4F Ball","Kennametal Endmills 4+ Flute (Metric)","ball end mill","8","4","20","38",,"63","carbide"
"Mild Steel (Metric)","Kennametal 20mm 4F Ball","Kennametal Endmills 4+ Flute (Metric)","ball end mill","20","4","50","100",,"150","carbide"
"Mild Steel (Metric)","Kennametal 12mm 4F Ball","Kennametal Endmills 4+ Flute (Metric)","ball end mill","12","4","30","53",,"83","carbide"
"Mild Steel (Metric)","Kennametal 12mm 4F Bull R4","Kennametal Endmills 4+ Flute (Metric)","bull nose end mill","12","4","26","70","4","100","carbide"
"Mild Steel (Metric)","Kennametal 16mm 4F Bull R6","Kennametal Endmills 4+ Flute (Metric)","bull nose end mill","16","4","32","85","6","125","carbide"
"Mild Steel (Metric)","Kennametal 16mm 4F Bull R0.5","Kennametal Endmills 4+ Flute (Metric)","bull nose end mill","16","4","32","85","0.5","125","carbide"
"Mild Steel (Metric)","Kennametal 25mm 4F Bull R6","Kennametal Endmills 4+ Flute (Metric)","bull nose end mill","25","4","45","72.5","6","135","carbide"
"Mild Steel (Metric)","Kennametal 16mm 4F Bull R2","Kennametal Endmills 4+ Flute (Metric)","bull nose end mill","16","4","32","85","2","125","carbide"
"Mild Steel (Metric)","Kennametal 12mm 4F Bull R3","Kennametal Endmills 4+ Flute (Metric)","bull nose end mill","12","4","26","70","3","100","carbide"
"Mild Steel (Metric)","Kennametal 20mm 4F Bull R2","Kennametal Endmills 4+ Flute (Metric)","bull nose end mill","20","4","38","75","2","125","carbide"
"Mild Steel (Metric)","Kennametal 25mm 4F Bull R2","Kennametal Endmills 4+ Flute (Metric)","bull nose end mill","25","4","45","72.5","2","135","carbide"
"Mild Steel (Metric)","Kennametal 25mm 4F Bull R3","Kennametal Endmills 4+ Flute (Metric)","bull nose end mill","25","4","45","72.5","3","135","carbide"
"Mild Steel (Metric)","Kennametal 20mm 4F Bull R6","Kennametal Endmills 4+ Flute (Metric)","bull nose end mill","20","4","38","75","6","125","carbide"
"Mild Steel (Metric)","Kennametal 25mm 4F Bull R0.5","Kennametal Endmills 4+ Flute (Metric)","bull nose end mill","25","4","45","72.5","0.5","135","carbide"
"Mild Steel (Metric)","Kennametal 20mm 4F Bull R2.5","Kennametal Endmills 4+ Flute (Metric)","bull nose end mill","20","4","38","75","2.5","125","carbide"
"Mild Steel (Metric)","Kennametal 20mm 4F Bull R4","Kennametal Endmills 4+ Flute (Metric)","bull nose end mill","20","4","38","75","4","125","carbide"
"Mild Steel (Metric)","Kennametal 25mm 4F Bull R4","Kennametal Endmills 4+ Flute (Metric)","bull nose end mill","25","4","45","72.5","4","135","carbide"
"Mild Steel (Metric)","Kennametal 25mm 4F Bull R2.5","Kennametal Endmills 4+ Flute (Metric)","bull nose end mill","25","4","45","72.5","2.5","135","carbide"
"Mild Steel (Metric)","Kennametal 12mm 4F Bull R2.5","Kennametal Endmills 4+ Flute (Metric)","bull nose end mill","12","4","26","70","2.5","100","carbide"
"Mild Steel (Metric)","Kennametal 16mm 4F Bull R2.5","Kennametal Endmills 4+ Flute (Metric)","bull nose end mill","16","4","32","85","2.5","125","carbide"
"Mild Steel (Metric)","Kennametal 16mm 4F Bull R3","Kennametal Endmills 4+ Flute (Metric)","bull nose end mill","16","4","32","85","3","125","carbide"
"Mild Steel (Metric)","Kennametal 12mm 4F Bull R2","Kennametal Endmills 4+ Flute (Metric)","bull nose end mill","12","4","26","70","2","100","carbide"
"Mild Steel (Metric)","Kennametal 12mm 4F Bull R1","Kennametal Endmills 4+ Flute (Metric)","bull nose end mill","12","4","26","70","1","100","carbide"
"Mild Steel (Metric)","Kennametal 6mm 4F Bull R1","Kennametal Endmills 4+ Flute (Metric)","bull nose end mill","6","4","13","45","1","70","carbide"
"Mild Steel (Metric)","Kennametal 4mm 4F Bull R0.25","Kennametal Endmills 4+ Flute (Metric)","bull nose end mill","4","4","11","32","0.25","57","carbide"
"Mild Steel (Metric)","Kennametal 8mm 4F Bull R0.5","Kennametal Endmills 4+ Flute (Metric)","bull nose end mill","8","4","19","51","0.5","76","carbide"
"Mild Steel (Metric)","Kennametal 6mm 4F Bull R0.5","Kennametal Endmills 4+ Flute (Metric)","bull nose end mill","6","4","13","45","0.5","70","carbide"
"Mild Steel (Metric)","Kennametal 8mm 4F Bull R1","Kennametal Endmills 4+ Flute (Metric)","bull nose end mill","8","4","19","51","1","76","carbide"
"Mild Steel (Metric)","Kennametal 10mm 4F Bull R0.5","Kennametal Endmills 4+ Flute (Metric)","bull nose end mill","10","4","22","75","0.5","100","carbide"
"Mild Steel (Metric)","Kennametal 10mm 4F Bull R2","Kennametal Endmills 4+ Flute (Metric)","bull nose end mill","10","4","22","75","2","100","carbide"
"Mild Steel (Metric)","Kennametal 10mm 4F Bull R1","Kennametal Endmills 4+ Flute (Metric)","bull nose end mill","10","4","22","75","1","100","carbide"
"Mild Steel (Metric)","Kennametal 10mm 4F Bull R2.5","Kennametal Endmills 4+ Flute (Metric)","bull nose end mill","10","4","22","75","2.5","100","carbide"
"Mild Steel (Metric)","Kennametal 10mm 4F Bull R3","Kennametal Endmills 4+ Flute (Metric)","bull nose end mill","10","4","22","75","3","100","carbide"
"Mild Steel (Metric)","Kennametal 10mm 4F Bull R4","Kennametal Endmills 4+ Flute (Metric)","bull nose end mill","10","4","22","75","4","100","carbide"
"Mild Steel (Metric)","Kennametal 4mm 4F Bull R0.5","Kennametal Endmills 4+ Flute (Metric)","bull nose end mill","4","4","11","32","0.5","57","carbide"
"Mild Steel (Metric)","Kennametal 12mm 4F Bull R0.5","Kennametal Endmills 4+ Flute (Metric)","bull nose end mill","12","4","26","70","0.5","100","carbide"
"Mild Steel (Metric)","Kennametal 12mm 4F Bull R1","Kennametal Endmills 4+ Flute (Metric)","bull nose end mill","12","4","26","70","1","100","carbide"
"Mild Steel (Metric)","Kennametal 12mm 4F Bull R3","Kennametal Endmills 4+ Flute (Metric)","bull nose end mill","12","4","26","70","3","100","carbide"
"Mild Steel (Metric)","Kennametal 12mm 4F Bull R2","Kennametal Endmills 4+ Flute (Metric)","bull nose end mill","12","4","26","70","2","100","carbide"
"Mild Steel (Metric)","Kennametal 12mm 4F Bull R2.5","Kennametal Endmills 4+ Flute (Metric)","bull nose end mill","12","4","26","70","2.5","100","carbide"
"Mild Steel (Metric)","Kennametal 12mm 4F Bull R4","Kennametal Endmills 4+ Flute (Metric)","bull nose end mill","12","4","26","70","4","100","carbide"
"Mild Steel (Metric)","Kennametal 16mm 4F Bull R1","Kennametal Endmills 4+ Flute (Metric)","bull nose end mill","16","4","32","85","1","125","carbide"
"Mild Steel (Metric)","Kennametal 16mm 4F Bull R0.5","Kennametal Endmills 4+ Flute (Metric)","bull nose end mill","16","4","32","85","0.5","125","carbide"
"Mild Steel (Metric)","Kennametal 16mm 4F Bull R2.5","Kennametal Endmills 4+ Flute (Metric)","bull nose end mill","16","4","32","85","2.5","125","carbide"
"Mild Steel (Metric)","Kennametal 16mm 4F Bull R4","Kennametal Endmills 4+ Flute (Metric)","bull nose end mill","16","4","32","85","4","125","carbide"
"Mild Steel (Metric)","Kennametal 16mm 4F Bull R6","Kennametal Endmills 4+ Flute (Metric)","bull nose end mill","16","4","32","85","6","125","carbide"
"Mild Steel (Metric)","Kennametal 20mm 4F Bull R0.5","Kennametal Endmills 4+ Flute (Metric)","bull nose end mill","20","4","38","75","0.5","125","carbide"
"Mild Steel (Metric)","Kennametal 20mm 4F Bull R2.5","Kennametal Endmills 4+ Flute (Metric)","bull nose end mill","20","4","38","75","2.5","125","carbide"
"Mild Steel (Metric)","Kennametal 20mm 4F Bull R1","Kennametal Endmills 4+ Flute (Metric)","bull nose end mill","20","4","38","75","1","125","carbide"
"Mild Steel (Metric)","Kennametal 20mm 4F Bull R2","Kennametal Endmills 4+ Flute (Metric)","bull nose end mill","20","4","38","75","2","125","carbide"
"Mild Steel (Metric)","Kennametal 20mm 4F Bull R4","Kennametal Endmills 4+ Flute (Metric)","bull nose end mill","20","4","38","75","4","125","carbide"
"Mild Steel (Metric)","Kennametal 20mm 4F Bull R3","Kennametal Endmills 4+ Flute (Metric)","bull nose end mill","20","4","38","75","3","125","carbide"
"Mild Steel (Metric)","Kennametal 20mm 4F Bull R6","Kennametal Endmills 4+ Flute (Metric)","bull nose end mill","20","4","38","75","6","125","carbide"
"Mild Steel (Metric)","Kennametal 16mm 4F Bull R3","Kennametal Endmills 4+ Flute (Metric)","bull nose end mill","16","4","32","85","3","125","carbide"
"Mild Steel (Metric)","Kennametal 16mm 4F Bull R2","Kennametal Endmills 4+ Flute (Metric)","bull nose end mill","16","4","32","85","2","125","carbide"
"Mild Steel (Metric)","Kennametal 25mm 4F Bull R0.5","Kennametal Endmills 4+ Flute (Metric)","bull nose end mill","25","4","45","72.5","0.5","135","carbide"
"Mild Steel (Metric)","Kennametal 25mm 4F Bull R1","Kennametal Endmills 4+ Flute (Metric)","bull nose end mill","25","4","45","72.5","1","135","carbide"
"Mild Steel (Metric)","Kennametal 25mm 4F Bull R2","Kennametal Endmills 4+ Flute (Metric)","bull nose end mill","25","4","45","72.5","2","135","carbide"
"Mild Steel (Metric)","Kennametal 25mm 4F Bull R2.5","Kennametal Endmills 4+ Flute (Metric)","bull nose end mill","25","4","45","72.5","2.5","135","carbide"
"Mild Steel (Metric)","Kennametal 25mm 4F Bull R4","Kennametal Endmills 4+ Flute (Metric)","bull nose end mill","25","4","45","72.5","4","135","carbide"
"Mild Steel (Metric)","Kennametal 25mm 4F Bull R6","Kennametal Endmills 4+ Flute (Metric)","bull nose end mill","25","4","45","72.5","6","135","carbide"
"Mild Steel (Metric)","Kennametal 25mm 4F Bull R3","Kennametal Endmills 4+ Flute (Metric)","bull nose end mill","25","4","45","72.5","3","135","carbide"
"Mild Steel (Metric)","Kennametal 4mm 4F Bull R0.5","Kennametal Endmills 4+ Flute (Metric)","bull nose end mill","4","4","11","32","0.5","57","carbide"
"Mild Steel (Metric)","Kennametal 8mm 4F Bull R1","Kennametal Endmills 4+ Flute (Metric)","bull nose end mill","8","4","19","51","1","76","carbide"
"Mild Steel (Metric)","Kennametal 6mm 4F Bull R0.5","Kennametal Endmills 4+ Flute (Metric)","bull nose end mill","6","4","13","45","0.5","70","carbide"
"Mild Steel (Metric)","Kennametal 6mm 4F Bull R1","Kennametal Endmills 4+ Flute (Metric)","bull nose end mill","6","4","13","45","1","70","carbide"
"Mild Steel (Metric)","Kennametal 8mm 4F Bull R0.5","Kennametal Endmills 4+ Flute (Metric)","bull nose end mill","8","4","19","51","0.5","76","carbide"
"Mild Steel (Metric)","Kennametal 10mm 4F Bull R0.5","Kennametal Endmills 4+ Flute (Metric)","bull nose end mill","10","4","22","75","0.5","100","carbide"
"Mild Steel (Metric)","Kennametal 10mm 4F Bull R1","Kennametal Endmills 4+ Flute (Metric)","bull nose end mill","10","4","22","75","1","100","carbide"
"Mild Steel (Metric)","Kennametal 4mm 4F Bull R0.25","Kennametal Endmills 4+ Flute (Metric)","bull nose end mill","4","4","11","32","0.25","57","carbide"
"Mild Steel (Metric)","Kennametal 10mm 4F Bull R4","Kennametal Endmills 4+ Flute (Metric)","bull nose end mill","10","4","22","75","4","100","carbide"
"Mild Steel (Metric)","Kennametal 12mm 4F Bull R0.5","Kennametal Endmills 4+ Flute (Metric)","bull nose end mill","12","4","26","70","0.5","100","carbide"
"Mild Steel (Metric)","Kennametal 12mm 4F Bull R1","Kennametal Endmills 4+ Flute (Metric)","bull nose end mill","12","4","26","70","1","100","carbide"
"Mild Steel (Metric)","Kennametal 12mm 4F Bull R2.5","Kennametal Endmills 4+ Flute (Metric)","bull nose end mill","12","4","26","70","2.5","100","carbide"
"Mild Steel (Metric)","Kennametal 12mm 4F Bull R2","Kennametal Endmills 4+ Flute (Metric)","bull nose end mill","12","4","26","70","2","100","carbide"
"Mild Steel (Metric)","Kennametal 12mm 4F Bull R3","Kennametal Endmills 4+ Flute (Metric)","bull nose end mill","12","4","26","70","3","100","carbide"
"Mild Steel (Metric)","Kennametal 12mm 4F Bull R4","Kennametal Endmills 4+ Flute (Metric)","bull nose end mill","12","4","26","70","4","100","carbide"
"Mild Steel (Metric)","Kennametal 10mm 4F Bull R3","Kennametal Endmills 4+ Flute (Metric)","bull nose end mill","10","4","22","75","3","100","carbide"
"Mild Steel (Metric)","Kennametal 10mm 4F Bull R2.5","Kennametal Endmills 4+ Flute (Metric)","bull nose end mill","10","4","22","75","2.5","100","carbide"
"Mild Steel (Metric)","Kennametal 10mm 4F Bull R2","Kennametal Endmills 4+ Flute (Metric)","bull nose end mill","10","4","22","75","2","100","carbide"
"Mild Steel (Metric)","Kennametal 16mm 4F Bull R1","Kennametal Endmills 4+ Flute (Metric)","bull nose end mill","16","4","32","85","1","125","carbide"
"Mild Steel (Metric)","Kennametal 16mm 4F Bull R0.5","Kennametal Endmills 4+ Flute (Metric)","bull nose end mill","16","4","32","85","0.5","125","carbide"
"Mild Steel (Metric)","Kennametal 16mm 4F Bull R2","Kennametal Endmills 4+ Flute (Metric)","bull nose end mill","16","4","32","85","2","125","carbide"
"Mild Steel (Metric)","Kennametal 16mm 4F Bull R4","Kennametal Endmills 4+ Flute (Metric)","bull nose end mill","16","4","32","85","4","125","carbide"
"Mild Steel (Metric)","Kennametal 16mm 4F Bull R2.5","Kennametal Endmills 4+ Flute (Metric)","bull nose end mill","16","4","32","85","2.5","125","carbide"
"Mild Steel (Metric)","Kennametal 16mm 4F Bull R6","Kennametal Endmills 4+ Flute (Metric)","bull nose end mill","16","4","32","85","6","125","carbide"
"Mild Steel (Metric)","Kennametal 16mm 4F Bull R3","Kennametal Endmills 4+ Flute (Metric)","bull nose end mill","16","4","32","85","3","125","carbide"
"Mild Steel (Metric)","Kennametal 20mm 4F Bull R2.5","Kennametal Endmills 4+ Flute (Metric)","bull nose end mill","20","4","38","75","2.5","125","carbide"
"Mild Steel (Metric)","Kennametal 20mm 4F Bull R3","Kennametal Endmills 4+ Flute (Metric)","bull nose end mill","20","4","38","75","3","125","carbide"
"Mild Steel (Metric)","Kennametal 20mm 4F Bull R4","Kennametal Endmills 4+ Flute (Metric)","bull nose end mill","20","4","38","75","4","125","carbide"
"Mild Steel (Metric)","Kennametal 20mm 4F Bull R6","Kennametal Endmills 4+ Flute (Metric)","bull nose end mill","20","4","38","75","6","125","carbide"
"Mild Steel (Metric)","Kennametal 20mm 4F Bull R2","Kennametal Endmills 4+ Flute (Metric)","bull nose end mill","20","4","38","75","2","125","carbide"
"Mild Steel (Metric)","Kennametal 25mm 4F Bull R0.5","Kennametal Endmills 4+ Flute (Metric)","bull nose end mill","25","4","45","72.5","0.5","135","carbide"
"Mild Steel (Metric)","Kennametal 25mm 4F Bull R2","Kennametal Endmills 4+ Flute (Metric)","bull nose end mill","25","4","45","72.5","2","135","carbide"
"Mild Steel (Metric)","Kennametal 25mm 4F Bull R1","Kennametal Endmills 4+ Flute (Metric)","bull nose end mill","25","4","45","72.5","1","135","carbide"
"Mild Steel (Metric)","Kennametal 25mm 4F Bull R3","Kennametal Endmills 4+ Flute (Metric)","bull nose end mill","25","4","45","72.5","3","135","carbide"
"Mild Steel (Metric)","Kennametal 25mm 4F Bull R4","Kennametal Endmills 4+ Flute (Metric)","bull nose end mill","25","4","45","72.5","4","135","carbide"
"Mild Steel (Metric)","Kennametal 25mm 4F Bull R2.5","Kennametal Endmills 4+ Flute (Metric)","bull nose end mill","25","4","45","72.5","2.5","135","carbide"
"Mild Steel (Metric)","Kennametal 25mm 4F Bull R6","Kennametal Endmills 4+ Flute (Metric)","bull nose end mill","25","4","45","72.5","6","135","carbide"
"Mild Steel (Metric)","Kennametal 20mm 4F Bull R1","Kennametal Endmills 4+ Flute (Metric)","bull nose end mill","20","4","38","75","1","125","carbide"
"Mild Steel (Metric)","Kennametal 20mm 4F Bull R0.5","Kennametal Endmills 4+ Flute (Metric)","bull nose end mill","20","4","38","75","0.5","125","carbide"
"Stainless (Metric)","16mm Countersink 82??","Countersinks (Metric)","counter sink","16","3","6","25",,"50","carbide"
"Stainless (Metric)","16mm Countersink 90??","Countersinks (Metric)","counter sink","16","3","6","25",,"50","carbide"
"Stainless (Metric)","14mm Countersink 90??","Countersinks (Metric)","counter sink","14","4","7","25",,"50","carbide"
"Stainless (Metric)","14mm Countersink 90??","Countersinks (Metric)","counter sink","14","3","5","25",,"50","carbide"
"Stainless (Metric)","12mm Countersink 82??","Countersinks (Metric)","counter sink","12","4","4","25",,"50","carbide"
"Stainless (Metric)","12mm Countersink 90??","Countersinks (Metric)","counter sink","12","3","4","25",,"50","carbide"
"Stainless (Metric)","12mm Countersink 120??","Countersinks (Metric)","counter sink","12","4","3.4","25",,"50","carbide"
"Stainless (Metric)","10mm Countersink 90??","Countersinks (Metric)","counter sink","10","4","5","25",,"50","carbide"
"Stainless (Metric)","10mm Countersink 90??","Countersinks (Metric)","counter sink","10","3","3","25",,"50","carbide"
"Stainless (Metric)","10mm Countersink 82??","Countersinks (Metric)","counter sink","10","4","5","25",,"50","carbide"
"Stainless (Metric)","10mm Countersink 120??","Countersinks (Metric)","counter sink","10","4","2.8","25",,"50","carbide"
"Stainless (Metric)","8mm Countersink 90??","Countersinks (Metric)","counter sink","8","4","4","25",,"50","carbide"
"Stainless (Metric)","8mm Countersink 120??","Countersinks (Metric)","counter sink","8","4","2.3","25",,"50","carbide"
"Stainless (Metric)","6mm Countersink 90??","Countersinks (Metric)","counter sink","6","4","3","25",,"50","carbide"
"Stainless (Metric)","6mm Countersink 82??","Countersinks (Metric)","counter sink","6","4","3","25",,"50","carbide"
"Stainless (Metric)","6mm Countersink 120??","Countersinks (Metric)","counter sink","6","4","1.7","25",,"50","carbide"
"Stainless (Metric)","3mm Countersink 90??","Countersinks (Metric)","counter sink","3","4","1.5","15",,"40","carbide"
"Stainless (Metric)","3mm Countersink 82??","Countersinks (Metric)","counter sink","3","4","2.5","15",,"40","carbide"
"Stainless (Metric)","40mm 6F Face","Steel / Stainless Metric Tools","face mill","40","6","6","50","0","130","carbide"
"Stainless (Metric)","12mm 5F Bull  R0.75","Steel / Stainless Metric Tools","bull nose end mill","12","5","25","45","0.75","70","carbide"
"Stainless (Metric)","12mm 5F Flat","Steel / Stainless Metric Tools","flat end mill","12","5","50","60",,"102","carbide"
"Stainless (Metric)","8mm 5F Bull  R0.5","Steel / Stainless Metric Tools","bull nose end mill","8","5","22","35","0.5","70","carbide"
"Stainless (Metric)","8mm 5F Flat","Steel / Stainless Metric Tools","flat end mill","8","5","20","35",,"70","carbide"
"Stainless (Metric)","5mm 5F Bull  R0.25","Steel / Stainless Metric Tools","bull nose end mill","5","5","12","20","0.25","50","carbide"
"Stainless (Metric)","5mm 4F Flat","Steel / Stainless Metric Tools","flat end mill","5","4","16","25",,"50","carbide"
"Stainless (Metric)","3mm 4F Flat","Steel / Stainless Metric Tools","flat end mill","3","4","8","15",,"35","carbide"
"Stainless (Metric)","1.5mm 4F Flat","Steel / Stainless Metric Tools","flat end mill","1.5","4","3","10",,"40","carbide"
"Stainless (Metric)","10mm 4F Ball","Steel / Stainless Metric Tools","ball end mill","10","4","20","40",,"70","carbide"
"Stainless (Metric)","6mm 4F Ball","Steel / Stainless Metric Tools","ball end mill","6","4","12","25",,"42","carbide"
"Stainless (Metric)","3mm 3F Ball","Steel / Stainless Metric Tools","ball end mill","3","3","5","15",,"31","carbide"
"Stainless (Metric)","6mm 4F Chamfer  41??","Steel / Stainless Metric Tools","chamfer mill","6","4","3","18",,"55","ti coated"
"Stainless (Metric)","8mm 4F Chamfer  45??","Steel / Stainless Metric Tools","chamfer mill","8","4","4","20",,"55","ti coated"
"Stainless (Metric)","0.15mm Drill 118??","Stub & Jobber Drills (Metric)","drill","0.15","1","1.5","4.04",,"6.58","unspecified"
"Stainless (Metric)","0.16mm Drill 118??","Stub & Jobber Drills (Metric)","drill","0.16","1","1.6","4.140000000000001",,"6.680000000000001","unspecified"
"Stainless (Metric)","0.17mm Drill 118??","Stub & Jobber Drills (Metric)","drill","0.17","1","1.7","4.24",,"6.78","unspecified"
"Stainless (Metric)","0.18mm Drill 118??","Stub & Jobber Drills (Metric)","drill","0.18","1","1.8","4.340000000000001",,"6.880000000000001","unspecified"
"Stainless (Metric)","0.19mm Drill 118??","Stub & Jobber Drills (Metric)","drill","0.19","1","1.9","4.44",,"6.98","unspecified"
"Stainless (Metric)","0.2mm Drill 118??","Stub & Jobber Drills (Metric)","drill","0.2","1","2","4.54",,"7.080000000000001","unspecified"
"Stainless (Metric)","0.22mm Drill 118??","Stub & Jobber Drills (Metric)","drill","0.22","1","2.2","4.74",,"7.28","unspecified"
"Stainless (Metric)","0.25mm Drill 118??","Stub & Jobber Drills (Metric)","drill","0.25","1","2.5","5.04",,"7.580000000000001","unspecified"
"Stainless (Metric)","0.28mm Drill 118??","Stub & Jobber Drills (Metric)","drill","0.28","1","2.8","5.340000000000001",,"7.880000000000001","unspecified"
"Stainless (Metric)","0.3mm Drill 118??","Stub & Jobber Drills (Metric)","drill","0.3","1","3","5.54",,"8.08","unspecified"
"Stainless (Metric)","0.32mm Drill 118??","Stub & Jobber Drills (Metric)","drill","0.32","1","3.2","5.74",,"8.28","unspecified"
"Stainless (Metric)","0.35mm Drill 118??","Stub & Jobber Drills (Metric)","drill","0.35","1","3.5","6.04",,"8.58","unspecified"
"Stainless (Metric)","0.38mm Drill 118??","Stub & Jobber Drills (Metric)","drill","0.38","1","3.8","6.340000000000001",,"8.880000000000003","unspecified"
"Stainless (Metric)","0.4mm Drill 118??","Stub & Jobber Drills (Metric)","drill","0.4","1","4","6.540000000000001",,"9.08","unspecified"
"Stainless (Metric)","0.42mm Drill 118??","Stub & Jobber Drills (Metric)","drill","0.42","1","4.2","6.74",,"9.28","unspecified"
"Stainless (Metric)","0.45mm Drill 118??","Stub & Jobber Drills (Metric)","drill","0.45","1","4.5","7.040000000000001",,"9.58","unspecified"
"Stainless (Metric)","0.48mm Drill 118??","Stub & Jobber Drills (Metric)","drill","0.48","1","4.800000000000002","7.340000000000001",,"9.88","unspecified"
"Stainless (Metric)","0.5mm Drill 118??","Stub & Jobber Drills (Metric)","drill","0.5","1","5","7.540000000000001",,"10.08","unspecified"
"Stainless (Metric)","0.55mm Drill 118??","Stub & Jobber Drills (Metric)","drill","0.55","1","5.5","8.040000000000001",,"10.58","unspecified"
"Stainless (Metric)","0.6mm Drill 118??","Stub & Jobber Drills (Metric)","drill","0.6","1","6","8.540000000000001",,"11.08","unspecified"
"Stainless (Metric)","0.65mm Drill 118??","Stub & Jobber Drills (Metric)","drill","0.65","1","6.500000000000001","9.04",,"11.58","unspecified"
"Stainless (Metric)","0.7mm Drill 118??","Stub & Jobber Drills (Metric)","drill","0.7","1","7","9.54",,"12.08","unspecified"
"Stainless (Metric)","0.75mm Drill 118??","Stub & Jobber Drills (Metric)","drill","0.75","1","7.500000000000001","10.04",,"12.58","unspecified"
"Stainless (Metric)","0.8mm Drill 118??","Stub & Jobber Drills (Metric)","drill","0.8","1","8","10.54",,"13.08","unspecified"
"Stainless (Metric)","0.85mm Drill 118??","Stub & Jobber Drills (Metric)","drill","0.85","1","8.5","11.04",,"13.58","unspecified"
"Stainless (Metric)","0.9mm Drill 118??","Stub & Jobber Drills (Metric)","drill","0.9","1","9","11.54",,"14.08","unspecified"
"Stainless (Metric)","0.95mm Drill 118??","Stub & Jobber Drills (Metric)","drill","0.95","1","9.5","12.04",,"14.58","unspecified"
"Stainless (Metric)","1mm Drill 118??","Stub & Jobber Drills (Metric)","drill","1","1","10","12.54",,"15.08","unspecified"
"Stainless (Metric)","1.1mm Drill 118??","Stub & Jobber Drills (Metric)","drill","1.05","1","10.5","13.04",,"15.58","unspecified"
"Stainless (Metric)","1.1mm Drill 118??","Stub & Jobber Drills (Metric)","drill","1.1","1","11","13.54",,"16.08","unspecified"
"Stainless (Metric)","1.1mm Drill 118??","Stub & Jobber Drills (Metric)","drill","1.15","1","11.5","14.04",,"16.58","unspecified"
"Stainless (Metric)","1.2mm Drill 118??","Stub & Jobber Drills (Metric)","drill","1.2","1","12","14.54",,"17.08","unspecified"
"Stainless (Metric)","1.3mm Drill 118??","Stub & Jobber Drills (Metric)","drill","1.25","1","12.5","15.04",,"17.58","unspecified"
"Stainless (Metric)","1.3mm Drill 118??","Stub & Jobber Drills (Metric)","drill","1.3","1","13","15.54",,"18.08","unspecified"
"Stainless (Metric)","1.4mm Drill 118??","Stub & Jobber Drills (Metric)","drill","1.35","1","13.5","16.04",,"18.58","unspecified"
"Stainless (Metric)","1.4mm Drill 118??","Stub & Jobber Drills (Metric)","drill","1.4","1","14","16.54",,"19.08","unspecified"
"Stainless (Metric)","1.4mm Drill 118??","Stub & Jobber Drills (Metric)","drill","1.45","1","14.5","17.04",,"19.58","unspecified"
"Stainless (Metric)","1.5mm Drill 118??","Stub & Jobber Drills (Metric)","drill","1.5","1","15","17.54",,"20.08","unspecified"
"Stainless (Metric)","1.6mm Drill 118??","Stub & Jobber Drills (Metric)","drill","1.55","1","15.5","18.04",,"20.58","unspecified"
"Stainless (Metric)","1.6mm Drill 118??","Stub & Jobber Drills (Metric)","drill","1.6","1","16","18.54",,"21.08","unspecified"
"Stainless (Metric)","1.6mm Drill 118??","Stub & Jobber Drills (Metric)","drill","1.65","1","16.5","19.04",,"21.58","unspecified"
"Stainless (Metric)","1.7mm Drill 118??","Stub & Jobber Drills (Metric)","drill","1.7","1","17","19.54",,"22.08","unspecified"
"Stainless (Metric)","1.8mm Drill 118??","Stub & Jobber Drills (Metric)","drill","1.75","1","17.5","20.04",,"22.58","unspecified"
"Stainless (Metric)","1.8mm Drill 118??","Stub & Jobber Drills (Metric)","drill","1.8","1","18","20.54",,"23.08","unspecified"
"Stainless (Metric)","1.9mm Drill 118??","Stub & Jobber Drills (Metric)","drill","1.85","1","18.5","21.04",,"23.58","unspecified"
"Stainless (Metric)","1.9mm Drill 118??","Stub & Jobber Drills (Metric)","drill","1.9","1","19","21.54",,"24.08","unspecified"
"Stainless (Metric)","1.9mm Drill 118??","Stub & Jobber Drills (Metric)","drill","1.95","1","19.5","22.04",,"24.58","unspecified"
"Stainless (Metric)","2mm Drill 118??","Stub & Jobber Drills (Metric)","drill","2","1","20","22.54",,"25.08","unspecified"
"Stainless (Metric)","2mm Drill 118??","Stub & Jobber Drills (Metric)","drill","2.05","1","20.5","23.04",,"25.58","unspecified"
"Stainless (Metric)","2.1mm Drill 118??","Stub & Jobber Drills (Metric)","drill","2.1","1","21","23.54",,"26.08","unspecified"
"Stainless (Metric)","2.1mm Drill 118??","Stub & Jobber Drills (Metric)","drill","2.15","1","21.5","24.04",,"26.58","unspecified"
"Stainless (Metric)","2.2mm Drill 118??","Stub & Jobber Drills (Metric)","drill","2.2","1","22","24.54",,"27.08","unspecified"
"Stainless (Metric)","2.3mm Drill 118??","Stub & Jobber Drills (Metric)","drill","2.25","1","22.5","25.04",,"27.58","unspecified"
"Stainless (Metric)","2.3mm Drill 118??","Stub & Jobber Drills (Metric)","drill","2.3","1","23","25.54",,"28.08","unspecified"
"Stainless (Metric)","2.4mm Drill 118??","Stub & Jobber Drills (Metric)","drill","2.35","1","23.5","26.04",,"28.58","unspecified"
"Stainless (Metric)","2.4mm Drill 118??","Stub & Jobber Drills (Metric)","drill","2.4","1","24","26.54",,"29.08","unspecified"
"Stainless (Metric)","2.5mm Drill 118??","Stub & Jobber Drills (Metric)","drill","2.45","1","24.5","27.04",,"29.58","unspecified"
"Stainless (Metric)","2.5mm Drill 118??","Stub & Jobber Drills (Metric)","drill","2.5","1","25","27.54",,"30.08","unspecified"
"Stainless (Metric)","2.6mm Drill 118??","Stub & Jobber Drills (Metric)","drill","2.6","1","26","28.54",,"31.08","unspecified"
"Stainless (Metric)","2.7mm Drill 118??","Stub & Jobber Drills (Metric)","drill","2.7","1","27","29.54",,"32.08000000000001","unspecified"
"Stainless (Metric)","2.8mm Drill 118??","Stub & Jobber Drills (Metric)","drill","2.8","1","28","30.54",,"33.08000000000001","unspecified"
"Stainless (Metric)","2.9mm Drill 118??","Stub & Jobber Drills (Metric)","drill","2.9","1","29","31.54",,"34.08000000000001","unspecified"
"Stainless (Metric)","3mm Drill 118??","Stub & Jobber Drills (Metric)","drill","3","1","30","32.54",,"35.08000000000001","unspecified"
"Stainless (Metric)","3.1mm Drill 118??","Stub & Jobber Drills (Metric)","drill","3.1","1","31","33.54",,"36.08000000000001","unspecified"
"Stainless (Metric)","3.2mm Drill 118??","Stub & Jobber Drills (Metric)","drill","3.2","1","32","34.54",,"37.08000000000001","unspecified"
"Stainless (Metric)","3.3mm Drill 118??","Stub & Jobber Drills (Metric)","drill","3.3","1","33","35.54000000000001",,"38.08000000000001","unspecified"
"Stainless (Metric)","3.4mm Drill 118??","Stub & Jobber Drills (Metric)","drill","3.4","1","34","36.54000000000001",,"39.08000000000001","unspecified"
"Stainless (Metric)","3.5mm Drill 118??","Stub & Jobber Drills (Metric)","drill","3.5","1","35","37.54000000000001",,"40.08000000000001","unspecified"
"Stainless (Metric)","3.6mm Drill 118??","Stub & Jobber Drills (Metric)","drill","3.6","1","36","38.54000000000001",,"41.08000000000001","unspecified"
"Stainless (Metric)","3.7mm Drill 118??","Stub & Jobber Drills (Metric)","drill","3.7","1","37","39.54000000000001",,"42.08000000000001","unspecified"
"Stainless (Metric)","3.8mm Drill 118??","Stub & Jobber Drills (Metric)","drill","3.8","1","38","40.54000000000001",,"43.08000000000001","unspecified"
"Stainless (Metric)","3.9mm Drill 118??","Stub & Jobber Drills (Metric)","drill","3.9","1","39","41.54000000000001",,"44.08000000000001","unspecified"
"Stainless (Metric)","4mm Drill 118??","Stub & Jobber Drills (Metric)","drill","4","1","40","42.54000000000001",,"45.08000000000001","unspecified"
"Stainless (Metric)","4.1mm Drill 118??","Stub & Jobber Drills (Metric)","drill","4.1","1","41","43.54000000000001",,"46.08000000000001","unspecified"
"Stainless (Metric)","4.2mm Drill 118??","Stub & Jobber Drills (Metric)","drill","4.2","1","42","44.54000000000001",,"47.08000000000001","unspecified"
"Stainless (Metric)","4.3mm Drill 118??","Stub & Jobber Drills (Metric)","drill","4.3","1","43","45.54000000000001",,"48.08000000000001","unspecified"
"Stainless (Metric)","4.4mm Drill 118??","Stub & Jobber Drills (Metric)","drill","4.4","1","44","46.54000000000001",,"49.08000000000001","unspecified"
"Stainless (Metric)","4.5mm Drill 118??","Stub & Jobber Drills (Metric)","drill","4.5","1","45","47.54000000000001",,"50.08000000000001","unspecified"
"Stainless (Metric)","4.6mm Drill 118??","Stub & Jobber Drills (Metric)","drill","4.6","1","46","48.54000000000001",,"51.08000000000001","unspecified"
"Stainless (Metric)","4.7mm Drill 118??","Stub & Jobber Drills (Metric)","drill","4.7","1","47","49.54000000000001",,"52.08000000000001","unspecified"
"Stainless (Metric)","4.8mm Drill 118??","Stub & Jobber Drills (Metric)","drill","4.8","1","48","50.54000000000001",,"53.08000000000001","unspecified"
"Stainless (Metric)","4.9mm Drill 118??","Stub & Jobber Drills (Metric)","drill","4.9","1","49","51.54000000000001",,"54.08000000000001","unspecified"
"Stainless (Metric)","5mm Drill 118??","Stub & Jobber Drills (Metric)","drill","5","1","50","52.54000000000001",,"55.08000000000001","unspecified"
"Stainless (Metric)","5.1mm Drill 118??","Stub & Jobber Drills (Metric)","drill","5.1","1","51","53.54000000000001",,"56.08000000000001","unspecified"
"Stainless (Metric)","5.2mm Drill 118??","Stub & Jobber Drills (Metric)","drill","5.2","1","52","54.54000000000001",,"57.08000000000001","unspecified"
"Stainless (Metric)","5.3mm Drill 118??","Stub & Jobber Drills (Metric)","drill","5.3","1","53","55.54000000000001",,"58.08000000000001","unspecified"
"Stainless (Metric)","5.4mm Drill 118??","Stub & Jobber Drills (Metric)","drill","5.4","1","54","56.54000000000001",,"59.08000000000001","unspecified"
"Stainless (Metric)","5.5mm Drill 118??","Stub & Jobber Drills (Metric)","drill","5.5","1","55","57.54000000000001",,"60.08000000000001","unspecified"
"Stainless (Metric)","5.6mm Drill 118??","Stub & Jobber Drills (Metric)","drill","5.6","1","56","58.54000000000001",,"61.08000000000001","unspecified"
"Stainless (Metric)","5.7mm Drill 118??","Stub & Jobber Drills (Metric)","drill","5.7","1","57","59.54000000000001",,"62.08000000000001","unspecified"
"Stainless (Metric)","5.8mm Drill 118??","Stub & Jobber Drills (Metric)","drill","5.8","1","58","60.54000000000001",,"63.08000000000001","unspecified"
"Stainless (Metric)","5.9mm Drill 118??","Stub & Jobber Drills (Metric)","drill","5.9","1","59","61.54000000000001",,"64.08","unspecified"
"Stainless (Metric)","6mm Drill 118??","Stub & Jobber Drills (Metric)","drill","6","1","60","62.54000000000001",,"65.08","unspecified"
"Stainless (Metric)","6.1mm Drill 118??","Stub & Jobber Drills (Metric)","drill","6.1","1","61","63.54000000000001",,"66.08","unspecified"
"Stainless (Metric)","6.2mm Drill 118??","Stub & Jobber Drills (Metric)","drill","6.2","1","62","64.54",,"67.08","unspecified"
"Stainless (Metric)","6.3mm Drill 118??","Stub & Jobber Drills (Metric)","drill","6.3","1","63","65.54",,"68.08","unspecified"
"Stainless (Metric)","6.4mm Drill 118??","Stub & Jobber Drills (Metric)","drill","6.4","1","64","66.54",,"69.08","unspecified"
"Stainless (Metric)","6.5mm Drill 118??","Stub & Jobber Drills (Metric)","drill","6.5","1","65","67.54",,"70.08000000000001","unspecified"
"Stainless (Metric)","6.6mm Drill 118??","Stub & Jobber Drills (Metric)","drill","6.6","1","66","68.54",,"71.08000000000001","unspecified"
"Stainless (Metric)","6.7mm Drill 118??","Stub & Jobber Drills (Metric)","drill","6.7","1","67","69.54000000000002",,"72.08000000000001","unspecified"
"Stainless (Metric)","6.8mm Drill 118??","Stub & Jobber Drills (Metric)","drill","6.8","1","68","70.54000000000002",,"73.08000000000001","unspecified"
"Stainless (Metric)","6.9mm Drill 118??","Stub & Jobber Drills (Metric)","drill","6.9","1","69","71.54000000000002",,"74.08000000000001","unspecified"
"Stainless (Metric)","7mm Drill 118??","Stub & Jobber Drills (Metric)","drill","7","1","70","72.54",,"75.08000000000001","unspecified"
"Stainless (Metric)","7.1mm Drill 118??","Stub & Jobber Drills (Metric)","drill","7.1","1","71","73.54",,"76.08000000000001","unspecified"
"Stainless (Metric)","7.2mm Drill 118??","Stub & Jobber Drills (Metric)","drill","7.2","1","72","74.54",,"77.08000000000001","unspecified"
"Stainless (Metric)","7.3mm Drill 118??","Stub & Jobber Drills (Metric)","drill","7.3","1","73","75.54",,"78.08000000000001","unspecified"
"Stainless (Metric)","7.4mm Drill 118??","Stub & Jobber Drills (Metric)","drill","7.4","1","74","76.54",,"79.08000000000001","unspecified"
"Stainless (Metric)","7.5mm Drill 118??","Stub & Jobber Drills (Metric)","drill","7.5","1","75","77.54",,"80.08000000000001","unspecified"
"Stainless (Metric)","7.6mm Drill 118??","Stub & Jobber Drills (Metric)","drill","7.6","1","76","78.54",,"81.08000000000001","unspecified"
"Stainless (Metric)","7.7mm Drill 118??","Stub & Jobber Drills (Metric)","drill","7.7","1","77","79.54",,"82.08000000000001","unspecified"
"Stainless (Metric)","7.8mm Drill 118??","Stub & Jobber Drills (Metric)","drill","7.8","1","78","80.54",,"83.08000000000001","unspecified"
"Stainless (Metric)","7.9mm Drill 118??","Stub & Jobber Drills (Metric)","drill","7.9","1","79","81.54",,"84.08000000000001","unspecified"
"Stainless (Metric)","8mm Drill 118??","Stub & Jobber Drills (Metric)","drill","8","1","80","82.54",,"85.08000000000001","unspecified"
"Stainless (Metric)","8.1mm Drill 118??","Stub & Jobber Drills (Metric)","drill","8.1","1","81","83.54",,"86.08000000000001","unspecified"
"Stainless (Metric)","8.2mm Drill 118??","Stub & Jobber Drills (Metric)","drill","8.2","1","82","84.54",,"87.08000000000001","unspecified"
"Stainless (Metric)","8.3mm Drill 118??","Stub & Jobber Drills (Metric)","drill","8.3","1","83","85.54",,"88.08000000000001","unspecified"
"Stainless (Metric)","8.4mm Drill 118??","Stub & Jobber Drills (Metric)","drill","8.4","1","84","86.54",,"89.08000000000001","unspecified"
"Stainless (Metric)","8.5mm Drill 118??","Stub & Jobber Drills (Metric)","drill","8.5","1","85","87.54",,"90.08","unspecified"
"Stainless (Metric)","8.6mm Drill 118??","Stub & Jobber Drills (Metric)","drill","8.6","1","86","88.54",,"91.08","unspecified"
"Stainless (Metric)","8.7mm Drill 118??","Stub & Jobber Drills (Metric)","drill","8.7","1","87","89.54",,"92.08","unspecified"
"Stainless (Metric)","8.8mm Drill 118??","Stub & Jobber Drills (Metric)","drill","8.8","1","88","90.54",,"93.08","unspecified"
"Stainless (Metric)","8.9mm Drill 118??","Stub & Jobber Drills (Metric)","drill","8.9","1","89","91.54",,"94.08","unspecified"
"Stainless (Metric)","9mm Drill 118??","Stub & Jobber Drills (Metric)","drill","9","1","90","92.54",,"95.08","unspecified"
"Stainless (Metric)","9.1mm Drill 118??","Stub & Jobber Drills (Metric)","drill","9.1","1","91","93.54",,"96.08","unspecified"
"Stainless (Metric)","9.2mm Drill 118??","Stub & Jobber Drills (Metric)","drill","9.2","1","92","94.54",,"97.08","unspecified"
"Stainless (Metric)","9.3mm Drill 118??","Stub & Jobber Drills (Metric)","drill","9.3","1","93","95.54",,"98.08","unspecified"
"Stainless (Metric)","9.4mm Drill 118??","Stub & Jobber Drills (Metric)","drill","9.4","1","94","96.54",,"99.08","unspecified"
"Stainless (Metric)","9.5mm Drill 118??","Stub & Jobber Drills (Metric)","drill","9.5","1","95","97.54",,"100.08","unspecified"
"Stainless (Metric)","9.6mm Drill 118??","Stub & Jobber Drills (Metric)","drill","9.6","1","96","98.54",,"101.08","unspecified"
"Stainless (Metric)","9.7mm Drill 118??","Stub & Jobber Drills (Metric)","drill","9.7","1","97","99.54",,"102.08","unspecified"
"Stainless (Metric)","9.8mm Drill 118??","Stub & Jobber Drills (Metric)","drill","9.8","1","98","100.54",,"103.08","unspecified"
"Stainless (Metric)","9.9mm Drill 118??","Stub & Jobber Drills (Metric)","drill","9.9","1","99","101.54",,"104.08","unspecified"
"Stainless (Metric)","10mm Drill 118??","Stub & Jobber Drills (Metric)","drill","10","1","100","102.54",,"105.08","unspecified"
"Stainless (Metric)","10mm Drill 118??","Stub & Jobber Drills (Metric)","drill","10.2","1","102","104.54",,"107.08","unspecified"
"Stainless (Metric)","11mm Drill 118??","Stub & Jobber Drills (Metric)","drill","10.5","1","105","107.54",,"110.08","unspecified"
"Stainless (Metric)","11mm Drill 118??","Stub & Jobber Drills (Metric)","drill","10.8","1","108","110.54",,"113.08","unspecified"
"Stainless (Metric)","11mm Drill 118??","Stub & Jobber Drills (Metric)","drill","11","1","110","112.54",,"115.08","unspecified"
"Stainless (Metric)","11mm Drill 118??","Stub & Jobber Drills (Metric)","drill","11.2","1","112","114.54",,"117.08","unspecified"
"Stainless (Metric)","12mm Drill 118??","Stub & Jobber Drills (Metric)","drill","11.5","1","115","117.54",,"120.08","unspecified"
"Stainless (Metric)","12mm Drill 118??","Stub & Jobber Drills (Metric)","drill","11.8","1","118","120.54",,"123.08","unspecified"
"Stainless (Metric)","12mm Drill 118??","Stub & Jobber Drills (Metric)","drill","12","1","120","122.54",,"125.08","unspecified"
"Stainless (Metric)","12mm Drill 118??","Stub & Jobber Drills (Metric)","drill","12.2","1","122","124.54",,"127.08","unspecified"
"Stainless (Metric)","13mm Drill 118??","Stub & Jobber Drills (Metric)","drill","12.5","1","125","127.54",,"130.08","unspecified"
"Stainless (Metric)","13mm Drill 118??","Stub & Jobber Drills (Metric)","drill","12.8","1","128","130.54",,"133.08","unspecified"
"Stainless (Metric)","13mm Drill 118??","Stub & Jobber Drills (Metric)","drill","13","1","130","132.54",,"135.08","unspecified"
"Stainless (Metric)","13mm Drill 118??","Stub & Jobber Drills (Metric)","drill","13.2","1","132","134.54",,"137.08","unspecified"
"Stainless (Metric)","14mm Drill 118??","Stub & Jobber Drills (Metric)","drill","13.5","1","135","137.54",,"140.08","unspecified"
"Stainless (Metric)","14mm Drill 118??","Stub & Jobber Drills (Metric)","drill","13.8","1","138","140.54",,"143.08","unspecified"
"Stainless (Metric)","14mm Drill 118??","Stub & Jobber Drills (Metric)","drill","14","1","140","142.54",,"145.08","unspecified"
"Stainless (Metric)","14mm Drill 118??","Stub & Jobber Drills (Metric)","drill","14.25","1","142.5","145.04",,"147.58","unspecified"
"Stainless (Metric)","15mm Drill 118??","Stub & Jobber Drills (Metric)","drill","14.5","1","145","147.54",,"150.08","unspecified"
"Stainless (Metric)","15mm Drill 118??","Stub & Jobber Drills (Metric)","drill","14.75","1","147.5","150.04",,"152.58","unspecified"
"Stainless (Metric)","15mm Drill 118??","Stub & Jobber Drills (Metric)","drill","15","1","150","152.54",,"155.08","unspecified"
"Stainless (Metric)","15mm Drill 118??","Stub & Jobber Drills (Metric)","drill","15.25","1","152.5","155.04",,"157.58","unspecified"
"Stainless (Metric)","16mm Drill 118??","Stub & Jobber Drills (Metric)","drill","15.5","1","155","157.54",,"160.08","unspecified"
"Stainless (Metric)","16mm Drill 118??","Stub & Jobber Drills (Metric)","drill","15.75","1","157.5","160.04",,"162.58","unspecified"
"Stainless (Metric)","16mm Drill 118??","Stub & Jobber Drills (Metric)","drill","16","1","160","162.54",,"165.08","unspecified"
"Stainless (Metric)","16mm Drill 118??","Stub & Jobber Drills (Metric)","drill","16.25","1","162.5","165.04",,"167.58","unspecified"
"Stainless (Metric)","17mm Drill 118??","Stub & Jobber Drills (Metric)","drill","16.5","1","165","167.54",,"170.08","unspecified"
"Stainless (Metric)","17mm Drill 118??","Stub & Jobber Drills (Metric)","drill","16.75","1","167.5","170.04",,"172.58","unspecified"
"Stainless (Metric)","17mm Drill 118??","Stub & Jobber Drills (Metric)","drill","17","1","170","172.54",,"175.08","unspecified"
"Stainless (Metric)","17mm Drill 118??","Stub & Jobber Drills (Metric)","drill","17.25","1","172.5","175.04",,"177.58","unspecified"
"Stainless (Metric)","18mm Drill 118??","Stub & Jobber Drills (Metric)","drill","17.5","1","175","177.54",,"180.08","unspecified"
"Stainless (Metric)","18mm Drill 118??","Stub & Jobber Drills (Metric)","drill","18","1","180","182.54",,"185.08","unspecified"
"Stainless (Metric)","19mm Drill 118??","Stub & Jobber Drills (Metric)","drill","18.5","1","185","187.54",,"190.08","unspecified"
"Stainless (Metric)","19mm Drill 118??","Stub & Jobber Drills (Metric)","drill","19","1","190","192.54",,"195.08","unspecified"
"Stainless (Metric)","20mm Drill 118??","Stub & Jobber Drills (Metric)","drill","19.5","1","195","197.54",,"200.08","unspecified"
"Stainless (Metric)","20mm Drill 118??","Stub & Jobber Drills (Metric)","drill","20","1","200","202.54",,"205.08","unspecified"
"Stainless (Metric)","21mm Drill 118??","Stub & Jobber Drills (Metric)","drill","20.5","1","205","207.54",,"210.08","unspecified"
"Stainless (Metric)","21mm Drill 118??","Stub & Jobber Drills (Metric)","drill","21","1","210","212.54",,"215.08","unspecified"
"Stainless (Metric)","22mm Drill 118??","Stub & Jobber Drills (Metric)","drill","21.5","1","215","217.54",,"220.08","unspecified"
"Stainless (Metric)","22mm Drill 118??","Stub & Jobber Drills (Metric)","drill","22","1","220","222.54",,"225.08","unspecified"
"Stainless (Metric)","23mm Drill 118??","Stub & Jobber Drills (Metric)","drill","22.5","1","225","227.54",,"230.08","unspecified"
"Stainless (Metric)","23mm Drill 118??","Stub & Jobber Drills (Metric)","drill","23","1","230","232.54",,"235.08","unspecified"
"Stainless (Metric)","24mm Drill 118??","Stub & Jobber Drills (Metric)","drill","23.5","1","235","237.54",,"240.08","unspecified"
"Stainless (Metric)","24mm Drill 118??","Stub & Jobber Drills (Metric)","drill","24","1","240","242.54",,"245.08","unspecified"
"Stainless (Metric)","25mm Drill 118??","Stub & Jobber Drills (Metric)","drill","24.5","1","245","247.54",,"250.08","unspecified"
"Stainless (Metric)","25mm Drill 118??","Stub & Jobber Drills (Metric)","drill","25","1","250","252.54",,"255.08","unspecified"
"Stainless (Metric)","26mm Drill 118??","Stub & Jobber Drills (Metric)","drill","25.5","1","255","257.54",,"260.08","unspecified"
"Stainless (Metric)","0.15mm Drill 135??","Stub & Jobber Drills (Metric)","drill","0.15","1","0.75","3.29",,"5.83","unspecified"
"Stainless (Metric)","0.16mm Drill 135??","Stub & Jobber Drills (Metric)","drill","0.16","1","0.8","3.340000000000001",,"5.880000000000001","unspecified"
"Stainless (Metric)","0.17mm Drill 135??","Stub & Jobber Drills (Metric)","drill","0.17","1","0.8500000000000001","3.390000000000001",,"5.930000000000001","unspecified"
"Stainless (Metric)","0.18mm Drill 135??","Stub & Jobber Drills (Metric)","drill","0.18","1","0.8999999999999999","3.44",,"5.98","unspecified"
"Stainless (Metric)","0.19mm Drill 135??","Stub & Jobber Drills (Metric)","drill","0.19","1","0.95","3.49",,"6.03","unspecified"
"Stainless (Metric)","0.2mm Drill 135??","Stub & Jobber Drills (Metric)","drill","0.2","1","1","3.54",,"6.080000000000001","unspecified"
"Stainless (Metric)","0.22mm Drill 135??","Stub & Jobber Drills (Metric)","drill","0.22","1","1.1","3.64",,"6.18","unspecified"
"Stainless (Metric)","0.25mm Drill 135??","Stub & Jobber Drills (Metric)","drill","0.25","1","1.25","3.79",,"6.330000000000001","unspecified"
"Stainless (Metric)","0.28mm Drill 135??","Stub & Jobber Drills (Metric)","drill","0.28","1","1.4","3.940000000000001",,"6.480000000000001","unspecified"
"Stainless (Metric)","0.3mm Drill 135??","Stub & Jobber Drills (Metric)","drill","0.3","1","1.5","4.04",,"6.58","unspecified"
"Stainless (Metric)","0.32mm Drill 135??","Stub & Jobber Drills (Metric)","drill","0.32","1","1.6","4.140000000000001",,"6.68","unspecified"
"Stainless (Metric)","0.35mm Drill 135??","Stub & Jobber Drills (Metric)","drill","0.35","1","1.75","4.29",,"6.83","unspecified"
"Stainless (Metric)","0.38mm Drill 135??","Stub & Jobber Drills (Metric)","drill","0.38","1","1.9","4.440000000000001",,"6.980000000000002","unspecified"
"Stainless (Metric)","0.4mm Drill 135??","Stub & Jobber Drills (Metric)","drill","0.4","1","2","4.540000000000001",,"7.08","unspecified"
"Stainless (Metric)","0.42mm Drill 135??","Stub & Jobber Drills (Metric)","drill","0.42","1","2.1","4.640000000000001",,"7.18","unspecified"
"Stainless (Metric)","0.45mm Drill 135??","Stub & Jobber Drills (Metric)","drill","0.45","1","2.25","4.790000000000001",,"7.33","unspecified"
"Stainless (Metric)","0.48mm Drill 135??","Stub & Jobber Drills (Metric)","drill","0.48","1","2.4","4.94",,"7.479999999999999","unspecified"
"Stainless (Metric)","0.5mm Drill 135??","Stub & Jobber Drills (Metric)","drill","0.5","1","2.5","5.040000000000001",,"7.58","unspecified"
"Stainless (Metric)","0.55mm Drill 135??","Stub & Jobber Drills (Metric)","drill","0.55","1","2.75","5.290000000000001",,"7.83","unspecified"
"Stainless (Metric)","0.6mm Drill 135??","Stub & Jobber Drills (Metric)","drill","0.6","1","3","5.540000000000001",,"8.08","unspecified"
"Stainless (Metric)","0.65mm Drill 135??","Stub & Jobber Drills (Metric)","drill","0.65","1","3.25","5.789999999999998",,"8.329999999999998","unspecified"
"Stainless (Metric)","0.7mm Drill 135??","Stub & Jobber Drills (Metric)","drill","0.7","1","3.5","6.039999999999999",,"8.58","unspecified"
"Stainless (Metric)","0.75mm Drill 135??","Stub & Jobber Drills (Metric)","drill","0.75","1","3.75","6.289999999999998",,"8.830000000000002","unspecified"
"Stainless (Metric)","0.8mm Drill 135??","Stub & Jobber Drills (Metric)","drill","0.8","1","4","6.539999999999999",,"9.080000000000002","unspecified"
"Stainless (Metric)","0.85mm Drill 135??","Stub & Jobber Drills (Metric)","drill","0.85","1","4.25","6.789999999999999",,"9.330000000000002","unspecified"
"Stainless (Metric)","0.9mm Drill 135??","Stub & Jobber Drills (Metric)","drill","0.9","1","4.5","7.039999999999999",,"9.580000000000002","unspecified"
"Stainless (Metric)","0.95mm Drill 135??","Stub & Jobber Drills (Metric)","drill","0.95","1","4.75","7.289999999999999",,"9.830000000000002","unspecified"
"Stainless (Metric)","1mm Drill 135??","Stub & Jobber Drills (Metric)","drill","1","1","5","7.539999999999999",,"10.08","unspecified"
"Stainless (Metric)","1.1mm Drill 135??","Stub & Jobber Drills (Metric)","drill","1.05","1","5.25","7.789999999999999",,"10.33","unspecified"
"Stainless (Metric)","1.1mm Drill 135??","Stub & Jobber Drills (Metric)","drill","1.1","1","5.5","8.04",,"10.58","unspecified"
"Stainless (Metric)","1.1mm Drill 135??","Stub & Jobber Drills (Metric)","drill","1.15","1","5.75","8.289999999999997",,"10.83","unspecified"
"Stainless (Metric)","1.2mm Drill 135??","Stub & Jobber Drills (Metric)","drill","1.2","1","6","8.54",,"11.08","unspecified"
"Stainless (Metric)","1.3mm Drill 135??","Stub & Jobber Drills (Metric)","drill","1.25","1","6.25","8.789999999999997",,"11.33","unspecified"
"Stainless (Metric)","1.3mm Drill 135??","Stub & Jobber Drills (Metric)","drill","1.3","1","6.5","9.04",,"11.58","unspecified"
"Stainless (Metric)","1.4mm Drill 135??","Stub & Jobber Drills (Metric)","drill","1.35","1","6.75","9.29",,"11.83","unspecified"
"Stainless (Metric)","1.4mm Drill 135??","Stub & Jobber Drills (Metric)","drill","1.4","1","7","9.540000000000004",,"12.08","unspecified"
"Stainless (Metric)","1.4mm Drill 135??","Stub & Jobber Drills (Metric)","drill","1.45","1","7.25","9.79",,"12.33","unspecified"
"Stainless (Metric)","1.5mm Drill 135??","Stub & Jobber Drills (Metric)","drill","1.5","1","7.5","10.04",,"12.58","unspecified"
"Stainless (Metric)","1.6mm Drill 135??","Stub & Jobber Drills (Metric)","drill","1.55","1","7.75","10.29",,"12.83","unspecified"
"Stainless (Metric)","1.6mm Drill 135??","Stub & Jobber Drills (Metric)","drill","1.6","1","8","10.54",,"13.08","unspecified"
"Stainless (Metric)","1.6mm Drill 135??","Stub & Jobber Drills (Metric)","drill","1.65","1","8.25","10.79",,"13.33","unspecified"
"Stainless (Metric)","1.7mm Drill 135??","Stub & Jobber Drills (Metric)","drill","1.7","1","8.5","11.04",,"13.58","unspecified"
"Stainless (Metric)","1.8mm Drill 135??","Stub & Jobber Drills (Metric)","drill","1.75","1","8.75","11.29",,"13.83","unspecified"
"Stainless (Metric)","1.8mm Drill 135??","Stub & Jobber Drills (Metric)","drill","1.8","1","9","11.54",,"14.08","unspecified"
"Stainless (Metric)","1.9mm Drill 135??","Stub & Jobber Drills (Metric)","drill","1.85","1","9.25","11.79",,"14.33","unspecified"
"Stainless (Metric)","1.9mm Drill 135??","Stub & Jobber Drills (Metric)","drill","1.9","1","9.5","12.04",,"14.58","unspecified"
"Stainless (Metric)","1.9mm Drill 135??","Stub & Jobber Drills (Metric)","drill","1.95","1","9.75","12.29",,"14.83","unspecified"
"Stainless (Metric)","2mm Drill 135??","Stub & Jobber Drills (Metric)","drill","2","1","10","12.54",,"15.08","unspecified"
"Stainless (Metric)","2mm Drill 135??","Stub & Jobber Drills (Metric)","drill","2.05","1","10.25","12.79",,"15.33","unspecified"
"Stainless (Metric)","2.1mm Drill 135??","Stub & Jobber Drills (Metric)","drill","2.1","1","10.5","13.04",,"15.58","unspecified"
"Stainless (Metric)","2.1mm Drill 135??","Stub & Jobber Drills (Metric)","drill","2.15","1","10.75","13.29",,"15.83","unspecified"
"Stainless (Metric)","2.2mm Drill 135??","Stub & Jobber Drills (Metric)","drill","2.2","1","11","13.54",,"16.08","unspecified"
"Stainless (Metric)","2.3mm Drill 135??","Stub & Jobber Drills (Metric)","drill","2.25","1","11.25","13.79",,"16.33","unspecified"
"Stainless (Metric)","2.3mm Drill 135??","Stub & Jobber Drills (Metric)","drill","2.3","1","11.5","14.04",,"16.58","unspecified"
"Stainless (Metric)","2.4mm Drill 135??","Stub & Jobber Drills (Metric)","drill","2.35","1","11.75","14.29",,"16.82999999999999","unspecified"
"Stainless (Metric)","2.4mm Drill 135??","Stub & Jobber Drills (Metric)","drill","2.4","1","12","14.54",,"17.08","unspecified"
"Stainless (Metric)","2.5mm Drill 135??","Stub & Jobber Drills (Metric)","drill","2.45","1","12.25","14.79",,"17.32999999999999","unspecified"
"Stainless (Metric)","2.5mm Drill 135??","Stub & Jobber Drills (Metric)","drill","2.5","1","12.5","15.04",,"17.58","unspecified"
"Stainless (Metric)","2.6mm Drill 135??","Stub & Jobber Drills (Metric)","drill","2.6","1","13","15.54",,"18.08","unspecified"
"Stainless (Metric)","2.7mm Drill 135??","Stub & Jobber Drills (Metric)","drill","2.7","1","13.5","16.04",,"18.58000000000001","unspecified"
"Stainless (Metric)","2.8mm Drill 135??","Stub & Jobber Drills (Metric)","drill","2.8","1","14","16.54",,"19.08000000000001","unspecified"
"Stainless (Metric)","2.9mm Drill 135??","Stub & Jobber Drills (Metric)","drill","2.9","1","14.5","17.04",,"19.58000000000001","unspecified"
"Stainless (Metric)","3mm Drill 135??","Stub & Jobber Drills (Metric)","drill","3","1","15","17.54",,"20.08000000000001","unspecified"
"Stainless (Metric)","3.1mm Drill 135??","Stub & Jobber Drills (Metric)","drill","3.1","1","15.5","18.04",,"20.58000000000001","unspecified"
"Stainless (Metric)","3.2mm Drill 135??","Stub & Jobber Drills (Metric)","drill","3.2","1","16","18.54",,"21.08000000000001","unspecified"
"Stainless (Metric)","3.3mm Drill 135??","Stub & Jobber Drills (Metric)","drill","3.3","1","16.5","19.04000000000001",,"21.58000000000001","unspecified"
"Stainless (Metric)","3.4mm Drill 135??","Stub & Jobber Drills (Metric)","drill","3.4","1","17","19.54000000000001",,"22.08000000000001","unspecified"
"Stainless (Metric)","3.5mm Drill 135??","Stub & Jobber Drills (Metric)","drill","3.5","1","17.5","20.04000000000001",,"22.58000000000001","unspecified"
"Stainless (Metric)","3.6mm Drill 135??","Stub & Jobber Drills (Metric)","drill","3.6","1","18","20.54000000000001",,"23.08000000000001","unspecified"
"Stainless (Metric)","3.7mm Drill 135??","Stub & Jobber Drills (Metric)","drill","3.7","1","18.5","21.04000000000001",,"23.58000000000001","unspecified"
"Stainless (Metric)","3.8mm Drill 135??","Stub & Jobber Drills (Metric)","drill","3.8","1","19","21.54000000000001",,"24.08000000000001","unspecified"
"Stainless (Metric)","3.9mm Drill 135??","Stub & Jobber Drills (Metric)","drill","3.9","1","19.5","22.04000000000001",,"24.58000000000001","unspecified"
"Stainless (Metric)","4mm Drill 135??","Stub & Jobber Drills (Metric)","drill","4","1","20","22.54000000000001",,"25.08000000000001","unspecified"
"Stainless (Metric)","4.1mm Drill 135??","Stub & Jobber Drills (Metric)","drill","4.1","1","20.5","23.04000000000001",,"25.58000000000001","unspecified"
"Stainless (Metric)","4.2mm Drill 135??","Stub & Jobber Drills (Metric)","drill","4.2","1","21","23.54000000000001",,"26.08000000000001","unspecified"
"Stainless (Metric)","4.3mm Drill 135??","Stub & Jobber Drills (Metric)","drill","4.3","1","21.5","24.04000000000001",,"26.58000000000001","unspecified"
"Stainless (Metric)","4.4mm Drill 135??","Stub & Jobber Drills (Metric)","drill","4.4","1","22","24.54000000000001",,"27.08000000000001","unspecified"
"Stainless (Metric)","4.5mm Drill 135??","Stub & Jobber Drills (Metric)","drill","4.5","1","22.5","25.04000000000001",,"27.58000000000001","unspecified"
"Stainless (Metric)","4.6mm Drill 135??","Stub & Jobber Drills (Metric)","drill","4.6","1","23","25.54000000000001",,"28.08000000000001","unspecified"
"Stainless (Metric)","4.7mm Drill 135??","Stub & Jobber Drills (Metric)","drill","4.7","1","23.5","26.04000000000001",,"28.58000000000001","unspecified"
"Stainless (Metric)","4.8mm Drill 135??","Stub & Jobber Drills (Metric)","drill","4.8","1","24","26.54000000000001",,"29.08000000000001","unspecified"
"Stainless (Metric)","4.9mm Drill 135??","Stub & Jobber Drills (Metric)","drill","4.9","1","24.5","27.04000000000001",,"29.58000000000001","unspecified"
"Stainless (Metric)","5mm Drill 135??","Stub & Jobber Drills (Metric)","drill","5","1","25","27.54000000000001",,"30.08000000000001","unspecified"
"Stainless (Metric)","5.1mm Drill 135??","Stub & Jobber Drills (Metric)","drill","5.1","1","25.5","28.04000000000001",,"30.58000000000001","unspecified"
"Stainless (Metric)","5.2mm Drill 135??","Stub & Jobber Drills (Metric)","drill","5.2","1","26","28.54000000000001",,"31.08000000000001","unspecified"
"Stainless (Metric)","5.3mm Drill 135??","Stub & Jobber Drills (Metric)","drill","5.3","1","26.5","29.04000000000001",,"31.58000000000001","unspecified"
"Stainless (Metric)","5.4mm Drill 135??","Stub & Jobber Drills (Metric)","drill","5.4","1","27","29.54000000000001",,"32.08000000000001","unspecified"
"Stainless (Metric)","5.5mm Drill 135??","Stub & Jobber Drills (Metric)","drill","5.5","1","27.5","30.04000000000001",,"32.58000000000001","unspecified"
"Stainless (Metric)","5.6mm Drill 135??","Stub & Jobber Drills (Metric)","drill","5.6","1","28","30.54000000000001",,"33.08000000000001","unspecified"
"Stainless (Metric)","5.7mm Drill 135??","Stub & Jobber Drills (Metric)","drill","5.7","1","28.5","31.04000000000001",,"33.58000000000001","unspecified"
"Stainless (Metric)","5.8mm Drill 135??","Stub & Jobber Drills (Metric)","drill","5.8","1","29","31.54000000000001",,"34.08000000000001","unspecified"
"Stainless (Metric)","5.9mm Drill 135??","Stub & Jobber Drills (Metric)","drill","5.9","1","29.5","32.04000000000001",,"34.58","unspecified"
"Stainless (Metric)","6mm Drill 135??","Stub & Jobber Drills (Metric)","drill","6","1","30","32.54000000000001",,"35.08","unspecified"
"Stainless (Metric)","6.1mm Drill 135??","Stub & Jobber Drills (Metric)","drill","6.1","1","30.5","33.04000000000001",,"35.58","unspecified"
"Stainless (Metric)","6.2mm Drill 135??","Stub & Jobber Drills (Metric)","drill","6.2","1","31","33.54000000000001",,"36.08","unspecified"
"Stainless (Metric)","6.3mm Drill 135??","Stub & Jobber Drills (Metric)","drill","6.3","1","31.5","34.04000000000001",,"36.58","unspecified"
"Stainless (Metric)","6.4mm Drill 135??","Stub & Jobber Drills (Metric)","drill","6.4","1","32","34.54000000000001",,"37.08","unspecified"
"Stainless (Metric)","6.5mm Drill 135??","Stub & Jobber Drills (Metric)","drill","6.5","1","32.5","35.04000000000001",,"37.58000000000001","unspecified"
"Stainless (Metric)","6.6mm Drill 135??","Stub & Jobber Drills (Metric)","drill","6.6","1","33","35.54000000000001",,"38.08000000000001","unspecified"
"Stainless (Metric)","6.7mm Drill 135??","Stub & Jobber Drills (Metric)","drill","6.7","1","33.5","36.04000000000002",,"38.58000000000001","unspecified"
"Stainless (Metric)","6.8mm Drill 135??","Stub & Jobber Drills (Metric)","drill","6.8","1","34","36.54000000000002",,"39.08000000000001","unspecified"
"Stainless (Metric)","6.9mm Drill 135??","Stub & Jobber Drills (Metric)","drill","6.9","1","34.5","37.04000000000002",,"39.58000000000001","unspecified"
"Stainless (Metric)","7mm Drill 135??","Stub & Jobber Drills (Metric)","drill","7","1","35","37.54000000000001",,"40.08000000000001","unspecified"
"Stainless (Metric)","7.1mm Drill 135??","Stub & Jobber Drills (Metric)","drill","7.1","1","35.5","38.04000000000001",,"40.58000000000001","unspecified"
"Stainless (Metric)","7.2mm Drill 135??","Stub & Jobber Drills (Metric)","drill","7.2","1","36","38.54000000000001",,"41.08000000000001","unspecified"
"Stainless (Metric)","7.3mm Drill 135??","Stub & Jobber Drills (Metric)","drill","7.3","1","36.5","39.04000000000001",,"41.58000000000001","unspecified"
"Stainless (Metric)","7.4mm Drill 135??","Stub & Jobber Drills (Metric)","drill","7.4","1","37","39.54000000000001",,"42.08000000000001","unspecified"
"Stainless (Metric)","7.5mm Drill 135??","Stub & Jobber Drills (Metric)","drill","7.5","1","37.5","40.04000000000001",,"42.58000000000001","unspecified"
"Stainless (Metric)","7.6mm Drill 135??","Stub & Jobber Drills (Metric)","drill","7.6","1","38","40.54000000000001",,"43.08000000000001","unspecified"
"Stainless (Metric)","7.7mm Drill 135??","Stub & Jobber Drills (Metric)","drill","7.7","1","38.5","41.04000000000001",,"43.58000000000001","unspecified"
"Stainless (Metric)","7.8mm Drill 135??","Stub & Jobber Drills (Metric)","drill","7.8","1","39","41.54000000000001",,"44.08000000000001","unspecified"
"Stainless (Metric)","7.9mm Drill 135??","Stub & Jobber Drills (Metric)","drill","7.9","1","39.5","42.04000000000001",,"44.58000000000001","unspecified"
"Stainless (Metric)","8mm Drill 135??","Stub & Jobber Drills (Metric)","drill","8","1","40","42.54000000000001",,"45.08000000000001","unspecified"
"Stainless (Metric)","8.1mm Drill 135??","Stub & Jobber Drills (Metric)","drill","8.1","1","40.5","43.04000000000001",,"45.58000000000001","unspecified"
"Stainless (Metric)","8.2mm Drill 135??","Stub & Jobber Drills (Metric)","drill","8.2","1","41","43.54000000000001",,"46.08000000000001","unspecified"
"Stainless (Metric)","8.3mm Drill 135??","Stub & Jobber Drills (Metric)","drill","8.3","1","41.5","44.04000000000001",,"46.58000000000001","unspecified"
"Stainless (Metric)","8.4mm Drill 135??","Stub & Jobber Drills (Metric)","drill","8.4","1","42","44.54000000000001",,"47.08000000000001","unspecified"
"Stainless (Metric)","8.5mm Drill 135??","Stub & Jobber Drills (Metric)","drill","8.5","1","42.5","45.04000000000001",,"47.58","unspecified"
"Stainless (Metric)","8.6mm Drill 135??","Stub & Jobber Drills (Metric)","drill","8.6","1","43","45.54000000000001",,"48.08","unspecified"
"Stainless (Metric)","8.7mm Drill 135??","Stub & Jobber Drills (Metric)","drill","8.7","1","43.5","46.04000000000001",,"48.58","unspecified"
"Stainless (Metric)","8.8mm Drill 135??","Stub & Jobber Drills (Metric)","drill","8.8","1","44","46.54000000000001",,"49.08","unspecified"
"Stainless (Metric)","8.9mm Drill 135??","Stub & Jobber Drills (Metric)","drill","8.9","1","44.5","47.04000000000001",,"49.58","unspecified"
"Stainless (Metric)","9mm Drill 135??","Stub & Jobber Drills (Metric)","drill","9","1","45","47.54000000000001",,"50.08","unspecified"
"Stainless (Metric)","9.1mm Drill 135??","Stub & Jobber Drills (Metric)","drill","9.1","1","45.5","48.04000000000001",,"50.58","unspecified"
"Stainless (Metric)","9.2mm Drill 135??","Stub & Jobber Drills (Metric)","drill","9.2","1","46","48.54000000000001",,"51.08","unspecified"
"Stainless (Metric)","9.3mm Drill 135??","Stub & Jobber Drills (Metric)","drill","9.3","1","46.5","49.04000000000001",,"51.58","unspecified"
"Stainless (Metric)","9.4mm Drill 135??","Stub & Jobber Drills (Metric)","drill","9.4","1","47","49.54000000000001",,"52.08","unspecified"
"Stainless (Metric)","9.5mm Drill 135??","Stub & Jobber Drills (Metric)","drill","9.5","1","47.5","50.04000000000001",,"52.58","unspecified"
"Stainless (Metric)","9.6mm Drill 135??","Stub & Jobber Drills (Metric)","drill","9.6","1","48","50.54000000000001",,"53.08","unspecified"
"Stainless (Metric)","9.7mm Drill 135??","Stub & Jobber Drills (Metric)","drill","9.7","1","48.5","51.04000000000001",,"53.58","unspecified"
"Stainless (Metric)","9.8mm Drill 135??","Stub & Jobber Drills (Metric)","drill","9.8","1","49","51.54000000000001",,"54.08","unspecified"
"Stainless (Metric)","9.9mm Drill 135??","Stub & Jobber Drills (Metric)","drill","9.9","1","49.5","52.04000000000001",,"54.58","unspecified"
"Stainless (Metric)","10mm Drill 135??","Stub & Jobber Drills (Metric)","drill","10","1","50","52.54000000000001",,"55.08","unspecified"
"Stainless (Metric)","10mm Drill 135??","Stub & Jobber Drills (Metric)","drill","10.2","1","51","53.54000000000001",,"56.08","unspecified"
"Stainless (Metric)","11mm Drill 135??","Stub & Jobber Drills (Metric)","drill","10.5","1","52.5","55.04000000000001",,"57.58","unspecified"
"Stainless (Metric)","11mm Drill 135??","Stub & Jobber Drills (Metric)","drill","10.8","1","54","56.54000000000001",,"59.08","unspecified"
"Stainless (Metric)","11mm Drill 135??","Stub & Jobber Drills (Metric)","drill","11","1","55","57.54000000000001",,"60.08","unspecified"
"Stainless (Metric)","11mm Drill 135??","Stub & Jobber Drills (Metric)","drill","11.2","1","56","58.54000000000001",,"61.08","unspecified"
"Stainless (Metric)","12mm Drill 135??","Stub & Jobber Drills (Metric)","drill","11.5","1","57.5","60.04000000000001",,"62.58","unspecified"
"Stainless (Metric)","12mm Drill 135??","Stub & Jobber Drills (Metric)","drill","11.8","1","59","61.54000000000001",,"64.08","unspecified"
"Stainless (Metric)","12mm Drill 135??","Stub & Jobber Drills (Metric)","drill","12","1","60","62.54000000000001",,"65.08","unspecified"
"Stainless (Metric)","12mm Drill 135??","Stub & Jobber Drills (Metric)","drill","12.2","1","61","63.54000000000001",,"66.08","unspecified"
"Stainless (Metric)","13mm Drill 135??","Stub & Jobber Drills (Metric)","drill","12.5","1","62.5","65.04",,"67.58000000000001","unspecified"
"Stainless (Metric)","13mm Drill 135??","Stub & Jobber Drills (Metric)","drill","12.8","1","64","66.54000000000002",,"69.08000000000001","unspecified"
"Stainless (Metric)","13mm Drill 135??","Stub & Jobber Drills (Metric)","drill","13","1","65","67.54000000000002",,"70.08000000000001","unspecified"
"Stainless (Metric)","13mm Drill 135??","Stub & Jobber Drills (Metric)","drill","13.2","1","66","68.54000000000002",,"71.08000000000001","unspecified"
"Stainless (Metric)","14mm Drill 135??","Stub & Jobber Drills (Metric)","drill","13.5","1","67.5","70.04000000000002",,"72.58000000000001","unspecified"
"Stainless (Metric)","14mm Drill 135??","Stub & Jobber Drills (Metric)","drill","13.8","1","69","71.54000000000002",,"74.08000000000001","unspecified"
"Stainless (Metric)","14mm Drill 135??","Stub & Jobber Drills (Metric)","drill","14","1","70","72.54000000000002",,"75.08000000000001","unspecified"
"Stainless (Metric)","14mm Drill 135??","Stub & Jobber Drills (Metric)","drill","14.25","1","71.25","73.79000000000002",,"76.33000000000001","unspecified"
"Stainless (Metric)","15mm Drill 135??","Stub & Jobber Drills (Metric)","drill","14.5","1","72.5","75.04000000000002",,"77.58000000000001","unspecified"
"Stainless (Metric)","15mm Drill 135??","Stub & Jobber Drills (Metric)","drill","14.75","1","73.75","76.29000000000002",,"78.83000000000001","unspecified"
"Stainless (Metric)","15mm Drill 135??","Stub & Jobber Drills (Metric)","drill","15","1","75","77.54000000000002",,"80.08000000000001","unspecified"
"Stainless (Metric)","15mm Drill 135??","Stub & Jobber Drills (Metric)","drill","15.25","1","76.25","78.79000000000002",,"81.33000000000001","unspecified"
"Stainless (Metric)","16mm Drill 135??","Stub & Jobber Drills (Metric)","drill","15.5","1","77.5","80.04000000000002",,"82.58000000000001","unspecified"
"Stainless (Metric)","16mm Drill 135??","Stub & Jobber Drills (Metric)","drill","15.75","1","78.75","81.29000000000002",,"83.83000000000001","unspecified"
"Stainless (Metric)","16mm Drill 135??","Stub & Jobber Drills (Metric)","drill","16","1","80","82.54000000000002",,"85.08000000000001","unspecified"
"Stainless (Metric)","16mm Drill 135??","Stub & Jobber Drills (Metric)","drill","16.25","1","81.25","83.79000000000002",,"86.33000000000001","unspecified"
"Stainless (Metric)","17mm Drill 135??","Stub & Jobber Drills (Metric)","drill","16.5","1","82.5","85.04000000000002",,"87.58000000000001","unspecified"
"Stainless (Metric)","17mm Drill 135??","Stub & Jobber Drills (Metric)","drill","16.75","1","83.75","86.29000000000002",,"88.83000000000001","unspecified"
"Stainless (Metric)","17mm Drill 135??","Stub & Jobber Drills (Metric)","drill","17","1","85","87.54000000000002",,"90.08","unspecified"
"Stainless (Metric)","17mm Drill 135??","Stub & Jobber Drills (Metric)","drill","17.25","1","86.25","88.79000000000002",,"91.33","unspecified"
"Stainless (Metric)","18mm Drill 135??","Stub & Jobber Drills (Metric)","drill","17.5","1","87.5","90.04000000000002",,"92.58","unspecified"
"Stainless (Metric)","18mm Drill 135??","Stub & Jobber Drills (Metric)","drill","18","1","90","92.54",,"95.08","unspecified"
"Stainless (Metric)","19mm Drill 135??","Stub & Jobber Drills (Metric)","drill","18.5","1","92.5","95.04",,"97.58","unspecified"
"Stainless (Metric)","19mm Drill 135??","Stub & Jobber Drills (Metric)","drill","19","1","95","97.54",,"100.08","unspecified"
"Stainless (Metric)","20mm Drill 135??","Stub & Jobber Drills (Metric)","drill","19.5","1","97.5","100.04",,"102.58","unspecified"
"Stainless (Metric)","20mm Drill 135??","Stub & Jobber Drills (Metric)","drill","20","1","100","102.54",,"105.08","unspecified"
"Stainless (Metric)","21mm Drill 135??","Stub & Jobber Drills (Metric)","drill","20.5","1","102.5","105.04",,"107.58","unspecified"
"Stainless (Metric)","21mm Drill 135??","Stub & Jobber Drills (Metric)","drill","21","1","105","107.54",,"110.08","unspecified"
"Stainless (Metric)","22mm Drill 135??","Stub & Jobber Drills (Metric)","drill","21.5","1","107.5","110.04",,"112.58","unspecified"
"Stainless (Metric)","22mm Drill 135??","Stub & Jobber Drills (Metric)","drill","22","1","110","112.54",,"115.08","unspecified"
"Stainless (Metric)","23mm Drill 135??","Stub & Jobber Drills (Metric)","drill","22.5","1","112.5","115.04",,"117.58","unspecified"
"Stainless (Metric)","23mm Drill 135??","Stub & Jobber Drills (Metric)","drill","23","1","115","117.54",,"120.08","unspecified"
"Stainless (Metric)","24mm Drill 135??","Stub & Jobber Drills (Metric)","drill","23.5","1","117.5","120.04",,"122.58","unspecified"
"Stainless (Metric)","24mm Drill 135??","Stub & Jobber Drills (Metric)","drill","24","1","120","122.54",,"125.08","unspecified"
"Stainless (Metric)","25mm Drill 135??","Stub & Jobber Drills (Metric)","drill","24.5","1","122.5","125.04",,"127.58","unspecified"
"Stainless (Metric)","25mm Drill 135??","Stub & Jobber Drills (Metric)","drill","25","1","125","127.54",,"130.08","unspecified"
"Stainless (Metric)","26mm Drill 135??","Stub & Jobber Drills (Metric)","drill","25.5","1","127.5","130.04",,"132.58","unspecified"
"Stainless (Metric)","M1.2x0.25 Tap RH","Cut Taps (Metric)","tap right hand","1.2","2","8","21",,"41","unspecified"
"Stainless (Metric)","M1.6x0.35 Tap RH","Cut Taps (Metric)","tap right hand","1.6","2","8","21",,"41","unspecified"
"Stainless (Metric)","M2x0.4 Tap RH","Cut Taps (Metric)","tap right hand","2","2","8","21",,"41","unspecified"
"Stainless (Metric)","M2.2x0.45 Tap RH","Cut Taps (Metric)","tap right hand","2.2","2","9.5","24.5",,"44.5","unspecified"
"Stainless (Metric)","M2.5x0.45 Tap RH","Cut Taps (Metric)","tap right hand","2.5","2","9.5","24.5",,"44.5","unspecified"
"Stainless (Metric)","M3x0.5 Tap RH","Cut Taps (Metric)","tap right hand","3","2","11","28",,"48","unspecified"
"Stainless (Metric)","M3.5x0.6 Tap RH","Cut Taps (Metric)","tap right hand","3.5","2","11","28",,"48","unspecified"
"Stainless (Metric)","M4x0.7 Tap RH","Cut Taps (Metric)","tap right hand","4","2","13","33",,"53","unspecified"
"Stainless (Metric)","M5x0.8 Tap RH","Cut Taps (Metric)","tap right hand","5","2","16","38",,"58","unspecified"
"Stainless (Metric)","M6x1 Tap RH","Cut Taps (Metric)","tap right hand","6","2","19","46",,"66","unspecified"
"Stainless (Metric)","M7x1 Tap RH","Cut Taps (Metric)","tap right hand","7","2","19","46",,"66","unspecified"
"Stainless (Metric)","M8x1.25 Tap RH","Cut Taps (Metric)","tap right hand","8","2","22","52",,"72","unspecified"
"Stainless (Metric)","M8x1 Tap RH","Cut Taps (Metric)","tap right hand","8","2","22","52",,"72","unspecified"
"Stainless (Metric)","M10x1.5 Tap RH","Cut Taps (Metric)","tap right hand","10","2","24","60",,"80","unspecified"
"Stainless (Metric)","M10x1 Tap RH","Cut Taps (Metric)","tap right hand","10","2","24","60",,"80","unspecified"
"Stainless (Metric)","M10x1.25 Tap RH","Cut Taps (Metric)","tap right hand","10","2","24","60",,"80","unspecified"
"Stainless (Metric)","M12x1.75 Tap RH","Cut Taps (Metric)","tap right hand","12","2","29","69",,"89","unspecified"
"Stainless (Metric)","M12x1.25 Tap RH","Cut Taps (Metric)","tap right hand","12","2","29","69",,"89","unspecified"
"Stainless (Metric)","M12x1.5 Tap RH","Cut Taps (Metric)","tap right hand","12","2","29","69",,"89","unspecified"
"Stainless (Metric)","M14x2 Tap RH","Cut Taps (Metric)","tap right hand","14","2","30","75",,"95","unspecified"
"Stainless (Metric)","M14x1.5 Tap RH","Cut Taps (Metric)","tap right hand","14","2","30","75",,"95","unspecified"
"Stainless (Metric)","M16x2 Tap RH","Cut Taps (Metric)","tap right hand","16","2","32","82",,"102","unspecified"
"Stainless (Metric)","M16x1.5 Tap RH","Cut Taps (Metric)","tap right hand","16","2","32","82",,"102","unspecified"
"Stainless (Metric)","M18x2.5 Tap RH","Cut Taps (Metric)","tap right hand","18","2","37","92",,"112","unspecified"
"Stainless (Metric)","M18x1.5 Tap RH","Cut Taps (Metric)","tap right hand","18","2","37","92",,"112","unspecified"
"Stainless (Metric)","M18x2 Tap RH","Cut Taps (Metric)","tap right hand","18","2","37","92",,"112","unspecified"
"Stainless (Metric)","M20x2.5 Tap RH","Cut Taps (Metric)","tap right hand","20","2","37","92",,"112","unspecified"
"Stainless (Metric)","M20x1.5 Tap RH","Cut Taps (Metric)","tap right hand","20","2","37","92",,"112","unspecified"
"Stainless (Metric)","M20x2 Tap RH","Cut Taps (Metric)","tap right hand","20","2","37","92",,"112","unspecified"
"Stainless (Metric)","M22x2.5 Tap RH","Cut Taps (Metric)","tap right hand","22","2","38","98",,"118","unspecified"
"Stainless (Metric)","M22x1.5 Tap RH","Cut Taps (Metric)","tap right hand","22","2","38","98",,"118","unspecified"
"Stainless (Metric)","M22x2 Tap RH","Cut Taps (Metric)","tap right hand","22","2","38","98",,"118","unspecified"
"Stainless (Metric)","M24x3 Tap RH","Cut Taps (Metric)","tap right hand","24","2","45","110",,"130","unspecified"
"Stainless (Metric)","M24x2 Tap RH","Cut Taps (Metric)","tap right hand","24","2","45","110",,"130","unspecified"
"Stainless (Metric)","M27x3 Tap RH","Cut Taps (Metric)","tap right hand","27","2","45","115",,"135","unspecified"
"Stainless (Metric)","M27x2 Tap RH","Cut Taps (Metric)","tap right hand","27","2","45","115",,"135","unspecified"
"Stainless (Metric)","M30x3.5 Tap RH","Cut Taps (Metric)","tap right hand","30","2","48","118",,"138","unspecified"
"Stainless (Metric)","M30x2 Tap RH","Cut Taps (Metric)","tap right hand","30","2","48","118",,"138","unspecified"
"Stainless (Metric)","M33x2 Tap RH","Cut Taps (Metric)","tap right hand","33","2","51","131",,"151","unspecified"
"Stainless (Metric)","M33x3.5 Tap RH","Cut Taps (Metric)","tap right hand","33","2","51","131",,"151","unspecified"
"Stainless (Metric)","M36x4 Tap RH","Cut Taps (Metric)","tap right hand","36","2","57","142",,"162","unspecified"
"Stainless (Metric)","M36x2 Tap RH","Cut Taps (Metric)","tap right hand","36","2","57","142",,"162","unspecified"
"Stainless (Metric)","M36x3 Tap RH","Cut Taps (Metric)","tap right hand","36","2","57","142",,"162","unspecified"
"Stainless (Metric)","M39x2 Tap RH","Cut Taps (Metric)","tap right hand","39","2","60","150",,"170","unspecified"
"Stainless (Metric)","M39x3 Tap RH","Cut Taps (Metric)","tap right hand","39","2","60","150",,"170","unspecified"
"Stainless (Metric)","M39x4 Tap RH","Cut Taps (Metric)","tap right hand","39","2","60","150",,"170","unspecified"
"Stainless (Metric)","M42x4.5 Tap RH","Cut Taps (Metric)","tap right hand","42","2","60","150",,"170","unspecified"
"Stainless (Metric)","M42x3 Tap RH","Cut Taps (Metric)","tap right hand","42","2","60","150",,"170","unspecified"
"Stainless (Metric)","M45x1.5 Tap RH","Cut Taps (Metric)","tap right hand","45","2","67","167",,"187","unspecified"
"Stainless (Metric)","M45x4.5 Tap RH","Cut Taps (Metric)","tap right hand","45","2","67","167",,"187","unspecified"
"Stainless (Metric)","M48x5 Tap RH","Cut Taps (Metric)","tap right hand","48","2","67","167",,"187","unspecified"
"Stainless (Metric)","M48x3 Tap RH","Cut Taps (Metric)","tap right hand","48","2","67","167",,"187","unspecified"
"Stainless (Metric)","M52x5 Tap RH","Cut Taps (Metric)","tap right hand","52","2","70","180",,"200","unspecified"
"Stainless (Metric)","M56x5.5 Tap RH","Cut Taps (Metric)","tap right hand","56","2","70","180",,"200","unspecified"
"Stainless (Metric)","M56x4 Tap RH","Cut Taps (Metric)","tap right hand","56","2","70","180",,"200","unspecified"
"Stainless (Metric)","M60x1.5 Tap RH","Cut Taps (Metric)","tap right hand","60","2","76","201",,"221","unspecified"
"Stainless (Metric)","M60x5.5 Tap RH","Cut Taps (Metric)","tap right hand","60","2","76","201",,"221","unspecified"
"Stainless (Metric)","M64x6 Tap RH","Cut Taps (Metric)","tap right hand","64","2","79","214",,"234","unspecified"
"Stainless (Metric)","M64x4 Tap RH","Cut Taps (Metric)","tap right hand","64","2","79","214",,"234","unspecified"
"Stainless (Metric)","M68x6 Tap RH","Cut Taps (Metric)","tap right hand","68","2","79","214",,"234","unspecified"
"Stainless (Metric)","#0-80 Tap RH (0.06"")","Cut Taps (Inch)","tap right hand","0.06","2","0.24","0.6",,"2.6","hss"
"Stainless (Metric)","#1-64 Tap RH (0.073"")","Cut Taps (Inch)","tap right hand","0.073","2","0.292","0.73",,"2.73","hss"
"Stainless (Metric)","#1-72 Tap RH (0.073"")","Cut Taps (Inch)","tap right hand","0.073","2","0.292","0.73",,"2.73","hss"
"Stainless (Metric)","#2-64 Tap RH (0.086"")","Cut Taps (Inch)","tap right hand","0.086","2","0.344","0.86",,"2.86","hss"
"Stainless (Metric)","#2-56 Tap RH (0.086"")","Cut Taps (Inch)","tap right hand","0.086","2","0.344","0.86",,"2.86","hss"
"Stainless (Metric)","#3-48 Tap RH (0.099"")","Cut Taps (Inch)","tap right hand","0.099","2","0.396","0.99",,"2.99","hss"
"Stainless (Metric)","#3-56 Tap RH (0.099"")","Cut Taps (Inch)","tap right hand","0.099","2","0.396","0.99",,"2.99","hss"
"Stainless (Metric)","#4-48 Tap RH (0.112"")","Cut Taps (Inch)","tap right hand","0.112","2","0.448","1.12",,"3.12","hss"
"Stainless (Metric)","#4-40 Tap RH (0.112"")","Cut Taps (Inch)","tap right hand","0.112","2","0.448","1.12",,"3.12","hss"
"Stainless (Metric)","#5-44 Tap RH (1/8"")","Cut Taps (Inch)","tap right hand","0.125","2","0.5","1.25",,"3.25","hss"
"Stainless (Metric)","#5-40 Tap RH (1/8"")","Cut Taps (Inch)","tap right hand","0.125","2","0.5","1.25",,"3.25","hss"
"Stainless (Metric)","#6-40 Tap RH (0.138"")","Cut Taps (Inch)","tap right hand","0.138","2","0.552","1.38",,"3.38","hss"
"Stainless (Metric)","#6-32 Tap RH (0.138"")","Cut Taps (Inch)","tap right hand","0.138","2","0.552","1.38",,"3.38","hss"
"Stainless (Metric)","#8-36 Tap RH (0.164"")","Cut Taps (Inch)","tap right hand","0.164","2","0.656","1.64",,"3.64","hss"
"Stainless (Metric)","#8-32 Tap RH (0.164"")","Cut Taps (Inch)","tap right hand","0.164","2","0.656","1.64",,"3.64","hss"
"Stainless (Metric)","#10-24 Tap RH (0.19"")","Cut Taps (Inch)","tap right hand","0.19","2","0.76","1.9",,"3.9","hss"
"Stainless (Metric)","#10-32 Tap RH (0.19"")","Cut Taps (Inch)","tap right hand","0.19","2","0.76","1.9",,"3.9","hss"
"Stainless (Metric)","#12-32 Tap RH (0.216"")","Cut Taps (Inch)","tap right hand","0.216","2","0.864","2.16",,"4.16","hss"
"Stainless (Metric)","#12-24 Tap RH (0.216"")","Cut Taps (Inch)","tap right hand","0.216","2","0.864","2.16",,"4.16","hss"
"Stainless (Metric)","#12-28 Tap RH (0.216"")","Cut Taps (Inch)","tap right hand","0.216","2","0.864","2.16",,"4.16","hss"
"Stainless (Metric)","0.25""-28 Tap RH","Cut Taps (Inch)","tap right hand","0.25","2","1","2.5",,"4.5","hss"
"Stainless (Metric)","0.25""-32 Tap RH","Cut Taps (Inch)","tap right hand","0.25","2","1","2.5",,"4.5","hss"
"Stainless (Metric)","0.25""-20 Tap RH","Cut Taps (Inch)","tap right hand","0.25","2","1","2.5",,"4.5","hss"
"Stainless (Metric)","5/16""-18 Tap RH","Cut Taps (Inch)","tap right hand","0.3125","2","1.25","3.125",,"5.125","hss"
"Stainless (Metric)","5/16""-24 Tap RH","Cut Taps (Inch)","tap right hand","0.3125","2","1.25","3.125",,"5.125","hss"
"Stainless (Metric)","5/16""-32 Tap RH","Cut Taps (Inch)","tap right hand","0.3125","2","1.25","3.125",,"5.125","hss"
"Stainless (Metric)","3/8""-24 Tap RH","Cut Taps (Inch)","tap right hand","0.375","2","1.5","3.75",,"5.750000000000001","hss"
"Stainless (Metric)","3/8""-16 Tap RH","Cut Taps (Inch)","tap right hand","0.375","2","1.5","3.75",,"5.750000000000001","hss"
"Stainless (Metric)","3/8""-32 Tap RH","Cut Taps (Inch)","tap right hand","0.375","2","1.5","3.75",,"5.750000000000001","hss"
"Stainless (Metric)","7/16""-20 Tap RH","Cut Taps (Inch)","tap right hand","0.4375","2","1.75","4.375",,"6.375000000000001","hss"
"Stainless (Metric)","7/16""-28 Tap RH","Cut Taps (Inch)","tap right hand","0.4375","2","1.75","4.375",,"6.375000000000001","hss"
"Stainless (Metric)","7/16""-14 Tap RH","Cut Taps (Inch)","tap right hand","0.4375","2","1.75","4.375",,"6.375000000000001","hss"
"Stainless (Metric)","1/2""-20 Tap RH","Cut Taps (Inch)","tap right hand","0.5","2","2","5",,"7","hss"
"Stainless (Metric)","1/2""-13 Tap RH","Cut Taps (Inch)","tap right hand","0.5","2","2","5",,"7","hss"
"Stainless (Metric)","1/2""-28 Tap RH","Cut Taps (Inch)","tap right hand","0.5","2","2","5",,"7","hss"
"Stainless (Metric)","9/16""-12 Tap RH","Cut Taps (Inch)","tap right hand","0.5625","2","2.25","5.625",,"7.625000000000001","hss"
"Stainless (Metric)","9/16""-18 Tap RH","Cut Taps (Inch)","tap right hand","0.5625","2","2.25","5.625",,"7.625000000000001","hss"
"Stainless (Metric)","9/16""-24 Tap RH","Cut Taps (Inch)","tap right hand","0.5625","2","2.25","5.625",,"7.625000000000001","hss"
"Stainless (Metric)","5/8""-18 Tap RH","Cut Taps (Inch)","tap right hand","0.625","2","2.5","6.250000000000001",,"8.25","hss"
"Stainless (Metric)","5/8""-24 Tap RH","Cut Taps (Inch)","tap right hand","0.625","2","2.5","6.250000000000001",,"8.25","hss"
"Stainless (Metric)","5/8""-11 Tap RH","Cut Taps (Inch)","tap right hand","0.625","2","2.5","6.250000000000001",,"8.25","hss"
"Stainless (Metric)","11/16""-24 Tap RH","Cut Taps (Inch)","tap right hand","0.6875","2","2.75","6.875000000000001",,"8.875","hss"
"Stainless (Metric)","3/4""-10 Tap RH","Cut Taps (Inch)","tap right hand","0.75","2","3","7.500000000000001",,"9.5","hss"
"Stainless (Metric)","3/4""-16 Tap RH","Cut Taps (Inch)","tap right hand","0.75","2","3","7.500000000000001",,"9.5","hss"
"Stainless (Metric)","3/4""-20 Tap RH","Cut Taps (Inch)","tap right hand","0.75","2","3","7.500000000000001",,"9.5","hss"
"Stainless (Metric)","13/16""-20 Tap RH","Cut Taps (Inch)","tap right hand","0.8125","2","3.25","8.125",,"10.125","hss"
"Stainless (Metric)","7/8""-14 Tap RH","Cut Taps (Inch)","tap right hand","0.875","2","3.5","8.75",,"10.75","hss"
"Stainless (Metric)","7/8""-9 Tap RH","Cut Taps (Inch)","tap right hand","0.875","2","3.5","8.75",,"10.75","hss"
"Stainless (Metric)","7/8""-20 Tap RH","Cut Taps (Inch)","tap right hand","0.875","2","3.5","8.75",,"10.75","hss"
"Stainless (Metric)","15/16""-20 Tap RH","Cut Taps (Inch)","tap right hand","0.9375","2","3.75","9.375",,"11.375","hss"
"Stainless (Metric)","1""-20 Tap RH","Cut Taps (Inch)","tap right hand","1","2","4","10",,"12","hss"
"Stainless (Metric)","1""-8 Tap RH","Cut Taps (Inch)","tap right hand","1","2","4","10",,"12","hss"
"Stainless (Metric)","1""-12 Tap RH","Cut Taps (Inch)","tap right hand","1","2","4","10",,"12","hss"
"Stainless (Metric)","Kennametal 10mm 5F Flat","Kennametal Endmills 4+ Flute (Metric)","flat end mill","10","5","30","50",,"75","carbide"
"Stainless (Metric)","Kennametal 10mm 5F Bull R0.2","Kennametal Endmills 4+ Flute (Metric)","bull nose end mill","10","5","30","50","0.2","75","carbide"
"Stainless (Metric)","Kennametal 10mm 5F Bull R0.5","Kennametal Endmills 4+ Flute (Metric)","bull nose end mill","10","5","30","50","0.5","75","carbide"
"Stainless (Metric)","Kennametal 10mm 5F Bull R1","Kennametal Endmills 4+ Flute (Metric)","bull nose end mill","10","5","30","50","1","75","carbide"
"Stainless (Metric)","Kennametal 12mm 5F Flat","Kennametal Endmills 4+ Flute (Metric)","flat end mill","12","5","36","57",,"87","carbide"
"Stainless (Metric)","Kennametal 12mm 5F Bull R0.2","Kennametal Endmills 4+ Flute (Metric)","bull nose end mill","12","5","36","57","0.2","87","carbide"
"Stainless (Metric)","Kennametal 12mm 5F Bull R0.5","Kennametal Endmills 4+ Flute (Metric)","bull nose end mill","12","5","36","57","0.5","87","carbide"
"Stainless (Metric)","Kennametal 12mm 5F Bull R1.5","Kennametal Endmills 4+ Flute (Metric)","bull nose end mill","12","5","36","57","1.5","87","carbide"
"Stainless (Metric)","Kennametal 12mm 5F Bull R2.5","Kennametal Endmills 4+ Flute (Metric)","bull nose end mill","12","5","36","57","2.5","87","carbide"
"Stainless (Metric)","Kennametal 16mm 5F Flat","Kennametal Endmills 4+ Flute (Metric)","flat end mill","16","5","48","64",,"104","carbide"
"Stainless (Metric)","Kennametal 16mm 5F Bull R0.5","Kennametal Endmills 4+ Flute (Metric)","bull nose end mill","16","5","48","64","0.5","104","carbide"
"Stainless (Metric)","Kennametal 16mm 5F Bull R2","Kennametal Endmills 4+ Flute (Metric)","bull nose end mill","16","5","48","64","2","104","carbide"
"Stainless (Metric)","Kennametal 16mm 5F Bull R2.5","Kennametal Endmills 4+ Flute (Metric)","bull nose end mill","16","5","48","64","2.5","104","carbide"
"Stainless (Metric)","Kennametal 20mm 5F Flat","Kennametal Endmills 4+ Flute (Metric)","flat end mill","20","5","60","70",,"120","carbide"
"Stainless (Metric)","Kennametal 20mm 5F Bull R0.5","Kennametal Endmills 4+ Flute (Metric)","bull nose end mill","20","5","60","70","0.5","120","carbide"
"Stainless (Metric)","Kennametal 20mm 5F Bull R2.5","Kennametal Endmills 4+ Flute (Metric)","bull nose end mill","20","5","60","70","2.5","120","carbide"
"Stainless (Metric)","Kennametal 25mm 5F Flat","Kennametal Endmills 4+ Flute (Metric)","flat end mill","25","5","75","81.5",,"144","carbide"
"Stainless (Metric)","Kennametal 25mm 5F Bull R0.5","Kennametal Endmills 4+ Flute (Metric)","bull nose end mill","25","5","75","81.5","0.5","144","carbide"
"Stainless (Metric)","Kennametal 25mm 5F Bull R2.5","Kennametal Endmills 4+ Flute (Metric)","bull nose end mill","25","5","75","81.5","2.5","144","carbide"
"Stainless (Metric)","Kennametal 10mm 5F Flat","Kennametal Endmills 4+ Flute (Metric)","flat end mill","10","5","30","50",,"75","carbide"
"Stainless (Metric)","Kennametal 10mm 5F Bull R0.2","Kennametal Endmills 4+ Flute (Metric)","bull nose end mill","10","5","30","50","0.2","75","carbide"
"Stainless (Metric)","Kennametal 10mm 5F Bull R0.5","Kennametal Endmills 4+ Flute (Metric)","bull nose end mill","10","5","30","50","0.5","75","carbide"
"Stainless (Metric)","Kennametal 10mm 5F Bull R1","Kennametal Endmills 4+ Flute (Metric)","bull nose end mill","10","5","30","50","1","75","carbide"
"Stainless (Metric)","Kennametal 12mm 5F Flat","Kennametal Endmills 4+ Flute (Metric)","flat end mill","12","5","36","57",,"87","carbide"
"Stainless (Metric)","Kennametal 12mm 5F Bull R0.2","Kennametal Endmills 4+ Flute (Metric)","bull nose end mill","12","5","36","57","0.2","87","carbide"
"Stainless (Metric)","Kennametal 12mm 5F Bull R0.5","Kennametal Endmills 4+ Flute (Metric)","bull nose end mill","12","5","36","57","0.5","87","carbide"
"Stainless (Metric)","Kennametal 12mm 5F Bull R1.5","Kennametal Endmills 4+ Flute (Metric)","bull nose end mill","12","5","36","57","1.5","87","carbide"
"Stainless (Metric)","Kennametal 12mm 5F Bull R2.5","Kennametal Endmills 4+ Flute (Metric)","bull nose end mill","12","5","36","57","2.5","87","carbide"
"Stainless (Metric)","Kennametal 16mm 5F Flat","Kennametal Endmills 4+ Flute (Metric)","flat end mill","16","5","48","64",,"104","carbide"
"Stainless (Metric)","Kennametal 16mm 5F Bull R0.5","Kennametal Endmills 4+ Flute (Metric)","bull nose end mill","16","5","48","64","0.5","104","carbide"
"Stainless (Metric)","Kennametal 16mm 5F Bull R2","Kennametal Endmills 4+ Flute (Metric)","bull nose end mill","16","5","48","64","2","104","carbide"
"Stainless (Metric)","Kennametal 16mm 5F Bull R2.5","Kennametal Endmills 4+ Flute (Metric)","bull nose end mill","16","5","48","64","2.5","104","carbide"
"Stainless (Metric)","Kennametal 20mm 5F Flat","Kennametal Endmills 4+ Flute (Metric)","flat end mill","20","5","60","70",,"120","carbide"
"Stainless (Metric)","Kennametal 20mm 5F Bull R0.5","Kennametal Endmills 4+ Flute (Metric)","bull nose end mill","20","5","60","70","0.5","120","carbide"
"Stainless (Metric)","Kennametal 20mm 5F Bull R2.5","Kennametal Endmills 4+ Flute (Metric)","bull nose end mill","20","5","60","70","2.5","120","carbide"
"Stainless (Metric)","Kennametal 25mm 5F Flat","Kennametal Endmills 4+ Flute (Metric)","flat end mill","25","5","75","81.5",,"144","carbide"
"Stainless (Metric)","Kennametal 25mm 5F Bull R0.5","Kennametal Endmills 4+ Flute (Metric)","bull nose end mill","25","5","75","81.5","0.5","144","carbide"
"Stainless (Metric)","Kennametal 25mm 5F Bull R2.5","Kennametal Endmills 4+ Flute (Metric)","bull nose end mill","25","5","75","81.5","2.5","144","carbide"
"Stainless (Metric)","Kennametal 10mm 5F Bull R0.2","Kennametal Endmills 4+ Flute (Metric)","bull nose end mill","10","5","50","75","0.2","100","carbide"
"Stainless (Metric)","Kennametal 10mm 5F Bull R0.5","Kennametal Endmills 4+ Flute (Metric)","bull nose end mill","10","5","50","75","0.5","100","carbide"
"Stainless (Metric)","Kennametal 10mm 5F Bull R1","Kennametal Endmills 4+ Flute (Metric)","bull nose end mill","10","5","50","75","1","100","carbide"
"Stainless (Metric)","Kennametal 10mm 5F Flat","Kennametal Endmills 4+ Flute (Metric)","flat end mill","10","5","50","75",,"100","carbide"
"Stainless (Metric)","Kennametal 12mm 5F Bull R0.2","Kennametal Endmills 4+ Flute (Metric)","bull nose end mill","12","5","60","85","0.2","115","carbide"
"Stainless (Metric)","Kennametal 12mm 5F Bull R0.5","Kennametal Endmills 4+ Flute (Metric)","bull nose end mill","12","5","60","85","0.5","115","carbide"
"Stainless (Metric)","Kennametal 12mm 5F Bull R1.5","Kennametal Endmills 4+ Flute (Metric)","bull nose end mill","12","5","60","85","1.5","115","carbide"
"Stainless (Metric)","Kennametal 12mm 5F Bull R2.5","Kennametal Endmills 4+ Flute (Metric)","bull nose end mill","12","5","60","85","2.5","115","carbide"
"Stainless (Metric)","Kennametal 12mm 5F Flat","Kennametal Endmills 4+ Flute (Metric)","flat end mill","12","5","60","85",,"115","carbide"
"Stainless (Metric)","Kennametal 16mm 5F Bull R0.5","Kennametal Endmills 4+ Flute (Metric)","bull nose end mill","16","5","80","101","0.5","141","carbide"
"Stainless (Metric)","Kennametal 16mm 5F Bull R2","Kennametal Endmills 4+ Flute (Metric)","bull nose end mill","16","5","80","101","2","141","carbide"
"Stainless (Metric)","Kennametal 16mm 5F Bull R2.5","Kennametal Endmills 4+ Flute (Metric)","bull nose end mill","16","5","80","101","2.5","141","carbide"
"Stainless (Metric)","Kennametal 16mm 5F Flat","Kennametal Endmills 4+ Flute (Metric)","flat end mill","16","5","80","101",,"141","carbide"
"Stainless (Metric)","Kennametal 20mm 5F Bull R0.5","Kennametal Endmills 4+ Flute (Metric)","bull nose end mill","20","5","100","116","0.5","166","carbide"
"Stainless (Metric)","Kennametal 20mm 5F Bull R2.5","Kennametal Endmills 4+ Flute (Metric)","bull nose end mill","20","5","100","116","2.5","166","carbide"
"Stainless (Metric)","Kennametal 20mm 5F Flat","Kennametal Endmills 4+ Flute (Metric)","flat end mill","20","5","100","116",,"166","carbide"
"Stainless (Metric)","Kennametal 25mm 5F Bull R0.5","Kennametal Endmills 4+ Flute (Metric)","bull nose end mill","25","5","125","137.5","0.5","200","carbide"
"Stainless (Metric)","Kennametal 25mm 5F Bull R2.5","Kennametal Endmills 4+ Flute (Metric)","bull nose end mill","25","5","125","137.5","2.5","200","carbide"
"Stainless (Metric)","Kennametal 25mm 5F Flat","Kennametal Endmills 4+ Flute (Metric)","flat end mill","25","5","125","137.5",,"200","carbide"
"Stainless (Metric)","Kennametal 5mm 4F Flat","Kennametal Endmills 4+ Flute (Metric)","flat end mill","5","4","13","32",,"57","carbide"
"Stainless (Metric)","Kennametal 18mm 4F Flat","Kennametal Endmills 4+ Flute (Metric)","flat end mill","18","4","32","47",,"92","carbide"
"Stainless (Metric)","Kennametal 14mm 4F Flat","Kennametal Endmills 4+ Flute (Metric)","flat end mill","14","4","26","48",,"83","carbide"
"Stainless (Metric)","Kennametal 20mm 4F Flat","Kennametal Endmills 4+ Flute (Metric)","flat end mill","20","4","38","54",,"104","carbide"
"Stainless (Metric)","Kennametal 4mm 4F Flat","Kennametal Endmills 4+ Flute (Metric)","flat end mill","4","4","12","30",,"55","carbide"
"Stainless (Metric)","Kennametal 6mm 4F Flat","Kennametal Endmills 4+ Flute (Metric)","flat end mill","6","4","13","32",,"57","carbide"
"Stainless (Metric)","Kennametal 12mm 4F Flat","Kennametal Endmills 4+ Flute (Metric)","flat end mill","12","4","26","53",,"83","carbide"
"Stainless (Metric)","Kennametal 8mm 4F Flat","Kennametal Endmills 4+ Flute (Metric)","flat end mill","8","4","16","38",,"63","carbide"
"Stainless (Metric)","Kennametal 16mm 4F Flat","Kennametal Endmills 4+ Flute (Metric)","flat end mill","16","4","32","52",,"92","carbide"
"Stainless (Metric)","Kennametal 10mm 4F Flat","Kennametal Endmills 4+ Flute (Metric)","flat end mill","10","4","22","47",,"72","carbide"
"Stainless (Metric)","Kennametal 25mm 4F Flat","Kennametal Endmills 4+ Flute (Metric)","flat end mill","25","4","45","58.5",,"121","carbide"
"Stainless (Metric)","Kennametal 2mm 4F Flat","Kennametal Endmills 4+ Flute (Metric)","flat end mill","2","4","5","25",,"50","carbide"
"Stainless (Metric)","Kennametal 3mm 4F Flat","Kennametal Endmills 4+ Flute (Metric)","flat end mill","3","4","7","29",,"54","carbide"
"Stainless (Metric)","Kennametal 2.5mm 4F Flat","Kennametal Endmills 4+ Flute (Metric)","flat end mill","2.5","4","6","25",,"50","carbide"
"Stainless (Metric)","Kennametal 3.5mm 4F Flat","Kennametal Endmills 4+ Flute (Metric)","flat end mill","3.5","4","8","29",,"54","carbide"
"Stainless (Metric)","Kennametal 10mm 4F Bull R2","Kennametal Endmills 4+ Flute (Metric)","bull nose end mill","10","4","15","51","2","76","carbide"
"Stainless (Metric)","Kennametal 12mm 4F Bull R0.5","Kennametal Endmills 4+ Flute (Metric)","bull nose end mill","12","4","18","53","0.5","83","carbide"
"Stainless (Metric)","Kennametal 20mm 4F Bull R2","Kennametal Endmills 4+ Flute (Metric)","bull nose end mill","20","4","30","65","2","115","carbide"
"Stainless (Metric)","Kennametal 12mm 4F Bull R3","Kennametal Endmills 4+ Flute (Metric)","bull nose end mill","12","4","18","53","3","83","carbide"
"Stainless (Metric)","Kennametal 20mm 4F Bull R3","Kennametal Endmills 4+ Flute (Metric)","bull nose end mill","20","4","30","65","3","115","carbide"
"Stainless (Metric)","Kennametal 12mm 4F Bull R1","Kennametal Endmills 4+ Flute (Metric)","bull nose end mill","12","4","18","53","1","83","carbide"
"Stainless (Metric)","Kennametal 16mm 4F Bull R6","Kennametal Endmills 4+ Flute (Metric)","bull nose end mill","16","4","24","60","6","100","carbide"
"Stainless (Metric)","Kennametal 10mm 4F Bull R1","Kennametal Endmills 4+ Flute (Metric)","bull nose end mill","10","4","15","51","1","76","carbide"
"Stainless (Metric)","Kennametal 20mm 4F Bull R1","Kennametal Endmills 4+ Flute (Metric)","bull nose end mill","20","4","30","65","1","115","carbide"
"Stainless (Metric)","Kennametal 6mm 4F Bull R0.5","Kennametal Endmills 4+ Flute (Metric)","bull nose end mill","6","4","9","38","0.5","63","carbide"
"Stainless (Metric)","Kennametal 10mm 4F Bull R3","Kennametal Endmills 4+ Flute (Metric)","bull nose end mill","10","4","15","51","3","76","carbide"
"Stainless (Metric)","Kennametal 16mm 4F Bull R1","Kennametal Endmills 4+ Flute (Metric)","bull nose end mill","16","4","24","60","1","100","carbide"
"Stainless (Metric)","Kennametal 16mm 4F Bull R3","Kennametal Endmills 4+ Flute (Metric)","bull nose end mill","16","4","24","60","3","100","carbide"
"Stainless (Metric)","Kennametal 25mm 4F Bull R1","Kennametal Endmills 4+ Flute (Metric)","bull nose end mill","25","4","37.5","72.5","1","135","carbide"
"Stainless (Metric)","Kennametal 25mm 4F Bull R0.5","Kennametal Endmills 4+ Flute (Metric)","bull nose end mill","25","4","37.5","72.5","0.5","135","carbide"
"Stainless (Metric)","Kennametal 12mm 4F Bull R4","Kennametal Endmills 4+ Flute (Metric)","bull nose end mill","12","4","18","53","4","83","carbide"
"Stainless (Metric)","Kennametal 25mm 4F Bull R3","Kennametal Endmills 4+ Flute (Metric)","bull nose end mill","25","4","37.5","72.5","3","135","carbide"
"Stainless (Metric)","Kennametal 25mm 4F Bull R4","Kennametal Endmills 4+ Flute (Metric)","bull nose end mill","25","4","37.5","72.5","4","135","carbide"
"Stainless (Metric)","Kennametal 16mm 4F Bull R2","Kennametal Endmills 4+ Flute (Metric)","bull nose end mill","16","4","24","60","2","100","carbide"
"Stainless (Metric)","Kennametal 8mm 4F Bull R1","Kennametal Endmills 4+ Flute (Metric)","bull nose end mill","8","4","12","43","1","68","carbide"
"Stainless (Metric)","Kennametal 8mm 4F Bull R0.5","Kennametal Endmills 4+ Flute (Metric)","bull nose end mill","8","4","12","43","0.5","68","carbide"
"Stainless (Metric)","Kennametal 10mm 4F Bull R0.5","Kennametal Endmills 4+ Flute (Metric)","bull nose end mill","10","4","15","51","0.5","76","carbide"
"Stainless (Metric)","Kennametal 20mm 4F Bull R4","Kennametal Endmills 4+ Flute (Metric)","bull nose end mill","20","4","30","65","4","115","carbide"
"Stainless (Metric)","Kennametal 16mm 4F Bull R0.5","Kennametal Endmills 4+ Flute (Metric)","bull nose end mill","16","4","24","60","0.5","100","carbide"
"Stainless (Metric)","Kennametal 25mm 4F Bull R2","Kennametal Endmills 4+ Flute (Metric)","bull nose end mill","25","4","37.5","72.5","2","135","carbide"
"Stainless (Metric)","Kennametal 20mm 4F Bull R0.5","Kennametal Endmills 4+ Flute (Metric)","bull nose end mill","20","4","30","65","0.5","115","carbide"
"Stainless (Metric)","Kennametal 25mm 4F Bull R6","Kennametal Endmills 4+ Flute (Metric)","bull nose end mill","25","4","37.5","72.5","6","135","carbide"
"Stainless (Metric)","Kennametal 10mm 4F Bull R4","Kennametal Endmills 4+ Flute (Metric)","bull nose end mill","10","4","15","51","4","76","carbide"
"Stainless (Metric)","Kennametal 16mm 4F Bull R4","Kennametal Endmills 4+ Flute (Metric)","bull nose end mill","16","4","24","60","4","100","carbide"
"Stainless (Metric)","Kennametal 6mm 4F Bull R1","Kennametal Endmills 4+ Flute (Metric)","bull nose end mill","6","4","9","38","1","63","carbide"
"Stainless (Metric)","Kennametal 12mm 4F Bull R2","Kennametal Endmills 4+ Flute (Metric)","bull nose end mill","12","4","18","53","2","83","carbide"
"Stainless (Metric)","Kennametal 20mm 4F Bull R6","Kennametal Endmills 4+ Flute (Metric)","bull nose end mill","20","4","30","65","6","115","carbide"
"Stainless (Metric)","Kennametal 4mm 4F Bull R0.5","Kennametal Endmills 4+ Flute (Metric)","bull nose end mill","4","4","6","32","0.5","57","carbide"
"Stainless (Metric)","Kennametal 4mm 4F Bull R0.25","Kennametal Endmills 4+ Flute (Metric)","bull nose end mill","4","4","6","32","0.25","57","carbide"
"Stainless (Metric)","Kennametal 12mm 4F Flat","Kennametal Endmills 4+ Flute (Metric)","flat end mill","12","4","26","53",,"83","carbide"
"Stainless (Metric)","Kennametal 10mm 4F Flat","Kennametal Endmills 4+ Flute (Metric)","flat end mill","10","4","22","47",,"72","carbide"
"Stainless (Metric)","Kennametal 8mm 4F Flat","Kennametal Endmills 4+ Flute (Metric)","flat end mill","8","4","16","38",,"63","carbide"
"Stainless (Metric)","Kennametal 25mm 4F Flat","Kennametal Endmills 4+ Flute (Metric)","flat end mill","25","4","45","58.5",,"121","carbide"
"Stainless (Metric)","Kennametal 5mm 4F Flat","Kennametal Endmills 4+ Flute (Metric)","flat end mill","5","4","13","32",,"57","carbide"
"Stainless (Metric)","Kennametal 14mm 4F Flat","Kennametal Endmills 4+ Flute (Metric)","flat end mill","14","4","26","48",,"83","carbide"
"Stainless (Metric)","Kennametal 16mm 4F Flat","Kennametal Endmills 4+ Flute (Metric)","flat end mill","16","4","32","52",,"92","carbide"
"Stainless (Metric)","Kennametal 20mm 4F Flat","Kennametal Endmills 4+ Flute (Metric)","flat end mill","20","4","38","54",,"104","carbide"
"Stainless (Metric)","Kennametal 6mm 4F Flat","Kennametal Endmills 4+ Flute (Metric)","flat end mill","6","4","13","32",,"57","carbide"
"Stainless (Metric)","Kennametal 4mm 4F Flat","Kennametal Endmills 4+ Flute (Metric)","flat end mill","4","4","11","32",,"57","carbide"
"Stainless (Metric)","Kennametal 2.5mm 4F Flat","Kennametal Endmills 4+ Flute (Metric)","flat end mill","2.5","4","6","32",,"57","carbide"
"Stainless (Metric)","Kennametal 2mm 4F Flat","Kennametal Endmills 4+ Flute (Metric)","flat end mill","2","4","6","32",,"57","carbide"
"Stainless (Metric)","Kennametal 3.5mm 4F Flat","Kennametal Endmills 4+ Flute (Metric)","flat end mill","3.5","4","10","32",,"57","carbide"
"Stainless (Metric)","Kennametal 3mm 4F Flat","Kennametal Endmills 4+ Flute (Metric)","flat end mill","3","4","8","32",,"57","carbide"
"Stainless (Metric)","Kennametal 8mm 4F Flat","Kennametal Endmills 4+ Flute (Metric)","flat end mill","8","4","16","38",,"63","carbide"
"Stainless (Metric)","Kennametal 6mm 4F Flat","Kennametal Endmills 4+ Flute (Metric)","flat end mill","6","4","13","32",,"57","carbide"
"Stainless (Metric)","Kennametal 25mm 4F Flat","Kennametal Endmills 4+ Flute (Metric)","flat end mill","25","4","45","58.5",,"121","carbide"
"Stainless (Metric)","Kennametal 14mm 4F Flat","Kennametal Endmills 4+ Flute (Metric)","flat end mill","14","4","26","48",,"83","carbide"
"Stainless (Metric)","Kennametal 4mm 4F Flat","Kennametal Endmills 4+ Flute (Metric)","flat end mill","4","4","12","30",,"55","carbide"
"Stainless (Metric)","Kennametal 12mm 4F Flat","Kennametal Endmills 4+ Flute (Metric)","flat end mill","12","4","26","53",,"83","carbide"
"Stainless (Metric)","Kennametal 10mm 4F Flat","Kennametal Endmills 4+ Flute (Metric)","flat end mill","10","4","22","47",,"72","carbide"
"Stainless (Metric)","Kennametal 5mm 4F Flat","Kennametal Endmills 4+ Flute (Metric)","flat end mill","5","4","13","32",,"57","carbide"
"Stainless (Metric)","Kennametal 20mm 4F Flat","Kennametal Endmills 4+ Flute (Metric)","flat end mill","20","4","38","54",,"104","carbide"
"Stainless (Metric)","Kennametal 18mm 4F Flat","Kennametal Endmills 4+ Flute (Metric)","flat end mill","18","4","32","47",,"92","carbide"
"Stainless (Metric)","Kennametal 16mm 4F Flat","Kennametal Endmills 4+ Flute (Metric)","flat end mill","16","4","32","52",,"92","carbide"
"Stainless (Metric)","Kennametal 2.5mm 4F Flat","Kennametal Endmills 4+ Flute (Metric)","flat end mill","2.5","4","6","25",,"50","carbide"
"Stainless (Metric)","Kennametal 3.5mm 4F Flat","Kennametal Endmills 4+ Flute (Metric)","flat end mill","3.5","4","8","29",,"54","carbide"
"Stainless (Metric)","Kennametal 2mm 4F Flat","Kennametal Endmills 4+ Flute (Metric)","flat end mill","2","4","5","25",,"50","carbide"
"Stainless (Metric)","Kennametal 3mm 4F Flat","Kennametal Endmills 4+ Flute (Metric)","flat end mill","3","4","7","29",,"54","carbide"
"Stainless (Metric)","Kennametal 8mm 4F Flat","Kennametal Endmills 4+ Flute (Metric)","flat end mill","8","4","16","38",,"63","carbide"
"Stainless (Metric)","Kennametal 12mm 4F Flat","Kennametal Endmills 4+ Flute (Metric)","flat end mill","12","4","26","53",,"83","carbide"
"Stainless (Metric)","Kennametal 25mm 4F Flat","Kennametal Endmills 4+ Flute (Metric)","flat end mill","25","4","45","58.5",,"121","carbide"
"Stainless (Metric)","Kennametal 5mm 4F Flat","Kennametal Endmills 4+ Flute (Metric)","flat end mill","5","4","13","32",,"57","carbide"
"Stainless (Metric)","Kennametal 6mm 4F Flat","Kennametal Endmills 4+ Flute (Metric)","flat end mill","6","4","13","32",,"57","carbide"
"Stainless (Metric)","Kennametal 16mm 4F Flat","Kennametal Endmills 4+ Flute (Metric)","flat end mill","16","4","32","52",,"92","carbide"
"Stainless (Metric)","Kennametal 4mm 4F Flat","Kennametal Endmills 4+ Flute (Metric)","flat end mill","4","4","11","32",,"57","carbide"
"Stainless (Metric)","Kennametal 14mm 4F Flat","Kennametal Endmills 4+ Flute (Metric)","flat end mill","14","4","26","48",,"83","carbide"
"Stainless (Metric)","Kennametal 20mm 4F Flat","Kennametal Endmills 4+ Flute (Metric)","flat end mill","20","4","38","54",,"104","carbide"
"Stainless (Metric)","Kennametal 10mm 4F Flat","Kennametal Endmills 4+ Flute (Metric)","flat end mill","10","4","22","47",,"72","carbide"
"Stainless (Metric)","Kennametal 3mm 4F Flat","Kennametal Endmills 4+ Flute (Metric)","flat end mill","3","4","8","32",,"57","carbide"
"Stainless (Metric)","Kennametal 2.5mm 4F Flat","Kennametal Endmills 4+ Flute (Metric)","flat end mill","2.5","4","6","32",,"57","carbide"
"Stainless (Metric)","Kennametal 2mm 4F Flat","Kennametal Endmills 4+ Flute (Metric)","flat end mill","2","4","6","32",,"57","carbide"
"Stainless (Metric)","Kennametal 3.5mm 4F Flat","Kennametal Endmills 4+ Flute (Metric)","flat end mill","3.5","4","10","32",,"57","carbide"
"Stainless (Metric)","Kennametal 16mm 4F Bull R0.5","Kennametal Endmills 4+ Flute (Metric)","bull nose end mill","16","4","24","60","0.5","100","carbide"
"Stainless (Metric)","Kennametal 25mm 4F Bull R4","Kennametal Endmills 4+ Flute (Metric)","bull nose end mill","25","4","37.5","72.5","4","135","carbide"
"Stainless (Metric)","Kennametal 16mm 4F Bull R1","Kennametal Endmills 4+ Flute (Metric)","bull nose end mill","16","4","24","60","1","100","carbide"
"Stainless (Metric)","Kennametal 10mm 4F Bull R1","Kennametal Endmills 4+ Flute (Metric)","bull nose end mill","10","4","15","51","1","76","carbide"
"Stainless (Metric)","Kennametal 12mm 4F Bull R1","Kennametal Endmills 4+ Flute (Metric)","bull nose end mill","12","4","18","53","1","83","carbide"
"Stainless (Metric)","Kennametal 16mm 4F Bull R6","Kennametal Endmills 4+ Flute (Metric)","bull nose end mill","16","4","24","60","6","100","carbide"
"Stainless (Metric)","Kennametal 12mm 4F Bull R2","Kennametal Endmills 4+ Flute (Metric)","bull nose end mill","12","4","18","53","2","83","carbide"
"Stainless (Metric)","Kennametal 20mm 4F Bull R3","Kennametal Endmills 4+ Flute (Metric)","bull nose end mill","20","4","30","65","3","115","carbide"
"Stainless (Metric)","Kennametal 16mm 4F Bull R4","Kennametal Endmills 4+ Flute (Metric)","bull nose end mill","16","4","24","60","4","100","carbide"
"Stainless (Metric)","Kennametal 16mm 4F Bull R2","Kennametal Endmills 4+ Flute (Metric)","bull nose end mill","16","4","24","60","2","100","carbide"
"Stainless (Metric)","Kennametal 20mm 4F Bull R2","Kennametal Endmills 4+ Flute (Metric)","bull nose end mill","20","4","30","65","2","115","carbide"
"Stainless (Metric)","Kennametal 10mm 4F Bull R2","Kennametal Endmills 4+ Flute (Metric)","bull nose end mill","10","4","15","51","2","76","carbide"
"Stainless (Metric)","Kennametal 25mm 4F Bull R0.5","Kennametal Endmills 4+ Flute (Metric)","bull nose end mill","25","4","37.5","72.5","0.5","135","carbide"
"Stainless (Metric)","Kennametal 20mm 4F Bull R0.5","Kennametal Endmills 4+ Flute (Metric)","bull nose end mill","20","4","30","65","0.5","115","carbide"
"Stainless (Metric)","Kennametal 10mm 4F Bull R0.5","Kennametal Endmills 4+ Flute (Metric)","bull nose end mill","10","4","15","51","0.5","76","carbide"
"Stainless (Metric)","Kennametal 8mm 4F Bull R1","Kennametal Endmills 4+ Flute (Metric)","bull nose end mill","8","4","12","43","1","68","carbide"
"Stainless (Metric)","Kennametal 6mm 4F Bull R0.5","Kennametal Endmills 4+ Flute (Metric)","bull nose end mill","6","4","9","38","0.5","63","carbide"
"Stainless (Metric)","Kennametal 8mm 4F Bull R0.5","Kennametal Endmills 4+ Flute (Metric)","bull nose end mill","8","4","12","43","0.5","68","carbide"
"Stainless (Metric)","Kennametal 12mm 4F Bull R0.5","Kennametal Endmills 4+ Flute (Metric)","bull nose end mill","12","4","18","53","0.5","83","carbide"
"Stainless (Metric)","Kennametal 20mm 4F Bull R1","Kennametal Endmills 4+ Flute (Metric)","bull nose end mill","20","4","30","65","1","115","carbide"
"Stainless (Metric)","Kennametal 6mm 4F Bull R1","Kennametal Endmills 4+ Flute (Metric)","bull nose end mill","6","4","9","38","1","63","carbide"
"Stainless (Metric)","Kennametal 25mm 4F Bull R6","Kennametal Endmills 4+ Flute (Metric)","bull nose end mill","25","4","37.5","72.5","6","135","carbide"
"Stainless (Metric)","Kennametal 10mm 4F Bull R3","Kennametal Endmills 4+ Flute (Metric)","bull nose end mill","10","4","15","51","3","76","carbide"
"Stainless (Metric)","Kennametal 12mm 4F Bull R4","Kennametal Endmills 4+ Flute (Metric)","bull nose end mill","12","4","18","53","4","83","carbide"
"Stainless (Metric)","Kennametal 12mm 4F Bull R3","Kennametal Endmills 4+ Flute (Metric)","bull nose end mill","12","4","18","53","3","83","carbide"
"Stainless (Metric)","Kennametal 16mm 4F Bull R3","Kennametal Endmills 4+ Flute (Metric)","bull nose end mill","16","4","24","60","3","100","carbide"
"Stainless (Metric)","Kennametal 20mm 4F Bull R6","Kennametal Endmills 4+ Flute (Metric)","bull nose end mill","20","4","30","65","6","115","carbide"
"Stainless (Metric)","Kennametal 25mm 4F Bull R3","Kennametal Endmills 4+ Flute (Metric)","bull nose end mill","25","4","37.5","72.5","3","135","carbide"
"Stainless (Metric)","Kennametal 10mm 4F Bull R4","Kennametal Endmills 4+ Flute (Metric)","bull nose end mill","10","4","15","51","4","76","carbide"
"Stainless (Metric)","Kennametal 25mm 4F Bull R1","Kennametal Endmills 4+ Flute (Metric)","bull nose end mill","25","4","37.5","72.5","1","135","carbide"
"Stainless (Metric)","Kennametal 25mm 4F Bull R2","Kennametal Endmills 4+ Flute (Metric)","bull nose end mill","25","4","37.5","72.5","2","135","carbide"
"Stainless (Metric)","Kennametal 20mm 4F Bull R4","Kennametal Endmills 4+ Flute (Metric)","bull nose end mill","20","4","30","65","4","115","carbide"
"Stainless (Metric)","Kennametal 4mm 4F Bull R0.25","Kennametal Endmills 4+ Flute (Metric)","bull nose end mill","4","4","6","32","0.25","57","carbide"
"Stainless (Metric)","Kennametal 4mm 4F Bull R0.5","Kennametal Endmills 4+ Flute (Metric)","bull nose end mill","4","4","6","32","0.5","57","carbide"
"Stainless (Metric)","Kennametal 2.5mm 4F Flat","Kennametal Endmills 4+ Flute (Metric)","flat end mill","2.5","4","5","29",,"54","carbide"
"Stainless (Metric)","Kennametal 6mm 4F Flat","Kennametal Endmills 4+ Flute (Metric)","flat end mill","6","4","10","29",,"54","carbide"
"Stainless (Metric)","Kennametal 3mm 4F Flat","Kennametal Endmills 4+ Flute (Metric)","flat end mill","3","4","6","29",,"54","carbide"
"Stainless (Metric)","Kennametal 14mm 4F Flat","Kennametal Endmills 4+ Flute (Metric)","flat end mill","14","4","18","40",,"75","carbide"
"Stainless (Metric)","Kennametal 16mm 4F Flat","Kennametal Endmills 4+ Flute (Metric)","flat end mill","16","4","22","42",,"82","carbide"
"Stainless (Metric)","Kennametal 5mm 4F Flat","Kennametal Endmills 4+ Flute (Metric)","flat end mill","5","4","9","29",,"54","carbide"
"Stainless (Metric)","Kennametal 2mm 4F Flat","Kennametal Endmills 4+ Flute (Metric)","flat end mill","2","4","4","29",,"54","carbide"
"Stainless (Metric)","Kennametal 4mm 4F Flat","Kennametal Endmills 4+ Flute (Metric)","flat end mill","4","4","8","29",,"54","carbide"
"Stainless (Metric)","Kennametal 8mm 4F Flat","Kennametal Endmills 4+ Flute (Metric)","flat end mill","8","4","12","33",,"58","carbide"
"Stainless (Metric)","Kennametal 12mm 4F Flat","Kennametal Endmills 4+ Flute (Metric)","flat end mill","12","4","16","43",,"73","carbide"
"Stainless (Metric)","Kennametal 25mm 4F Flat","Kennametal Endmills 4+ Flute (Metric)","flat end mill","25","4","30","58.5",,"121","carbide"
"Stainless (Metric)","Kennametal 3.5mm 4F Flat","Kennametal Endmills 4+ Flute (Metric)","flat end mill","3.5","4","7","29",,"54","carbide"
"Stainless (Metric)","Kennametal 10mm 4F Flat","Kennametal Endmills 4+ Flute (Metric)","flat end mill","10","4","14","41",,"66","carbide"
"Stainless (Metric)","Kennametal 18mm 4F Flat","Kennametal Endmills 4+ Flute (Metric)","flat end mill","18","4","24","47",,"92","carbide"
"Stainless (Metric)","Kennametal 20mm 4F Flat","Kennametal Endmills 4+ Flute (Metric)","flat end mill","20","4","26","42",,"92","carbide"
"Stainless (Metric)","Kennametal 2.5mm 4F Flat","Kennametal Endmills 4+ Flute (Metric)","flat end mill","2.5","4","6","32",,"57","carbide"
"Stainless (Metric)","Kennametal 8mm 4F Flat","Kennametal Endmills 4+ Flute (Metric)","flat end mill","8","4","16","38",,"63","carbide"
"Stainless (Metric)","Kennametal 3mm 4F Flat","Kennametal Endmills 4+ Flute (Metric)","flat end mill","3","4","8","32",,"57","carbide"
"Stainless (Metric)","Kennametal 18mm 4F Flat","Kennametal Endmills 4+ Flute (Metric)","flat end mill","18","4","35","47",,"92","carbide"
"Stainless (Metric)","Kennametal 25mm 4F Flat","Kennametal Endmills 4+ Flute (Metric)","flat end mill","25","4","45","58.5",,"121","carbide"
"Stainless (Metric)","Kennametal 10mm 4F Flat","Kennametal Endmills 4+ Flute (Metric)","flat end mill","10","4","22","47",,"72","carbide"
"Stainless (Metric)","Kennametal 6mm 4F Flat","Kennametal Endmills 4+ Flute (Metric)","flat end mill","6","4","13","32",,"57","carbide"
"Stainless (Metric)","Kennametal 2mm 4F Flat","Kennametal Endmills 4+ Flute (Metric)","flat end mill","2","4","6","32",,"57","carbide"
"Stainless (Metric)","Kennametal 5mm 4F Flat","Kennametal Endmills 4+ Flute (Metric)","flat end mill","5","4","13","32",,"57","carbide"
"Stainless (Metric)","Kennametal 3.5mm 4F Flat","Kennametal Endmills 4+ Flute (Metric)","flat end mill","3.5","4","10","32",,"57","carbide"
"Stainless (Metric)","Kennametal 16mm 4F Flat","Kennametal Endmills 4+ Flute (Metric)","flat end mill","16","4","32","52",,"92","carbide"
"Stainless (Metric)","Kennametal 14mm 4F Flat","Kennametal Endmills 4+ Flute (Metric)","flat end mill","14","4","26","48",,"83","carbide"
"Stainless (Metric)","Kennametal 12mm 4F Flat","Kennametal Endmills 4+ Flute (Metric)","flat end mill","12","4","26","53",,"83","carbide"
"Stainless (Metric)","Kennametal 4mm 4F Flat","Kennametal Endmills 4+ Flute (Metric)","flat end mill","4","4","11","32",,"57","carbide"
"Stainless (Metric)","Kennametal 20mm 4F Flat","Kennametal Endmills 4+ Flute (Metric)","flat end mill","20","4","38","54",,"104","carbide"
"Stainless (Metric)","Kennametal 8mm 4F Flat","Kennametal Endmills 4+ Flute (Metric)","flat end mill","8","4","16","38",,"63","carbide"
"Stainless (Metric)","Kennametal 4mm 4F Flat","Kennametal Endmills 4+ Flute (Metric)","flat end mill","4","4","11","32",,"57","carbide"
"Stainless (Metric)","Kennametal 3.5mm 4F Flat","Kennametal Endmills 4+ Flute (Metric)","flat end mill","3.5","4","10","32",,"57","carbide"
"Stainless (Metric)","Kennametal 3mm 4F Flat","Kennametal Endmills 4+ Flute (Metric)","flat end mill","3","4","8","32",,"57","carbide"
"Stainless (Metric)","Kennametal 2.5mm 4F Flat","Kennametal Endmills 4+ Flute (Metric)","flat end mill","2.5","4","6","32",,"57","carbide"
"Stainless (Metric)","Kennametal 2mm 4F Flat","Kennametal Endmills 4+ Flute (Metric)","flat end mill","2","4","6","32",,"57","carbide"
"Stainless (Metric)","Kennametal 14mm 4F Flat","Kennametal Endmills 4+ Flute (Metric)","flat end mill","14","4","26","48",,"83","carbide"
"Stainless (Metric)","Kennametal 18mm 4F Flat","Kennametal Endmills 4+ Flute (Metric)","flat end mill","18","4","35","47",,"92","carbide"
"Stainless (Metric)","Kennametal 16mm 4F Flat","Kennametal Endmills 4+ Flute (Metric)","flat end mill","16","4","32","52",,"92","carbide"
"Stainless (Metric)","Kennametal 6mm 4F Flat","Kennametal Endmills 4+ Flute (Metric)","flat end mill","6","4","13","32",,"57","carbide"
"Stainless (Metric)","Kennametal 5mm 4F Flat","Kennametal Endmills 4+ Flute (Metric)","flat end mill","5","4","13","32",,"57","carbide"
"Stainless (Metric)","Kennametal 10mm 4F Flat","Kennametal Endmills 4+ Flute (Metric)","flat end mill","10","4","22","47",,"72","carbide"
"Stainless (Metric)","Kennametal 12mm 4F Flat","Kennametal Endmills 4+ Flute (Metric)","flat end mill","12","4","26","53",,"83","carbide"
"Stainless (Metric)","Kennametal 25mm 4F Flat","Kennametal Endmills 4+ Flute (Metric)","flat end mill","25","4","45","58.5",,"121","carbide"
"Stainless (Metric)","Kennametal 20mm 4F Flat","Kennametal Endmills 4+ Flute (Metric)","flat end mill","20","4","38","54",,"104","carbide"
"Stainless (Metric)","Kennametal 8mm 4F Flat","Kennametal Endmills 4+ Flute (Metric)","flat end mill","8","4","12","33",,"58","carbide"
"Stainless (Metric)","Kennametal 6mm 4F Flat","Kennametal Endmills 4+ Flute (Metric)","flat end mill","6","4","10","29",,"54","carbide"
"Stainless (Metric)","Kennametal 20mm 4F Flat","Kennametal Endmills 4+ Flute (Metric)","flat end mill","20","4","26","42",,"92","carbide"
"Stainless (Metric)","Kennametal 5mm 4F Flat","Kennametal Endmills 4+ Flute (Metric)","flat end mill","5","4","9","29",,"54","carbide"
"Stainless (Metric)","Kennametal 12mm 4F Flat","Kennametal Endmills 4+ Flute (Metric)","flat end mill","12","4","16","43",,"73","carbide"
"Stainless (Metric)","Kennametal 14mm 4F Flat","Kennametal Endmills 4+ Flute (Metric)","flat end mill","14","4","18","40",,"75","carbide"
"Stainless (Metric)","Kennametal 16mm 4F Flat","Kennametal Endmills 4+ Flute (Metric)","flat end mill","16","4","22","42",,"82","carbide"
"Stainless (Metric)","Kennametal 10mm 4F Flat","Kennametal Endmills 4+ Flute (Metric)","flat end mill","10","4","14","41",,"66","carbide"
"Stainless (Metric)","Kennametal 25mm 4F Flat","Kennametal Endmills 4+ Flute (Metric)","flat end mill","25","4","30","58.5",,"121","carbide"
"Stainless (Metric)","Kennametal 4mm 4F Flat","Kennametal Endmills 4+ Flute (Metric)","flat end mill","4","4","8","29",,"54","carbide"
"Stainless (Metric)","Kennametal 18mm 4F Flat","Kennametal Endmills 4+ Flute (Metric)","flat end mill","18","4","24","47",,"92","carbide"
"Stainless (Metric)","Kennametal 3.5mm 4F Flat","Kennametal Endmills 4+ Flute (Metric)","flat end mill","3.5","4","7","29",,"54","carbide"
"Stainless (Metric)","Kennametal 3mm 4F Flat","Kennametal Endmills 4+ Flute (Metric)","flat end mill","3","4","6","29",,"54","carbide"
"Stainless (Metric)","Kennametal 2.5mm 4F Flat","Kennametal Endmills 4+ Flute (Metric)","flat end mill","2.5","4","5","29",,"54","carbide"
"Stainless (Metric)","Kennametal 2mm 4F Flat","Kennametal Endmills 4+ Flute (Metric)","flat end mill","2","4","4","29",,"54","carbide"
"Stainless (Metric)","Kennametal 16mm 4F Flat","Kennametal Endmills 4+ Flute (Metric)","flat end mill","16","4","22","42",,"82","carbide"
"Stainless (Metric)","Kennametal 25mm 4F Flat","Kennametal Endmills 4+ Flute (Metric)","flat end mill","25","4","30","58.5",,"121","carbide"
"Stainless (Metric)","Kennametal 20mm 4F Flat","Kennametal Endmills 4+ Flute (Metric)","flat end mill","20","4","26","42",,"92","carbide"
"Stainless (Metric)","Kennametal 12mm 4F Flat","Kennametal Endmills 4+ Flute (Metric)","flat end mill","12","4","16","43",,"73","carbide"
"Stainless (Metric)","Kennametal 18mm 4F Flat","Kennametal Endmills 4+ Flute (Metric)","flat end mill","18","4","24","47",,"92","carbide"
"Stainless (Metric)","Kennametal 14mm 4F Flat","Kennametal Endmills 4+ Flute (Metric)","flat end mill","14","4","18","40",,"75","carbide"
"Stainless (Metric)","Kennametal 8mm 4F Flat","Kennametal Endmills 4+ Flute (Metric)","flat end mill","8","4","12","33",,"58","carbide"
"Stainless (Metric)","Kennametal 10mm 4F Flat","Kennametal Endmills 4+ Flute (Metric)","flat end mill","10","4","14","41",,"66","carbide"
"Stainless (Metric)","Kennametal 6mm 4F Flat","Kennametal Endmills 4+ Flute (Metric)","flat end mill","6","4","10","29",,"54","carbide"
"Stainless (Metric)","Kennametal 5mm 4F Flat","Kennametal Endmills 4+ Flute (Metric)","flat end mill","5","4","9","29",,"54","carbide"
"Stainless (Metric)","Kennametal 3.5mm 4F Flat","Kennametal Endmills 4+ Flute (Metric)","flat end mill","3.5","4","7","29",,"54","carbide"
"Stainless (Metric)","Kennametal 4mm 4F Flat","Kennametal Endmills 4+ Flute (Metric)","flat end mill","4","4","8","29",,"54","carbide"
"Stainless (Metric)","Kennametal 2.5mm 4F Flat","Kennametal Endmills 4+ Flute (Metric)","flat end mill","2.5","4","5","29",,"54","carbide"
"Stainless (Metric)","Kennametal 2mm 4F Flat","Kennametal Endmills 4+ Flute (Metric)","flat end mill","2","4","4","29",,"54","carbide"
"Stainless (Metric)","Kennametal 3mm 4F Flat","Kennametal Endmills 4+ Flute (Metric)","flat end mill","3","4","6","29",,"54","carbide"
"Stainless (Metric)","Kennametal 25mm 4F Flat","Kennametal Endmills 4+ Flute (Metric)","flat end mill","25","4","30","58.5",,"121","carbide"
"Stainless (Metric)","Kennametal 6mm 4F Flat","Kennametal Endmills 4+ Flute (Metric)","flat end mill","6","4","10","29",,"54","carbide"
"Stainless (Metric)","Kennametal 12mm 4F Flat","Kennametal Endmills 4+ Flute (Metric)","flat end mill","12","4","16","43",,"73","carbide"
"Stainless (Metric)","Kennametal 8mm 4F Flat","Kennametal Endmills 4+ Flute (Metric)","flat end mill","8","4","12","33",,"58","carbide"
"Stainless (Metric)","Kennametal 18mm 4F Flat","Kennametal Endmills 4+ Flute (Metric)","flat end mill","18","4","24","47",,"92","carbide"
"Stainless (Metric)","Kennametal 5mm 4F Flat","Kennametal Endmills 4+ Flute (Metric)","flat end mill","5","4","9","29",,"54","carbide"
"Stainless (Metric)","Kennametal 20mm 4F Flat","Kennametal Endmills 4+ Flute (Metric)","flat end mill","20","4","26","42",,"92","carbide"
"Stainless (Metric)","Kennametal 2.5mm 4F Flat","Kennametal Endmills 4+ Flute (Metric)","flat end mill","2.5","4","5","29",,"54","carbide"
"Stainless (Metric)","Kennametal 3.5mm 4F Flat","Kennametal Endmills 4+ Flute (Metric)","flat end mill","3.5","4","7","29",,"54","carbide"
"Stainless (Metric)","Kennametal 4mm 4F Flat","Kennametal Endmills 4+ Flute (Metric)","flat end mill","4","4","8","29",,"54","carbide"
"Stainless (Metric)","Kennametal 3mm 4F Flat","Kennametal Endmills 4+ Flute (Metric)","flat end mill","3","4","6","29",,"54","carbide"
"Stainless (Metric)","Kennametal 14mm 4F Flat","Kennametal Endmills 4+ Flute (Metric)","flat end mill","14","4","18","40",,"75","carbide"
"Stainless (Metric)","Kennametal 10mm 4F Flat","Kennametal Endmills 4+ Flute (Metric)","flat end mill","10","4","14","41",,"66","carbide"
"Stainless (Metric)","Kennametal 16mm 4F Flat","Kennametal Endmills 4+ Flute (Metric)","flat end mill","16","4","22","42",,"82","carbide"
"Stainless (Metric)","Kennametal 2mm 4F Flat","Kennametal Endmills 4+ Flute (Metric)","flat end mill","2","4","4","29",,"54","carbide"
"Stainless (Metric)","Kennametal 4mm 4F Ball","Kennametal Endmills 4+ Flute (Metric)","ball end mill","4","4","4","25",,"50","carbide"
"Stainless (Metric)","Kennametal 16mm 4F Ball","Kennametal Endmills 4+ Flute (Metric)","ball end mill","16","4","16","110",,"150","carbide"
"Stainless (Metric)","Kennametal 2mm 4F Ball","Kennametal Endmills 4+ Flute (Metric)","ball end mill","2","4","2","25",,"50","carbide"
"Stainless (Metric)","Kennametal 8mm 4F Ball","Kennametal Endmills 4+ Flute (Metric)","ball end mill","8","4","8","75",,"100","carbide"
"Stainless (Metric)","Kennametal 5mm 4F Ball","Kennametal Endmills 4+ Flute (Metric)","ball end mill","5","4","5","38",,"63","carbide"
"Stainless (Metric)","Kennametal 6mm 4F Ball","Kennametal Endmills 4+ Flute (Metric)","ball end mill","6","4","6","51",,"76","carbide"
"Stainless (Metric)","Kennametal 10mm 4F Ball","Kennametal Endmills 4+ Flute (Metric)","ball end mill","10","4","10","96",,"121","carbide"
"Stainless (Metric)","Kennametal 12mm 4F Ball","Kennametal Endmills 4+ Flute (Metric)","ball end mill","12","4","12","95",,"125","carbide"
"Stainless (Metric)","Kennametal 20mm 4F Ball","Kennametal Endmills 4+ Flute (Metric)","ball end mill","20","4","20","116",,"166","carbide"
"Stainless (Metric)","Kennametal 3mm 4F Ball","Kennametal Endmills 4+ Flute (Metric)","ball end mill","3","4","3","25",,"50","carbide"
"Stainless (Metric)","Kennametal 5mm 4F Ball","Kennametal Endmills 4+ Flute (Metric)","ball end mill","5","4","13","30",,"55","carbide"
"Stainless (Metric)","Kennametal 6mm 4F Ball","Kennametal Endmills 4+ Flute (Metric)","ball end mill","6","4","15","30",,"55","carbide"
"Stainless (Metric)","Kennametal 10mm 4F Ball","Kennametal Endmills 4+ Flute (Metric)","ball end mill","10","4","25","51",,"76","carbide"
"Stainless (Metric)","Kennametal 4mm 4F Ball","Kennametal Endmills 4+ Flute (Metric)","ball end mill","4","4","10","25",,"50","carbide"
"Stainless (Metric)","Kennametal 3mm 4F Ball","Kennametal Endmills 4+ Flute (Metric)","ball end mill","3","4","8","25",,"50","carbide"
"Stainless (Metric)","Kennametal 2mm 4F Ball","Kennametal Endmills 4+ Flute (Metric)","ball end mill","2","4","5","25",,"50","carbide"
"Stainless (Metric)","Kennametal 16mm 4F Ball","Kennametal Endmills 4+ Flute (Metric)","ball end mill","16","4","40","70",,"110","carbide"
"Stainless (Metric)","Kennametal 8mm 4F Ball","Kennametal Endmills 4+ Flute (Metric)","ball end mill","8","4","20","38",,"63","carbide"
"Stainless (Metric)","Kennametal 20mm 4F Ball","Kennametal Endmills 4+ Flute (Metric)","ball end mill","20","4","50","100",,"150","carbide"
"Stainless (Metric)","Kennametal 12mm 4F Ball","Kennametal Endmills 4+ Flute (Metric)","ball end mill","12","4","30","53",,"83","carbide"
"Stainless (Metric)","Kennametal 12mm 4F Bull R4","Kennametal Endmills 4+ Flute (Metric)","bull nose end mill","12","4","26","70","4","100","carbide"
"Stainless (Metric)","Kennametal 16mm 4F Bull R6","Kennametal Endmills 4+ Flute (Metric)","bull nose end mill","16","4","32","85","6","125","carbide"
"Stainless (Metric)","Kennametal 16mm 4F Bull R0.5","Kennametal Endmills 4+ Flute (Metric)","bull nose end mill","16","4","32","85","0.5","125","carbide"
"Stainless (Metric)","Kennametal 25mm 4F Bull R6","Kennametal Endmills 4+ Flute (Metric)","bull nose end mill","25","4","45","72.5","6","135","carbide"
"Stainless (Metric)","Kennametal 16mm 4F Bull R2","Kennametal Endmills 4+ Flute (Metric)","bull nose end mill","16","4","32","85","2","125","carbide"
"Stainless (Metric)","Kennametal 12mm 4F Bull R3","Kennametal Endmills 4+ Flute (Metric)","bull nose end mill","12","4","26","70","3","100","carbide"
"Stainless (Metric)","Kennametal 20mm 4F Bull R2","Kennametal Endmills 4+ Flute (Metric)","bull nose end mill","20","4","38","75","2","125","carbide"
"Stainless (Metric)","Kennametal 25mm 4F Bull R2","Kennametal Endmills 4+ Flute (Metric)","bull nose end mill","25","4","45","72.5","2","135","carbide"
"Stainless (Metric)","Kennametal 25mm 4F Bull R3","Kennametal Endmills 4+ Flute (Metric)","bull nose end mill","25","4","45","72.5","3","135","carbide"
"Stainless (Metric)","Kennametal 20mm 4F Bull R6","Kennametal Endmills 4+ Flute (Metric)","bull nose end mill","20","4","38","75","6","125","carbide"
"Stainless (Metric)","Kennametal 25mm 4F Bull R0.5","Kennametal Endmills 4+ Flute (Metric)","bull nose end mill","25","4","45","72.5","0.5","135","carbide"
"Stainless (Metric)","Kennametal 20mm 4F Bull R2.5","Kennametal Endmills 4+ Flute (Metric)","bull nose end mill","20","4","38","75","2.5","125","carbide"
"Stainless (Metric)","Kennametal 20mm 4F Bull R4","Kennametal Endmills 4+ Flute (Metric)","bull nose end mill","20","4","38","75","4","125","carbide"
"Stainless (Metric)","Kennametal 25mm 4F Bull R4","Kennametal Endmills 4+ Flute (Metric)","bull nose end mill","25","4","45","72.5","4","135","carbide"
"Stainless (Metric)","Kennametal 25mm 4F Bull R2.5","Kennametal Endmills 4+ Flute (Metric)","bull nose end mill","25","4","45","72.5","2.5","135","carbide"
"Stainless (Metric)","Kennametal 12mm 4F Bull R2.5","Kennametal Endmills 4+ Flute (Metric)","bull nose end mill","12","4","26","70","2.5","100","carbide"
"Stainless (Metric)","Kennametal 16mm 4F Bull R2.5","Kennametal Endmills 4+ Flute (Metric)","bull nose end mill","16","4","32","85","2.5","125","carbide"
"Stainless (Metric)","Kennametal 16mm 4F Bull R3","Kennametal Endmills 4+ Flute (Metric)","bull nose end mill","16","4","32","85","3","125","carbide"
"Stainless (Metric)","Kennametal 12mm 4F Bull R2","Kennametal Endmills 4+ Flute (Metric)","bull nose end mill","12","4","26","70","2","100","carbide"
"Stainless (Metric)","Kennametal 12mm 4F Bull R1","Kennametal Endmills 4+ Flute (Metric)","bull nose end mill","12","4","26","70","1","100","carbide"
"Stainless (Metric)","Kennametal 6mm 4F Bull R1","Kennametal Endmills 4+ Flute (Metric)","bull nose end mill","6","4","13","45","1","70","carbide"
"Stainless (Metric)","Kennametal 4mm 4F Bull R0.25","Kennametal Endmills 4+ Flute (Metric)","bull nose end mill","4","4","11","32","0.25","57","carbide"
"Stainless (Metric)","Kennametal 8mm 4F Bull R0.5","Kennametal Endmills 4+ Flute (Metric)","bull nose end mill","8","4","19","51","0.5","76","carbide"
"Stainless (Metric)","Kennametal 6mm 4F Bull R0.5","Kennametal Endmills 4+ Flute (Metric)","bull nose end mill","6","4","13","45","0.5","70","carbide"
"Stainless (Metric)","Kennametal 8mm 4F Bull R1","Kennametal Endmills 4+ Flute (Metric)","bull nose end mill","8","4","19","51","1","76","carbide"
"Stainless (Metric)","Kennametal 10mm 4F Bull R0.5","Kennametal Endmills 4+ Flute (Metric)","bull nose end mill","10","4","22","75","0.5","100","carbide"
"Stainless (Metric)","Kennametal 10mm 4F Bull R2","Kennametal Endmills 4+ Flute (Metric)","bull nose end mill","10","4","22","75","2","100","carbide"
"Stainless (Metric)","Kennametal 10mm 4F Bull R1","Kennametal Endmills 4+ Flute (Metric)","bull nose end mill","10","4","22","75","1","100","carbide"
"Stainless (Metric)","Kennametal 10mm 4F Bull R2.5","Kennametal Endmills 4+ Flute (Metric)","bull nose end mill","10","4","22","75","2.5","100","carbide"
"Stainless (Metric)","Kennametal 10mm 4F Bull R3","Kennametal Endmills 4+ Flute (Metric)","bull nose end mill","10","4","22","75","3","100","carbide"
"Stainless (Metric)","Kennametal 10mm 4F Bull R4","Kennametal Endmills 4+ Flute (Metric)","bull nose end mill","10","4","22","75","4","100","carbide"
"Stainless (Metric)","Kennametal 4mm 4F Bull R0.5","Kennametal Endmills 4+ Flute (Metric)","bull nose end mill","4","4","11","32","0.5","57","carbide"
"Stainless (Metric)","Kennametal 12mm 4F Bull R0.5","Kennametal Endmills 4+ Flute (Metric)","bull nose end mill","12","4","26","70","0.5","100","carbide"
"Stainless (Metric)","Kennametal 12mm 4F Bull R1","Kennametal Endmills 4+ Flute (Metric)","bull nose end mill","12","4","26","70","1","100","carbide"
"Stainless (Metric)","Kennametal 12mm 4F Bull R3","Kennametal Endmills 4+ Flute (Metric)","bull nose end mill","12","4","26","70","3","100","carbide"
"Stainless (Metric)","Kennametal 12mm 4F Bull R2","Kennametal Endmills 4+ Flute (Metric)","bull nose end mill","12","4","26","70","2","100","carbide"
"Stainless (Metric)","Kennametal 12mm 4F Bull R2.5","Kennametal Endmills 4+ Flute (Metric)","bull nose end mill","12","4","26","70","2.5","100","carbide"
"Stainless (Metric)","Kennametal 12mm 4F Bull R4","Kennametal Endmills 4+ Flute (Metric)","bull nose end mill","12","4","26","70","4","100","carbide"
"Stainless (Metric)","Kennametal 16mm 4F Bull R1","Kennametal Endmills 4+ Flute (Metric)","bull nose end mill","16","4","32","85","1","125","carbide"
"Stainless (Metric)","Kennametal 16mm 4F Bull R0.5","Kennametal Endmills 4+ Flute (Metric)","bull nose end mill","16","4","32","85","0.5","125","carbide"
"Stainless (Metric)","Kennametal 16mm 4F Bull R2.5","Kennametal Endmills 4+ Flute (Metric)","bull nose end mill","16","4","32","85","2.5","125","carbide"
"Stainless (Metric)","Kennametal 16mm 4F Bull R4","Kennametal Endmills 4+ Flute (Metric)","bull nose end mill","16","4","32","85","4","125","carbide"
"Stainless (Metric)","Kennametal 16mm 4F Bull R6","Kennametal Endmills 4+ Flute (Metric)","bull nose end mill","16","4","32","85","6","125","carbide"
"Stainless (Metric)","Kennametal 20mm 4F Bull R0.5","Kennametal Endmills 4+ Flute (Metric)","bull nose end mill","20","4","38","75","0.5","125","carbide"
"Stainless (Metric)","Kennametal 20mm 4F Bull R2.5","Kennametal Endmills 4+ Flute (Metric)","bull nose end mill","20","4","38","75","2.5","125","carbide"
"Stainless (Metric)","Kennametal 20mm 4F Bull R1","Kennametal Endmills 4+ Flute (Metric)","bull nose end mill","20","4","38","75","1","125","carbide"
"Stainless (Metric)","Kennametal 20mm 4F Bull R2","Kennametal Endmills 4+ Flute (Metric)","bull nose end mill","20","4","38","75","2","125","carbide"
"Stainless (Metric)","Kennametal 20mm 4F Bull R4","Kennametal Endmills 4+ Flute (Metric)","bull nose end mill","20","4","38","75","4","125","carbide"
"Stainless (Metric)","Kennametal 20mm 4F Bull R3","Kennametal Endmills 4+ Flute (Metric)","bull nose end mill","20","4","38","75","3","125","carbide"
"Stainless (Metric)","Kennametal 20mm 4F Bull R6","Kennametal Endmills 4+ Flute (Metric)","bull nose end mill","20","4","38","75","6","125","carbide"
"Stainless (Metric)","Kennametal 16mm 4F Bull R3","Kennametal Endmills 4+ Flute (Metric)","bull nose end mill","16","4","32","85","3","125","carbide"
"Stainless (Metric)","Kennametal 16mm 4F Bull R2","Kennametal Endmills 4+ Flute (Metric)","bull nose end mill","16","4","32","85","2","125","carbide"
"Stainless (Metric)","Kennametal 25mm 4F Bull R0.5","Kennametal Endmills 4+ Flute (Metric)","bull nose end mill","25","4","45","72.5","0.5","135","carbide"
"Stainless (Metric)","Kennametal 25mm 4F Bull R1","Kennametal Endmills 4+ Flute (Metric)","bull nose end mill","25","4","45","72.5","1","135","carbide"
"Stainless (Metric)","Kennametal 25mm 4F Bull R2","Kennametal Endmills 4+ Flute (Metric)","bull nose end mill","25","4","45","72.5","2","135","carbide"
"Stainless (Metric)","Kennametal 25mm 4F Bull R2.5","Kennametal Endmills 4+ Flute (Metric)","bull nose end mill","25","4","45","72.5","2.5","135","carbide"
"Stainless (Metric)","Kennametal 25mm 4F Bull R4","Kennametal Endmills 4+ Flute (Metric)","bull nose end mill","25","4","45","72.5","4","135","carbide"
"Stainless (Metric)","Kennametal 25mm 4F Bull R6","Kennametal Endmills 4+ Flute (Metric)","bull nose end mill","25","4","45","72.5","6","135","carbide"
"Stainless (Metric)","Kennametal 25mm 4F Bull R3","Kennametal Endmills 4+ Flute (Metric)","bull nose end mill","25","4","45","72.5","3","135","carbide"
"Stainless (Metric)","Kennametal 4mm 4F Bull R0.5","Kennametal Endmills 4+ Flute (Metric)","bull nose end mill","4","4","11","32","0.5","57","carbide"
"Stainless (Metric)","Kennametal 8mm 4F Bull R1","Kennametal Endmills 4+ Flute (Metric)","bull nose end mill","8","4","19","51","1","76","carbide"
"Stainless (Metric)","Kennametal 6mm 4F Bull R0.5","Kennametal Endmills 4+ Flute (Metric)","bull nose end mill","6","4","13","45","0.5","70","carbide"
"Stainless (Metric)","Kennametal 6mm 4F Bull R1","Kennametal Endmills 4+ Flute (Metric)","bull nose end mill","6","4","13","45","1","70","carbide"
"Stainless (Metric)","Kennametal 8mm 4F Bull R0.5","Kennametal Endmills 4+ Flute (Metric)","bull nose end mill","8","4","19","51","0.5","76","carbide"
"Stainless (Metric)","Kennametal 10mm 4F Bull R0.5","Kennametal Endmills 4+ Flute (Metric)","bull nose end mill","10","4","22","75","0.5","100","carbide"
"Stainless (Metric)","Kennametal 10mm 4F Bull R1","Kennametal Endmills 4+ Flute (Metric)","bull nose end mill","10","4","22","75","1","100","carbide"
"Stainless (Metric)","Kennametal 4mm 4F Bull R0.25","Kennametal Endmills 4+ Flute (Metric)","bull nose end mill","4","4","11","32","0.25","57","carbide"
"Stainless (Metric)","Kennametal 10mm 4F Bull R4","Kennametal Endmills 4+ Flute (Metric)","bull nose end mill","10","4","22","75","4","100","carbide"
"Stainless (Metric)","Kennametal 12mm 4F Bull R0.5","Kennametal Endmills 4+ Flute (Metric)","bull nose end mill","12","4","26","70","0.5","100","carbide"
"Stainless (Metric)","Kennametal 12mm 4F Bull R1","Kennametal Endmills 4+ Flute (Metric)","bull nose end mill","12","4","26","70","1","100","carbide"
"Stainless (Metric)","Kennametal 12mm 4F Bull R2.5","Kennametal Endmills 4+ Flute (Metric)","bull nose end mill","12","4","26","70","2.5","100","carbide"
"Stainless (Metric)","Kennametal 12mm 4F Bull R2","Kennametal Endmills 4+ Flute (Metric)","bull nose end mill","12","4","26","70","2","100","carbide"
"Stainless (Metric)","Kennametal 12mm 4F Bull R3","Kennametal Endmills 4+ Flute (Metric)","bull nose end mill","12","4","26","70","3","100","carbide"
"Stainless (Metric)","Kennametal 12mm 4F Bull R4","Kennametal Endmills 4+ Flute (Metric)","bull nose end mill","12","4","26","70","4","100","carbide"
"Stainless (Metric)","Kennametal 10mm 4F Bull R3","Kennametal Endmills 4+ Flute (Metric)","bull nose end mill","10","4","22","75","3","100","carbide"
"Stainless (Metric)","Kennametal 10mm 4F Bull R2.5","Kennametal Endmills 4+ Flute (Metric)","bull nose end mill","10","4","22","75","2.5","100","carbide"
"Stainless (Metric)","Kennametal 10mm 4F Bull R2","Kennametal Endmills 4+ Flute (Metric)","bull nose end mill","10","4","22","75","2","100","carbide"
"Stainless (Metric)","Kennametal 16mm 4F Bull R1","Kennametal Endmills 4+ Flute (Metric)","bull nose end mill","16","4","32","85","1","125","carbide"
"Stainless (Metric)","Kennametal 16mm 4F Bull R0.5","Kennametal Endmills 4+ Flute (Metric)","bull nose end mill","16","4","32","85","0.5","125","carbide"
"Stainless (Metric)","Kennametal 16mm 4F Bull R2","Kennametal Endmills 4+ Flute (Metric)","bull nose end mill","16","4","32","85","2","125","carbide"
"Stainless (Metric)","Kennametal 16mm 4F Bull R4","Kennametal Endmills 4+ Flute (Metric)","bull nose end mill","16","4","32","85","4","125","carbide"
"Stainless (Metric)","Kennametal 16mm 4F Bull R2.5","Kennametal Endmills 4+ Flute (Metric)","bull nose end mill","16","4","32","85","2.5","125","carbide"
"Stainless (Metric)","Kennametal 16mm 4F Bull R6","Kennametal Endmills 4+ Flute (Metric)","bull nose end mill","16","4","32","85","6","125","carbide"
"Stainless (Metric)","Kennametal 16mm 4F Bull R3","Kennametal Endmills 4+ Flute (Metric)","bull nose end mill","16","4","32","85","3","125","carbide"
"Stainless (Metric)","Kennametal 20mm 4F Bull R2.5","Kennametal Endmills 4+ Flute (Metric)","bull nose end mill","20","4","38","75","2.5","125","carbide"
"Stainless (Metric)","Kennametal 20mm 4F Bull R3","Kennametal Endmills 4+ Flute (Metric)","bull nose end mill","20","4","38","75","3","125","carbide"
"Stainless (Metric)","Kennametal 20mm 4F Bull R4","Kennametal Endmills 4+ Flute (Metric)","bull nose end mill","20","4","38","75","4","125","carbide"
"Stainless (Metric)","Kennametal 20mm 4F Bull R6","Kennametal Endmills 4+ Flute (Metric)","bull nose end mill","20","4","38","75","6","125","carbide"
"Stainless (Metric)","Kennametal 20mm 4F Bull R2","Kennametal Endmills 4+ Flute (Metric)","bull nose end mill","20","4","38","75","2","125","carbide"
"Stainless (Metric)","Kennametal 25mm 4F Bull R0.5","Kennametal Endmills 4+ Flute (Metric)","bull nose end mill","25","4","45","72.5","0.5","135","carbide"
"Stainless (Metric)","Kennametal 25mm 4F Bull R2","Kennametal Endmills 4+ Flute (Metric)","bull nose end mill","25","4","45","72.5","2","135","carbide"
"Stainless (Metric)","Kennametal 25mm 4F Bull R1","Kennametal Endmills 4+ Flute (Metric)","bull nose end mill","25","4","45","72.5","1","135","carbide"
"Stainless (Metric)","Kennametal 25mm 4F Bull R3","Kennametal Endmills 4+ Flute (Metric)","bull nose end mill","25","4","45","72.5","3","135","carbide"
"Stainless (Metric)","Kennametal 25mm 4F Bull R4","Kennametal Endmills 4+ Flute (Metric)","bull nose end mill","25","4","45","72.5","4","135","carbide"
"Stainless (Metric)","Kennametal 25mm 4F Bull R2.5","Kennametal Endmills 4+ Flute (Metric)","bull nose end mill","25","4","45","72.5","2.5","135","carbide"
"Stainless (Metric)","Kennametal 25mm 4F Bull R6","Kennametal Endmills 4+ Flute (Metric)","bull nose end mill","25","4","45","72.5","6","135","carbide"
"Stainless (Metric)","Kennametal 20mm 4F Bull R1","Kennametal Endmills 4+ Flute (Metric)","bull nose end mill","20","4","38","75","1","125","carbide"
"Stainless (Metric)","Kennametal 20mm 4F Bull R0.5","Kennametal Endmills 4+ Flute (Metric)","bull nose end mill","20","4","38","75","0.5","125","carbide"
